feature	u	v	sig_level	power	estimated_sample_size
Cytoplasm_AreaShape_Compactness	9	17342	8.54700854700855e-05	0.8	796.167165604314
Cytoplasm_AreaShape_Extent	9	17342	8.54700854700855e-05	0.8	501.335706879138
Cytoplasm_AreaShape_FormFactor	9	17342	8.54700854700855e-05	0.8	359.066202160395
Cytoplasm_AreaShape_MajorAxisLength	9	17342	8.54700854700855e-05	0.8	414.046782803633
Cytoplasm_AreaShape_Perimeter	9	17342	8.54700854700855e-05	0.8	770.524134001481
Cytoplasm_AreaShape_Solidity	9	17342	8.54700854700855e-05	0.8	319.348975542797
Cytoplasm_AreaShape_Zernike_0_0	9	17342	8.54700854700855e-05	0.8	679.114557087825
Cytoplasm_AreaShape_Zernike_1_1	9	17342	8.54700854700855e-05	0.8	9261.67598430978
Cytoplasm_AreaShape_Zernike_2_0	9	17342	8.54700854700855e-05	0.8	411.595901368044
Cytoplasm_AreaShape_Zernike_2_2	9	17342	8.54700854700855e-05	0.8	3752.51013765142
Cytoplasm_AreaShape_Zernike_3_1	9	17342	8.54700854700855e-05	0.8	43731.0473374424
Cytoplasm_AreaShape_Zernike_4_0	9	17342	8.54700854700855e-05	0.8	3707.36211673064
Cytoplasm_AreaShape_Zernike_4_2	9	17342	8.54700854700855e-05	0.8	10167.2510015195
Cytoplasm_AreaShape_Zernike_5_1	9	17342	8.54700854700855e-05	0.8	3269.07756673699
Cytoplasm_AreaShape_Zernike_5_3	9	17342	8.54700854700855e-05	0.8	25190.9710843446
Cytoplasm_AreaShape_Zernike_6_0	9	17342	8.54700854700855e-05	0.8	7203.02669769741
Cytoplasm_AreaShape_Zernike_6_2	9	17342	8.54700854700855e-05	0.8	6971.45889317877
Cytoplasm_AreaShape_Zernike_6_4	9	17342	8.54700854700855e-05	0.8	25390.4407359587
Cytoplasm_AreaShape_Zernike_7_1	9	17342	8.54700854700855e-05	0.8	5398.09690839274
Cytoplasm_AreaShape_Zernike_7_3	9	17342	8.54700854700855e-05	0.8	22843.1966425611
Cytoplasm_AreaShape_Zernike_8_0	9	17342	8.54700854700855e-05	0.8	4361.21796118202
Cytoplasm_AreaShape_Zernike_8_2	9	17342	8.54700854700855e-05	0.8	31000.8809469443
Cytoplasm_AreaShape_Zernike_8_4	9	17342	8.54700854700855e-05	0.8	13147.7398970681
Cytoplasm_AreaShape_Zernike_9_1	9	17342	8.54700854700855e-05	0.8	3971.59095616036
Cytoplasm_AreaShape_Zernike_9_3	9	17342	8.54700854700855e-05	0.8	169585.678907506
Cytoplasm_AreaShape_Zernike_9_5	9	17342	8.54700854700855e-05	0.8	135135.280853672
Cytoplasm_Correlation_Correlation_Actin_ER	9	17342	8.54700854700855e-05	0.8	11887.7918933506
Cytoplasm_Correlation_Correlation_Actin_Golgi	9	17342	8.54700854700855e-05	0.8	274.417227572614
Cytoplasm_Correlation_Correlation_Actin_Hoechst	9	17342	8.54700854700855e-05	0.8	38804.0177388856
Cytoplasm_Correlation_Correlation_Actin_Mitochondria	9	17342	8.54700854700855e-05	0.8	97.4864515008782
Cytoplasm_Correlation_Correlation_ER_Golgi	9	17342	8.54700854700855e-05	0.8	178.350908250994
Cytoplasm_Correlation_Correlation_ER_Hoechst	9	17342	8.54700854700855e-05	0.8	534.83215908207
Cytoplasm_Correlation_Correlation_ER_Mitochondria	9	17342	8.54700854700855e-05	0.8	107.576463881348
Cytoplasm_Correlation_Correlation_Golgi_Hoechst	9	17342	8.54700854700855e-05	0.8	588.665883042111
Cytoplasm_Correlation_Correlation_Golgi_Mitochondria	9	17342	8.54700854700855e-05	0.8	380.433310558823
Cytoplasm_Correlation_Correlation_Hoechst_Mitochondria	9	17342	8.54700854700855e-05	0.8	366.550797953018
Cytoplasm_Correlation_K_Actin_ER	9	17342	8.54700854700855e-05	0.8	71.9467433756739
Cytoplasm_Correlation_K_Actin_Golgi	9	17342	8.54700854700855e-05	0.8	69.9222843894669
Cytoplasm_Correlation_K_Actin_Mitochondria	9	17342	8.54700854700855e-05	0.8	84.285699975002
Cytoplasm_Correlation_K_ER_Actin	9	17342	8.54700854700855e-05	0.8	52.7063358607263
Cytoplasm_Correlation_K_ER_Mitochondria	9	17342	8.54700854700855e-05	0.8	71.091936869694
Cytoplasm_Correlation_K_Golgi_Mitochondria	9	17342	8.54700854700855e-05	0.8	590.83174068036
Cytoplasm_Correlation_K_Mitochondria_ER	9	17342	8.54700854700855e-05	0.8	62.8878669398112
Cytoplasm_Correlation_K_Mitochondria_Golgi	9	17342	8.54700854700855e-05	0.8	1936.91853906517
Cytoplasm_Correlation_Overlap_Actin_Golgi	9	17342	8.54700854700855e-05	0.8	79.9117825620129
Cytoplasm_Correlation_Overlap_ER_Mitochondria	9	17342	8.54700854700855e-05	0.8	2959.6707286737
Cytoplasm_Correlation_Overlap_Golgi_Mitochondria	9	17342	8.54700854700855e-05	0.8	690.960852189894
Cytoplasm_Correlation_RWC_Actin_Golgi	9	17342	8.54700854700855e-05	0.8	3328.72945173248
Cytoplasm_Correlation_RWC_Actin_Mitochondria	9	17342	8.54700854700855e-05	0.8	138.474090003837
Cytoplasm_Correlation_RWC_ER_Actin	9	17342	8.54700854700855e-05	0.8	461.882340829855
Cytoplasm_Correlation_RWC_ER_Hoechst	9	17342	8.54700854700855e-05	0.8	2604.36531488867
Cytoplasm_Correlation_RWC_ER_Mitochondria	9	17342	8.54700854700855e-05	0.8	1762.36006036154
Cytoplasm_Correlation_RWC_Golgi_Actin	9	17342	8.54700854700855e-05	0.8	688.991725595575
Cytoplasm_Correlation_RWC_Hoechst_Actin	9	17342	8.54700854700855e-05	0.8	4671.27328104039
Cytoplasm_Correlation_RWC_Hoechst_ER	9	17342	8.54700854700855e-05	0.8	445.048118579983
Cytoplasm_Correlation_RWC_Hoechst_Golgi	9	17342	8.54700854700855e-05	0.8	7278.801438098
Cytoplasm_Correlation_RWC_Hoechst_Mitochondria	9	17342	8.54700854700855e-05	0.8	486.963703449167
Cytoplasm_Granularity_1_Actin	9	17342	8.54700854700855e-05	0.8	237.557645420491
Cytoplasm_Granularity_1_ER	9	17342	8.54700854700855e-05	0.8	76.9535483060668
Cytoplasm_Granularity_1_Golgi	9	17342	8.54700854700855e-05	0.8	1909.89484764717
Cytoplasm_Granularity_1_Hoechst	9	17342	8.54700854700855e-05	0.8	411.088374112085
Cytoplasm_Granularity_1_Mitochondria	9	17342	8.54700854700855e-05	0.8	106.501817698484
Cytoplasm_Intensity_IntegratedIntensity_Actin	9	17342	8.54700854700855e-05	0.8	94.4828039406856
Cytoplasm_Intensity_IntegratedIntensity_Hoechst	9	17342	8.54700854700855e-05	0.8	650.66908952812
Cytoplasm_Intensity_MassDisplacement_Actin	9	17342	8.54700854700855e-05	0.8	1355.45070135506
Cytoplasm_Intensity_MassDisplacement_ER	9	17342	8.54700854700855e-05	0.8	662.980289679575
Cytoplasm_Intensity_MassDisplacement_Golgi	9	17342	8.54700854700855e-05	0.8	2129.01745421997
Cytoplasm_Intensity_MassDisplacement_Hoechst	9	17342	8.54700854700855e-05	0.8	1229.19749171725
Cytoplasm_Intensity_MassDisplacement_Mitochondria	9	17342	8.54700854700855e-05	0.8	559.18071701244
Cytoplasm_Intensity_StdIntensityEdge_Golgi	9	17342	8.54700854700855e-05	0.8	1456.96671039337
Cytoplasm_Intensity_StdIntensityEdge_Hoechst	9	17342	8.54700854700855e-05	0.8	482.159811183294
Cytoplasm_Intensity_StdIntensityEdge_Mitochondria	9	17342	8.54700854700855e-05	0.8	6411.58541097397
Cytoplasm_Intensity_StdIntensity_Hoechst	9	17342	8.54700854700855e-05	0.8	773.740469836412
Cytoplasm_RadialDistribution_FracAtD_Actin_1of4	9	17342	8.54700854700855e-05	0.8	4618.84235181194
Cytoplasm_RadialDistribution_FracAtD_Actin_4of4	9	17342	8.54700854700855e-05	0.8	1589.37443915347
Cytoplasm_RadialDistribution_FracAtD_ER_1of4	9	17342	8.54700854700855e-05	0.8	810497.379437806
Cytoplasm_RadialDistribution_FracAtD_ER_3of4	9	17342	8.54700854700855e-05	0.8	3060.53215825241
Cytoplasm_RadialDistribution_FracAtD_ER_4of4	9	17342	8.54700854700855e-05	0.8	6472.85365893959
Cytoplasm_RadialDistribution_FracAtD_Hoechst_1of4	9	17342	8.54700854700855e-05	0.8	3691.28491412666
Cytoplasm_RadialDistribution_FracAtD_Hoechst_2of4	9	17342	8.54700854700855e-05	0.8	2642.55618362097
Cytoplasm_RadialDistribution_FracAtD_Mitochondria_1of4	9	17342	8.54700854700855e-05	0.8	13749.4817814074
Cytoplasm_RadialDistribution_FracAtD_Mitochondria_4of4	9	17342	8.54700854700855e-05	0.8	3368.55019799419
Cytoplasm_RadialDistribution_MeanFrac_Actin_1of4	9	17342	8.54700854700855e-05	0.8	36259.906679536
Cytoplasm_RadialDistribution_MeanFrac_Actin_2of4	9	17342	8.54700854700855e-05	0.8	26693.6286312076
Cytoplasm_RadialDistribution_MeanFrac_Actin_3of4	9	17342	8.54700854700855e-05	0.8	26873.5920702323
Cytoplasm_RadialDistribution_MeanFrac_Actin_4of4	9	17342	8.54700854700855e-05	0.8	29622.0818718449
Cytoplasm_RadialDistribution_MeanFrac_ER_1of4	9	17342	8.54700854700855e-05	0.8	6539.40282198777
Cytoplasm_RadialDistribution_MeanFrac_ER_3of4	9	17342	8.54700854700855e-05	0.8	16561.5690332207
Cytoplasm_RadialDistribution_MeanFrac_ER_4of4	9	17342	8.54700854700855e-05	0.8	4532.69663165031
Cytoplasm_RadialDistribution_MeanFrac_Golgi_1of4	9	17342	8.54700854700855e-05	0.8	4136.58727748041
Cytoplasm_RadialDistribution_MeanFrac_Hoechst_1of4	9	17342	8.54700854700855e-05	0.8	8419.85556634413
Cytoplasm_RadialDistribution_MeanFrac_Hoechst_2of4	9	17342	8.54700854700855e-05	0.8	4319.55680522862
Cytoplasm_RadialDistribution_MeanFrac_Hoechst_3of4	9	17342	8.54700854700855e-05	0.8	2567.43373109987
Cytoplasm_RadialDistribution_MeanFrac_Hoechst_4of4	9	17342	8.54700854700855e-05	0.8	2695.49231339511
Cytoplasm_RadialDistribution_MeanFrac_Mitochondria_1of4	9	17342	8.54700854700855e-05	0.8	5245.26482388021
Cytoplasm_RadialDistribution_MeanFrac_Mitochondria_3of4	9	17342	8.54700854700855e-05	0.8	6261.62520448693
Cytoplasm_RadialDistribution_MeanFrac_Mitochondria_4of4	9	17342	8.54700854700855e-05	0.8	2745.81091828806
Cytoplasm_RadialDistribution_RadialCV_Actin_2of4	9	17342	8.54700854700855e-05	0.8	1546.26053154582
Cytoplasm_RadialDistribution_RadialCV_Actin_3of4	9	17342	8.54700854700855e-05	0.8	974.806613825759
Cytoplasm_RadialDistribution_RadialCV_Actin_4of4	9	17342	8.54700854700855e-05	0.8	1349.53583150225
Cytoplasm_RadialDistribution_RadialCV_ER_2of4	9	17342	8.54700854700855e-05	0.8	159.893115279378
Cytoplasm_RadialDistribution_RadialCV_ER_3of4	9	17342	8.54700854700855e-05	0.8	106.746566378386
Cytoplasm_RadialDistribution_RadialCV_ER_4of4	9	17342	8.54700854700855e-05	0.8	114.357089437296
Cytoplasm_RadialDistribution_RadialCV_Golgi_2of4	9	17342	8.54700854700855e-05	0.8	352.143344438166
Cytoplasm_RadialDistribution_RadialCV_Golgi_3of4	9	17342	8.54700854700855e-05	0.8	200.431078310599
Cytoplasm_RadialDistribution_RadialCV_Golgi_4of4	9	17342	8.54700854700855e-05	0.8	506.435840495852
Cytoplasm_RadialDistribution_RadialCV_Hoechst_2of4	9	17342	8.54700854700855e-05	0.8	1953.78539581286
Cytoplasm_RadialDistribution_RadialCV_Hoechst_3of4	9	17342	8.54700854700855e-05	0.8	1527.58014511706
Cytoplasm_RadialDistribution_RadialCV_Hoechst_4of4	9	17342	8.54700854700855e-05	0.8	1832.59898531586
Cytoplasm_RadialDistribution_RadialCV_Mitochondria_2of4	9	17342	8.54700854700855e-05	0.8	109.195916962815
Cytoplasm_RadialDistribution_RadialCV_Mitochondria_3of4	9	17342	8.54700854700855e-05	0.8	75.4704432642831
Cytoplasm_RadialDistribution_RadialCV_Mitochondria_4of4	9	17342	8.54700854700855e-05	0.8	99.1569429926454
Cytoplasm_Texture_AngularSecondMoment_ER_3_03_256	9	17342	8.54700854700855e-05	0.8	70.134912943885
Cytoplasm_Texture_AngularSecondMoment_Golgi_3_01_256	9	17342	8.54700854700855e-05	0.8	137.120756081104
Cytoplasm_Texture_AngularSecondMoment_Mitochondria_3_01_256	9	17342	8.54700854700855e-05	0.8	327.35304442794
Cytoplasm_Texture_AngularSecondMoment_Mitochondria_3_02_256	9	17342	8.54700854700855e-05	0.8	265.412066796825
Cytoplasm_Texture_AngularSecondMoment_Mitochondria_3_03_256	9	17342	8.54700854700855e-05	0.8	323.629577059177
Cytoplasm_Texture_Contrast_Actin_3_00_256	9	17342	8.54700854700855e-05	0.8	146.455723073675
Cytoplasm_Texture_Contrast_ER_3_01_256	9	17342	8.54700854700855e-05	0.8	239.065066000284
Cytoplasm_Texture_Contrast_ER_3_03_256	9	17342	8.54700854700855e-05	0.8	244.275774120168
Cytoplasm_Texture_Contrast_Golgi_3_03_256	9	17342	8.54700854700855e-05	0.8	7425.72675606584
Cytoplasm_Texture_Contrast_Hoechst_3_01_256	9	17342	8.54700854700855e-05	0.8	4249.9165232561
Cytoplasm_Texture_Contrast_Hoechst_3_03_256	9	17342	8.54700854700855e-05	0.8	4083.4764073569
Cytoplasm_Texture_Contrast_Mitochondria_3_00_256	9	17342	8.54700854700855e-05	0.8	8146.72492864703
Cytoplasm_Texture_Contrast_Mitochondria_3_02_256	9	17342	8.54700854700855e-05	0.8	5601.52605998026
Cytoplasm_Texture_Contrast_Mitochondria_3_03_256	9	17342	8.54700854700855e-05	0.8	9205.24201842691
Cytoplasm_Texture_Correlation_Actin_3_00_256	9	17342	8.54700854700855e-05	0.8	165.253538993877
Cytoplasm_Texture_Correlation_Actin_3_01_256	9	17342	8.54700854700855e-05	0.8	224.570936577878
Cytoplasm_Texture_Correlation_Actin_3_02_256	9	17342	8.54700854700855e-05	0.8	155.972515542297
Cytoplasm_Texture_Correlation_Actin_3_03_256	9	17342	8.54700854700855e-05	0.8	212.515649925117
Cytoplasm_Texture_Correlation_ER_3_00_256	9	17342	8.54700854700855e-05	0.8	2603.12518461687
Cytoplasm_Texture_Correlation_ER_3_01_256	9	17342	8.54700854700855e-05	0.8	1894.35621580612
Cytoplasm_Texture_Correlation_ER_3_02_256	9	17342	8.54700854700855e-05	0.8	2463.78971005503
Cytoplasm_Texture_Correlation_ER_3_03_256	9	17342	8.54700854700855e-05	0.8	2010.66001894058
Cytoplasm_Texture_Correlation_Golgi_3_00_256	9	17342	8.54700854700855e-05	0.8	1847.47860929092
Cytoplasm_Texture_Correlation_Golgi_3_01_256	9	17342	8.54700854700855e-05	0.8	1465.48877605636
Cytoplasm_Texture_Correlation_Golgi_3_02_256	9	17342	8.54700854700855e-05	0.8	1740.8461693112
Cytoplasm_Texture_Correlation_Golgi_3_03_256	9	17342	8.54700854700855e-05	0.8	1626.06355424217
Cytoplasm_Texture_Correlation_Hoechst_3_00_256	9	17342	8.54700854700855e-05	0.8	3195.00533945766
Cytoplasm_Texture_Correlation_Hoechst_3_01_256	9	17342	8.54700854700855e-05	0.8	948.502893184926
Cytoplasm_Texture_Correlation_Hoechst_3_02_256	9	17342	8.54700854700855e-05	0.8	2891.13942134181
Cytoplasm_Texture_Correlation_Hoechst_3_03_256	9	17342	8.54700854700855e-05	0.8	819.04752543092
Cytoplasm_Texture_Correlation_Mitochondria_3_00_256	9	17342	8.54700854700855e-05	0.8	895.227104018599
Cytoplasm_Texture_Correlation_Mitochondria_3_01_256	9	17342	8.54700854700855e-05	0.8	755.738998196557
Cytoplasm_Texture_Correlation_Mitochondria_3_02_256	9	17342	8.54700854700855e-05	0.8	840.627243756348
Cytoplasm_Texture_Correlation_Mitochondria_3_03_256	9	17342	8.54700854700855e-05	0.8	783.475981008067
Cytoplasm_Texture_DifferenceEntropy_Actin_3_02_256	9	17342	8.54700854700855e-05	0.8	37.3735907531081
Cytoplasm_Texture_DifferenceEntropy_ER_3_00_256	9	17342	8.54700854700855e-05	0.8	58.5545629711406
Cytoplasm_Texture_DifferenceEntropy_Golgi_3_01_256	9	17342	8.54700854700855e-05	0.8	157.351300232973
Cytoplasm_Texture_DifferenceEntropy_Hoechst_3_02_256	9	17342	8.54700854700855e-05	0.8	275.622664574217
Cytoplasm_Texture_DifferenceEntropy_Mitochondria_3_01_256	9	17342	8.54700854700855e-05	0.8	214.810363247501
Cytoplasm_Texture_DifferenceVariance_Actin_3_01_256	9	17342	8.54700854700855e-05	0.8	31.4315170975365
Cytoplasm_Texture_DifferenceVariance_ER_3_01_256	9	17342	8.54700854700855e-05	0.8	53.0555505855258
Cytoplasm_Texture_DifferenceVariance_Golgi_3_01_256	9	17342	8.54700854700855e-05	0.8	122.647382006939
Cytoplasm_Texture_DifferenceVariance_Hoechst_3_00_256	9	17342	8.54700854700855e-05	0.8	253.213145618245
Cytoplasm_Texture_DifferenceVariance_Mitochondria_3_01_256	9	17342	8.54700854700855e-05	0.8	222.14028440332
Cytoplasm_Texture_InfoMeas1_Actin_3_00_256	9	17342	8.54700854700855e-05	0.8	767.175237902346
Cytoplasm_Texture_InfoMeas1_Actin_3_01_256	9	17342	8.54700854700855e-05	0.8	716.14107473866
Cytoplasm_Texture_InfoMeas1_Actin_3_02_256	9	17342	8.54700854700855e-05	0.8	643.952640007311
Cytoplasm_Texture_InfoMeas1_Actin_3_03_256	9	17342	8.54700854700855e-05	0.8	778.207011200034
Cytoplasm_Texture_InfoMeas1_ER_3_00_256	9	17342	8.54700854700855e-05	0.8	186.128399693946
Cytoplasm_Texture_InfoMeas1_ER_3_01_256	9	17342	8.54700854700855e-05	0.8	220.143597194558
Cytoplasm_Texture_InfoMeas1_ER_3_02_256	9	17342	8.54700854700855e-05	0.8	179.51153777149
Cytoplasm_Texture_InfoMeas1_ER_3_03_256	9	17342	8.54700854700855e-05	0.8	212.471142488118
Cytoplasm_Texture_InfoMeas1_Golgi_3_00_256	9	17342	8.54700854700855e-05	0.8	259.897216350578
Cytoplasm_Texture_InfoMeas1_Golgi_3_01_256	9	17342	8.54700854700855e-05	0.8	319.823025573422
Cytoplasm_Texture_InfoMeas1_Golgi_3_02_256	9	17342	8.54700854700855e-05	0.8	250.190942927304
Cytoplasm_Texture_InfoMeas1_Golgi_3_03_256	9	17342	8.54700854700855e-05	0.8	305.406704002219
Cytoplasm_Texture_InfoMeas1_Hoechst_3_01_256	9	17342	8.54700854700855e-05	0.8	178.766551444773
Cytoplasm_Texture_InfoMeas1_Hoechst_3_03_256	9	17342	8.54700854700855e-05	0.8	176.856498969238
Cytoplasm_Texture_InfoMeas1_Mitochondria_3_00_256	9	17342	8.54700854700855e-05	0.8	192.397693174418
Cytoplasm_Texture_InfoMeas1_Mitochondria_3_01_256	9	17342	8.54700854700855e-05	0.8	236.51539580073
Cytoplasm_Texture_InfoMeas1_Mitochondria_3_02_256	9	17342	8.54700854700855e-05	0.8	184.450064726532
Cytoplasm_Texture_InfoMeas1_Mitochondria_3_03_256	9	17342	8.54700854700855e-05	0.8	227.549660479797
Cytoplasm_Texture_InfoMeas2_Actin_3_00_256	9	17342	8.54700854700855e-05	0.8	73.5737091794587
Cytoplasm_Texture_InfoMeas2_Actin_3_01_256	9	17342	8.54700854700855e-05	0.8	79.4800906868124
Cytoplasm_Texture_InfoMeas2_Actin_3_02_256	9	17342	8.54700854700855e-05	0.8	73.8820488534787
Cytoplasm_Texture_InfoMeas2_Actin_3_03_256	9	17342	8.54700854700855e-05	0.8	77.8650357354475
Cytoplasm_Texture_InfoMeas2_ER_3_00_256	9	17342	8.54700854700855e-05	0.8	540.205713318534
Cytoplasm_Texture_InfoMeas2_ER_3_01_256	9	17342	8.54700854700855e-05	0.8	490.351778678807
Cytoplasm_Texture_InfoMeas2_ER_3_02_256	9	17342	8.54700854700855e-05	0.8	539.293035730432
Cytoplasm_Texture_InfoMeas2_ER_3_03_256	9	17342	8.54700854700855e-05	0.8	577.222530825879
Cytoplasm_Texture_InfoMeas2_Golgi_3_00_256	9	17342	8.54700854700855e-05	0.8	4250.22595692524
Cytoplasm_Texture_InfoMeas2_Golgi_3_01_256	9	17342	8.54700854700855e-05	0.8	2303.85581738005
Cytoplasm_Texture_InfoMeas2_Golgi_3_02_256	9	17342	8.54700854700855e-05	0.8	4437.8813466573
Cytoplasm_Texture_InfoMeas2_Golgi_3_03_256	9	17342	8.54700854700855e-05	0.8	2064.00700804983
Cytoplasm_Texture_InfoMeas2_Hoechst_3_03_256	9	17342	8.54700854700855e-05	0.8	95.1874362582569
Cytoplasm_Texture_InfoMeas2_Mitochondria_3_00_256	9	17342	8.54700854700855e-05	0.8	1055.41961832689
Cytoplasm_Texture_InfoMeas2_Mitochondria_3_01_256	9	17342	8.54700854700855e-05	0.8	793.581086547188
Cytoplasm_Texture_InfoMeas2_Mitochondria_3_02_256	9	17342	8.54700854700855e-05	0.8	1047.98753156914
Cytoplasm_Texture_InfoMeas2_Mitochondria_3_03_256	9	17342	8.54700854700855e-05	0.8	828.926023083061
Cytoplasm_Texture_InverseDifferenceMoment_Actin_3_01_256	9	17342	8.54700854700855e-05	0.8	29.4252240327073
Cytoplasm_Texture_InverseDifferenceMoment_ER_3_01_256	9	17342	8.54700854700855e-05	0.8	49.9330756726789
Cytoplasm_Texture_InverseDifferenceMoment_Golgi_3_01_256	9	17342	8.54700854700855e-05	0.8	102.494635989092
Cytoplasm_Texture_InverseDifferenceMoment_Golgi_3_03_256	9	17342	8.54700854700855e-05	0.8	102.706172111763
Cytoplasm_Texture_InverseDifferenceMoment_Hoechst_3_02_256	9	17342	8.54700854700855e-05	0.8	279.749375852215
Cytoplasm_Texture_InverseDifferenceMoment_Mitochondria_3_00_256	9	17342	8.54700854700855e-05	0.8	107.575599019111
Cytoplasm_Texture_InverseDifferenceMoment_Mitochondria_3_01_256	9	17342	8.54700854700855e-05	0.8	116.720226652849
Cytoplasm_Texture_InverseDifferenceMoment_Mitochondria_3_02_256	9	17342	8.54700854700855e-05	0.8	106.458108933892
Cytoplasm_Texture_InverseDifferenceMoment_Mitochondria_3_03_256	9	17342	8.54700854700855e-05	0.8	118.49857568658
Cytoplasm_Texture_SumEntropy_ER_3_01_256	9	17342	8.54700854700855e-05	0.8	61.9716565217694
Cytoplasm_Texture_SumEntropy_Golgi_3_01_256	9	17342	8.54700854700855e-05	0.8	207.01090658853
Cytoplasm_Texture_SumEntropy_Hoechst_3_01_256	9	17342	8.54700854700855e-05	0.8	98.2684298702729
Cytoplasm_Texture_SumEntropy_Mitochondria_3_01_256	9	17342	8.54700854700855e-05	0.8	569.38416843015
Cytoplasm_Texture_SumVariance_Actin_3_01_256	9	17342	8.54700854700855e-05	0.8	159.113395053851
Cytoplasm_Texture_SumVariance_Golgi_3_02_256	9	17342	8.54700854700855e-05	0.8	3492.17895715238
Cytoplasm_Texture_SumVariance_Hoechst_3_02_256	9	17342	8.54700854700855e-05	0.8	6515.39951646424
Cytoplasm_Texture_SumVariance_Mitochondria_3_01_256	9	17342	8.54700854700855e-05	0.8	14584.0439005121
Cells_AreaShape_BoundingBoxArea	9	17342	8.54700854700855e-05	0.8	362.908120277116
Cells_AreaShape_Compactness	9	17342	8.54700854700855e-05	0.8	3809.43794196466
Cells_AreaShape_Eccentricity	9	17342	8.54700854700855e-05	0.8	73998.6629009958
Cells_AreaShape_Extent	9	17342	8.54700854700855e-05	0.8	5513.40669845622
Cells_AreaShape_FormFactor	9	17342	8.54700854700855e-05	0.8	4187.03288250218
Cells_AreaShape_Orientation	9	17342	8.54700854700855e-05	0.8	739624.016975502
Cells_AreaShape_Solidity	9	17342	8.54700854700855e-05	0.8	1067.55974764886
Cells_AreaShape_Zernike_0_0	9	17342	8.54700854700855e-05	0.8	10600.1548036462
Cells_AreaShape_Zernike_1_1	9	17342	8.54700854700855e-05	0.8	3405089.07406075
Cells_AreaShape_Zernike_2_0	9	17342	8.54700854700855e-05	0.8	2499.07142083968
Cells_AreaShape_Zernike_2_2	9	17342	8.54700854700855e-05	0.8	71161.5247689649
Cells_AreaShape_Zernike_3_1	9	17342	8.54700854700855e-05	0.8	40854.510544506
Cells_AreaShape_Zernike_3_3	9	17342	8.54700854700855e-05	0.8	21813.4836245945
Cells_AreaShape_Zernike_4_0	9	17342	8.54700854700855e-05	0.8	21950.4654548183
Cells_AreaShape_Zernike_4_2	9	17342	8.54700854700855e-05	0.8	17386.3835360812
Cells_AreaShape_Zernike_4_4	9	17342	8.54700854700855e-05	0.8	22570.20200911
Cells_AreaShape_Zernike_5_1	9	17342	8.54700854700855e-05	0.8	427184.391527652
Cells_AreaShape_Zernike_5_3	9	17342	8.54700854700855e-05	0.8	18888.9764566544
Cells_AreaShape_Zernike_5_5	9	17342	8.54700854700855e-05	0.8	13253.1790006129
Cells_AreaShape_Zernike_6_0	9	17342	8.54700854700855e-05	0.8	645371.342255229
Cells_AreaShape_Zernike_6_2	9	17342	8.54700854700855e-05	0.8	18024.4804096375
Cells_AreaShape_Zernike_6_4	9	17342	8.54700854700855e-05	0.8	44064.4815840346
Cells_AreaShape_Zernike_6_6	9	17342	8.54700854700855e-05	0.8	39207.2679707738
Cells_AreaShape_Zernike_7_1	9	17342	8.54700854700855e-05	0.8	1762018.72205867
Cells_AreaShape_Zernike_7_3	9	17342	8.54700854700855e-05	0.8	193057.365468439
Cells_AreaShape_Zernike_7_5	9	17342	8.54700854700855e-05	0.8	35158.1133247056
Cells_AreaShape_Zernike_7_7	9	17342	8.54700854700855e-05	0.8	20993.8076187574
Cells_AreaShape_Zernike_8_0	9	17342	8.54700854700855e-05	0.8	128613.668504684
Cells_AreaShape_Zernike_8_2	9	17342	8.54700854700855e-05	0.8	31290.4330648694
Cells_AreaShape_Zernike_8_4	9	17342	8.54700854700855e-05	0.8	40473.8005235844
Cells_AreaShape_Zernike_8_6	9	17342	8.54700854700855e-05	0.8	30832.153897591
Cells_AreaShape_Zernike_8_8	9	17342	8.54700854700855e-05	0.8	11949.6776269837
Cells_AreaShape_Zernike_9_1	9	17342	8.54700854700855e-05	0.8	126382.55139614
Cells_AreaShape_Zernike_9_3	9	17342	8.54700854700855e-05	0.8	104734.03488704
Cells_AreaShape_Zernike_9_5	9	17342	8.54700854700855e-05	0.8	220738.699488198
Cells_AreaShape_Zernike_9_7	9	17342	8.54700854700855e-05	0.8	14071.6248699546
Cells_AreaShape_Zernike_9_9	9	17342	8.54700854700855e-05	0.8	27974.8353103908
Cells_Correlation_Correlation_Actin_Hoechst	9	17342	8.54700854700855e-05	0.8	5917.03936887561
Cells_Correlation_Correlation_ER_Golgi	9	17342	8.54700854700855e-05	0.8	185.805218852603
Cells_Correlation_Correlation_ER_Hoechst	9	17342	8.54700854700855e-05	0.8	118.591049263296
Cells_Correlation_Correlation_Golgi_Hoechst	9	17342	8.54700854700855e-05	0.8	131.463012463502
Cells_Correlation_Correlation_Hoechst_Mitochondria	9	17342	8.54700854700855e-05	0.8	111.613737650384
Cells_Correlation_K_ER_Hoechst	9	17342	8.54700854700855e-05	0.8	74.1263347968038
Cells_Correlation_K_Hoechst_ER	9	17342	8.54700854700855e-05	0.8	141.425466191395
Cells_Correlation_K_Mitochondria_Actin	9	17342	8.54700854700855e-05	0.8	35.0994899272159
Cells_Correlation_Overlap_Actin_ER	9	17342	8.54700854700855e-05	0.8	479.885349515339
Cells_Correlation_Overlap_Actin_Mitochondria	9	17342	8.54700854700855e-05	0.8	58.7687058618756
Cells_Correlation_Overlap_ER_Hoechst	9	17342	8.54700854700855e-05	0.8	410.371115704709
Cells_Correlation_RWC_Actin_ER	9	17342	8.54700854700855e-05	0.8	85.7950336687585
Cells_Correlation_RWC_ER_Golgi	9	17342	8.54700854700855e-05	0.8	14070.0908735184
Cells_Correlation_RWC_ER_Hoechst	9	17342	8.54700854700855e-05	0.8	263.54931033021
Cells_Correlation_RWC_Golgi_ER	9	17342	8.54700854700855e-05	0.8	122.079870540991
Cells_Correlation_RWC_Golgi_Mitochondria	9	17342	8.54700854700855e-05	0.8	161.759038020452
Cells_Correlation_RWC_Hoechst_Actin	9	17342	8.54700854700855e-05	0.8	174.15478688045
Cells_Correlation_RWC_Hoechst_ER	9	17342	8.54700854700855e-05	0.8	591.765377109689
Cells_Correlation_RWC_Hoechst_Golgi	9	17342	8.54700854700855e-05	0.8	5037.53216041437
Cells_Correlation_RWC_Hoechst_Mitochondria	9	17342	8.54700854700855e-05	0.8	2337.09142804694
Cells_Correlation_RWC_Mitochondria_ER	9	17342	8.54700854700855e-05	0.8	323.730906464872
Cells_Correlation_RWC_Mitochondria_Golgi	9	17342	8.54700854700855e-05	0.8	14143.0486561462
Cells_Granularity_1_Hoechst	9	17342	8.54700854700855e-05	0.8	515.60188461422
Cells_Intensity_IntegratedIntensityEdge_ER	9	17342	8.54700854700855e-05	0.8	53.5121625372978
Cells_Intensity_IntegratedIntensityEdge_Golgi	9	17342	8.54700854700855e-05	0.8	87.9024263646182
Cells_Intensity_IntegratedIntensityEdge_Hoechst	9	17342	8.54700854700855e-05	0.8	212.540749522097
Cells_Intensity_IntegratedIntensity_Hoechst	9	17342	8.54700854700855e-05	0.8	552.641456760768
Cells_Intensity_MassDisplacement_Hoechst	9	17342	8.54700854700855e-05	0.8	4523.53444805004
Cells_Intensity_StdIntensityEdge_Actin	9	17342	8.54700854700855e-05	0.8	61.1615877255825
Cells_Intensity_StdIntensityEdge_Golgi	9	17342	8.54700854700855e-05	0.8	269.588412046481
Cells_Intensity_StdIntensityEdge_Mitochondria	9	17342	8.54700854700855e-05	0.8	613.879759334169
Cells_Neighbors_AngleBetweenNeighbors_Adjacent	9	17342	8.54700854700855e-05	0.8	21086.2626917738
Cells_Neighbors_FirstClosestDistance_Adjacent	9	17342	8.54700854700855e-05	0.8	293.86652140698
Cells_Neighbors_PercentTouching_Adjacent	9	17342	8.54700854700855e-05	0.8	2075.04125381205
Cells_Neighbors_SecondClosestDistance_Adjacent	9	17342	8.54700854700855e-05	0.8	229.904016607296
Cells_RadialDistribution_FracAtD_Actin_1of4	9	17342	8.54700854700855e-05	0.8	14479.0307428847
Cells_RadialDistribution_FracAtD_Actin_3of4	9	17342	8.54700854700855e-05	0.8	3128.56920041303
Cells_RadialDistribution_FracAtD_Actin_4of4	9	17342	8.54700854700855e-05	0.8	4292.62530569256
Cells_RadialDistribution_FracAtD_Golgi_2of4	9	17342	8.54700854700855e-05	0.8	268.166257490624
Cells_RadialDistribution_FracAtD_Golgi_3of4	9	17342	8.54700854700855e-05	0.8	647.05628562388
Cells_RadialDistribution_FracAtD_Golgi_4of4	9	17342	8.54700854700855e-05	0.8	311.384848249628
Cells_RadialDistribution_FracAtD_Hoechst_1of4	9	17342	8.54700854700855e-05	0.8	1067.02748481288
Cells_RadialDistribution_FracAtD_Hoechst_2of4	9	17342	8.54700854700855e-05	0.8	826.522005797724
Cells_RadialDistribution_FracAtD_Hoechst_3of4	9	17342	8.54700854700855e-05	0.8	6421.73450360628
Cells_RadialDistribution_FracAtD_Hoechst_4of4	9	17342	8.54700854700855e-05	0.8	689.867567416329
Cells_RadialDistribution_MeanFrac_Actin_1of4	9	17342	8.54700854700855e-05	0.8	9468.74589420037
Cells_RadialDistribution_MeanFrac_Actin_2of4	9	17342	8.54700854700855e-05	0.8	7092.4660717961
Cells_RadialDistribution_MeanFrac_Actin_3of4	9	17342	8.54700854700855e-05	0.8	8553.7087023059
Cells_RadialDistribution_MeanFrac_Actin_4of4	9	17342	8.54700854700855e-05	0.8	5158.97445796772
Cells_RadialDistribution_MeanFrac_ER_1of4	9	17342	8.54700854700855e-05	0.8	147.422549622944
Cells_RadialDistribution_MeanFrac_ER_2of4	9	17342	8.54700854700855e-05	0.8	133.979393366834
Cells_RadialDistribution_MeanFrac_ER_3of4	9	17342	8.54700854700855e-05	0.8	365.849181599832
Cells_RadialDistribution_MeanFrac_ER_4of4	9	17342	8.54700854700855e-05	0.8	97.640661936838
Cells_RadialDistribution_MeanFrac_Golgi_1of4	9	17342	8.54700854700855e-05	0.8	181.120935956422
Cells_RadialDistribution_MeanFrac_Golgi_3of4	9	17342	8.54700854700855e-05	0.8	1013.58793316189
Cells_RadialDistribution_MeanFrac_Golgi_4of4	9	17342	8.54700854700855e-05	0.8	97.5641685376005
Cells_RadialDistribution_MeanFrac_Hoechst_1of4	9	17342	8.54700854700855e-05	0.8	1456.78669166723
Cells_RadialDistribution_MeanFrac_Hoechst_2of4	9	17342	8.54700854700855e-05	0.8	1500.53575251993
Cells_RadialDistribution_MeanFrac_Hoechst_3of4	9	17342	8.54700854700855e-05	0.8	14095.4485393957
Cells_RadialDistribution_MeanFrac_Hoechst_4of4	9	17342	8.54700854700855e-05	0.8	589.064532949053
Cells_RadialDistribution_MeanFrac_Mitochondria_3of4	9	17342	8.54700854700855e-05	0.8	281.5248841801
Cells_RadialDistribution_RadialCV_Actin_1of4	9	17342	8.54700854700855e-05	0.8	9709.32641269622
Cells_RadialDistribution_RadialCV_Actin_2of4	9	17342	8.54700854700855e-05	0.8	27125.2120606138
Cells_RadialDistribution_RadialCV_Actin_3of4	9	17342	8.54700854700855e-05	0.8	6662.06326455877
Cells_RadialDistribution_RadialCV_Actin_4of4	9	17342	8.54700854700855e-05	0.8	3791.73090150051
Cells_RadialDistribution_RadialCV_ER_1of4	9	17342	8.54700854700855e-05	0.8	493.294654321708
Cells_RadialDistribution_RadialCV_ER_2of4	9	17342	8.54700854700855e-05	0.8	250.612511714189
Cells_RadialDistribution_RadialCV_ER_3of4	9	17342	8.54700854700855e-05	0.8	129.008116138103
Cells_RadialDistribution_RadialCV_ER_4of4	9	17342	8.54700854700855e-05	0.8	149.180476234574
Cells_RadialDistribution_RadialCV_Golgi_1of4	9	17342	8.54700854700855e-05	0.8	175.271223473309
Cells_RadialDistribution_RadialCV_Golgi_2of4	9	17342	8.54700854700855e-05	0.8	100.755225106956
Cells_RadialDistribution_RadialCV_Golgi_3of4	9	17342	8.54700854700855e-05	0.8	126.035273886932
Cells_RadialDistribution_RadialCV_Golgi_4of4	9	17342	8.54700854700855e-05	0.8	1064.0902110151
Cells_RadialDistribution_RadialCV_Hoechst_1of4	9	17342	8.54700854700855e-05	0.8	739.239955289898
Cells_RadialDistribution_RadialCV_Hoechst_2of4	9	17342	8.54700854700855e-05	0.8	319.509011899274
Cells_RadialDistribution_RadialCV_Hoechst_3of4	9	17342	8.54700854700855e-05	0.8	1029.21015305575
Cells_RadialDistribution_RadialCV_Hoechst_4of4	9	17342	8.54700854700855e-05	0.8	1477.20503271064
Cells_RadialDistribution_RadialCV_Mitochondria_1of4	9	17342	8.54700854700855e-05	0.8	222.665728408857
Cells_RadialDistribution_RadialCV_Mitochondria_2of4	9	17342	8.54700854700855e-05	0.8	115.935131482826
Cells_RadialDistribution_RadialCV_Mitochondria_4of4	9	17342	8.54700854700855e-05	0.8	147.907045346325
Cells_Texture_AngularSecondMoment_Hoechst_3_01_256	9	17342	8.54700854700855e-05	0.8	67.4871368930498
Cells_Texture_AngularSecondMoment_Mitochondria_3_01_256	9	17342	8.54700854700855e-05	0.8	288.920973973165
Cells_Texture_Contrast_Hoechst_3_00_256	9	17342	8.54700854700855e-05	0.8	1392.41122908117
Cells_Texture_Contrast_Mitochondria_3_03_256	9	17342	8.54700854700855e-05	0.8	15584.9702516871
Cells_Texture_Correlation_ER_3_00_256	9	17342	8.54700854700855e-05	0.8	773.024470033232
Cells_Texture_Correlation_ER_3_02_256	9	17342	8.54700854700855e-05	0.8	751.666530888432
Cells_Texture_Correlation_Hoechst_3_02_256	9	17342	8.54700854700855e-05	0.8	5448.90277027315
Cells_Texture_Correlation_Mitochondria_3_00_256	9	17342	8.54700854700855e-05	0.8	400.654667420561
Cells_Texture_Correlation_Mitochondria_3_02_256	9	17342	8.54700854700855e-05	0.8	395.132775007793
Cells_Texture_DifferenceVariance_Hoechst_3_02_256	9	17342	8.54700854700855e-05	0.8	369.010666639418
Cells_Texture_InfoMeas1_Actin_3_00_256	9	17342	8.54700854700855e-05	0.8	654.17831228281
Cells_Texture_InfoMeas1_Actin_3_01_256	9	17342	8.54700854700855e-05	0.8	570.35743471837
Cells_Texture_InfoMeas1_Actin_3_02_256	9	17342	8.54700854700855e-05	0.8	528.951671957716
Cells_Texture_InfoMeas1_Actin_3_03_256	9	17342	8.54700854700855e-05	0.8	630.199041870185
Cells_Texture_InfoMeas1_ER_3_01_256	9	17342	8.54700854700855e-05	0.8	125.235179016368
Cells_Texture_InfoMeas1_ER_3_03_256	9	17342	8.54700854700855e-05	0.8	122.754940924616
Cells_Texture_InfoMeas1_Golgi_3_01_256	9	17342	8.54700854700855e-05	0.8	169.566388524114
Cells_Texture_InfoMeas1_Golgi_3_03_256	9	17342	8.54700854700855e-05	0.8	167.44705525771
Cells_Texture_InfoMeas1_Hoechst_3_03_256	9	17342	8.54700854700855e-05	0.8	623.853522251637
Cells_Texture_InfoMeas1_Mitochondria_3_00_256	9	17342	8.54700854700855e-05	0.8	107.822030036531
Cells_Texture_InfoMeas1_Mitochondria_3_01_256	9	17342	8.54700854700855e-05	0.8	115.975248054071
Cells_Texture_InfoMeas1_Mitochondria_3_02_256	9	17342	8.54700854700855e-05	0.8	106.630046033538
Cells_Texture_InfoMeas1_Mitochondria_3_03_256	9	17342	8.54700854700855e-05	0.8	117.291407226353
Cells_Texture_InfoMeas2_ER_3_01_256	9	17342	8.54700854700855e-05	0.8	1676.49528568441
Cells_Texture_InfoMeas2_ER_3_03_256	9	17342	8.54700854700855e-05	0.8	1508.11221205951
Cells_Texture_InfoMeas2_Golgi_3_00_256	9	17342	8.54700854700855e-05	0.8	2765.62043329902
Cells_Texture_InfoMeas2_Hoechst_3_01_256	9	17342	8.54700854700855e-05	0.8	199.780819578095
Cells_Texture_InfoMeas2_Mitochondria_3_00_256	9	17342	8.54700854700855e-05	0.8	752.101215839454
Cells_Texture_InfoMeas2_Mitochondria_3_02_256	9	17342	8.54700854700855e-05	0.8	733.045408114493
Cells_Texture_SumVariance_ER_3_01_256	9	17342	8.54700854700855e-05	0.8	222.76415202935
Cells_Texture_SumVariance_Golgi_3_01_256	9	17342	8.54700854700855e-05	0.8	31001.717175175
Cells_Texture_SumVariance_Hoechst_3_01_256	9	17342	8.54700854700855e-05	0.8	818.320666200838
Cells_Texture_SumVariance_Mitochondria_3_01_256	9	17342	8.54700854700855e-05	0.8	13624.3515889585
Nuclei_AreaShape_Area	9	17342	8.54700854700855e-05	0.8	372.437585925389
Nuclei_AreaShape_Compactness	9	17342	8.54700854700855e-05	0.8	3658.59221989233
Nuclei_AreaShape_Eccentricity	9	17342	8.54700854700855e-05	0.8	13674.5730230525
Nuclei_AreaShape_Extent	9	17342	8.54700854700855e-05	0.8	3364.14430742212
Nuclei_AreaShape_FormFactor	9	17342	8.54700854700855e-05	0.8	2074.14569903991
Nuclei_AreaShape_Orientation	9	17342	8.54700854700855e-05	0.8	70225.2059580596
Nuclei_AreaShape_Solidity	9	17342	8.54700854700855e-05	0.8	3073.32059030712
Nuclei_AreaShape_Zernike_0_0	9	17342	8.54700854700855e-05	0.8	14645.3438935456
Nuclei_AreaShape_Zernike_1_1	9	17342	8.54700854700855e-05	0.8	2518.3158463151
Nuclei_AreaShape_Zernike_2_0	9	17342	8.54700854700855e-05	0.8	55690.0743619387
Nuclei_AreaShape_Zernike_3_1	9	17342	8.54700854700855e-05	0.8	2555.7657973211
Nuclei_AreaShape_Zernike_3_3	9	17342	8.54700854700855e-05	0.8	2856.21916638295
Nuclei_AreaShape_Zernike_4_0	9	17342	8.54700854700855e-05	0.8	12672.6211119124
Nuclei_AreaShape_Zernike_4_2	9	17342	8.54700854700855e-05	0.8	13287.3771672241
Nuclei_AreaShape_Zernike_4_4	9	17342	8.54700854700855e-05	0.8	14511.1373753528
Nuclei_AreaShape_Zernike_5_1	9	17342	8.54700854700855e-05	0.8	4212.39541942666
Nuclei_AreaShape_Zernike_5_3	9	17342	8.54700854700855e-05	0.8	3289.28500222706
Nuclei_AreaShape_Zernike_5_5	9	17342	8.54700854700855e-05	0.8	2082.28586956978
Nuclei_AreaShape_Zernike_6_0	9	17342	8.54700854700855e-05	0.8	16779.9809741854
Nuclei_AreaShape_Zernike_6_2	9	17342	8.54700854700855e-05	0.8	6652.15368857138
Nuclei_AreaShape_Zernike_6_4	9	17342	8.54700854700855e-05	0.8	2228.66991420107
Nuclei_AreaShape_Zernike_6_6	9	17342	8.54700854700855e-05	0.8	2785.37806606763
Nuclei_AreaShape_Zernike_7_1	9	17342	8.54700854700855e-05	0.8	4052.19426064559
Nuclei_AreaShape_Zernike_7_3	9	17342	8.54700854700855e-05	0.8	3461.97125100733
Nuclei_AreaShape_Zernike_7_5	9	17342	8.54700854700855e-05	0.8	4761.3248926839
Nuclei_AreaShape_Zernike_7_7	9	17342	8.54700854700855e-05	0.8	1950.43552728619
Nuclei_AreaShape_Zernike_8_0	9	17342	8.54700854700855e-05	0.8	49270.8691101126
Nuclei_AreaShape_Zernike_8_2	9	17342	8.54700854700855e-05	0.8	10406.6350582049
Nuclei_AreaShape_Zernike_8_4	9	17342	8.54700854700855e-05	0.8	264949.492168005
Nuclei_AreaShape_Zernike_8_6	9	17342	8.54700854700855e-05	0.8	2940.07252259503
Nuclei_AreaShape_Zernike_8_8	9	17342	8.54700854700855e-05	0.8	1960.36959040116
Nuclei_AreaShape_Zernike_9_1	9	17342	8.54700854700855e-05	0.8	5648.74026735513
Nuclei_AreaShape_Zernike_9_3	9	17342	8.54700854700855e-05	0.8	7213.50476229836
Nuclei_AreaShape_Zernike_9_5	9	17342	8.54700854700855e-05	0.8	3693.68668644634
Nuclei_AreaShape_Zernike_9_7	9	17342	8.54700854700855e-05	0.8	4273.70097081892
Nuclei_AreaShape_Zernike_9_9	9	17342	8.54700854700855e-05	0.8	2347.41695100351
Nuclei_Correlation_Correlation_Actin_ER	9	17342	8.54700854700855e-05	0.8	8338.33807221004
Nuclei_Correlation_Correlation_Actin_Golgi	9	17342	8.54700854700855e-05	0.8	237.904759673789
Nuclei_Correlation_Correlation_Actin_Hoechst	9	17342	8.54700854700855e-05	0.8	5391.51916845819
Nuclei_Correlation_Correlation_Actin_Mitochondria	9	17342	8.54700854700855e-05	0.8	99.3066002485926
Nuclei_Correlation_Correlation_ER_Golgi	9	17342	8.54700854700855e-05	0.8	4644.62131165882
Nuclei_Correlation_Correlation_ER_Hoechst	9	17342	8.54700854700855e-05	0.8	3273.56651349938
Nuclei_Correlation_Correlation_ER_Mitochondria	9	17342	8.54700854700855e-05	0.8	819.581878000325
Nuclei_Correlation_Correlation_Golgi_Hoechst	9	17342	8.54700854700855e-05	0.8	142.720253098597
Nuclei_Correlation_Correlation_Golgi_Mitochondria	9	17342	8.54700854700855e-05	0.8	14905.5501126008
Nuclei_Correlation_Correlation_Hoechst_Mitochondria	9	17342	8.54700854700855e-05	0.8	373.818383011833
Nuclei_Correlation_K_Actin_ER	9	17342	8.54700854700855e-05	0.8	60.6914488462276
Nuclei_Correlation_K_ER_Actin	9	17342	8.54700854700855e-05	0.8	52.592634932283
Nuclei_Correlation_K_ER_Hoechst	9	17342	8.54700854700855e-05	0.8	52.2331146376318
Nuclei_Correlation_K_ER_Mitochondria	9	17342	8.54700854700855e-05	0.8	60.1251706069675
Nuclei_Correlation_K_Golgi_Hoechst	9	17342	8.54700854700855e-05	0.8	118.883464079577
Nuclei_Correlation_K_Golgi_Mitochondria	9	17342	8.54700854700855e-05	0.8	396.958192842175
Nuclei_Correlation_K_Hoechst_Actin	9	17342	8.54700854700855e-05	0.8	53.5953207693983
Nuclei_Correlation_K_Hoechst_ER	9	17342	8.54700854700855e-05	0.8	112.371477404377
Nuclei_Correlation_K_Hoechst_Golgi	9	17342	8.54700854700855e-05	0.8	259.229955058436
Nuclei_Correlation_K_Hoechst_Mitochondria	9	17342	8.54700854700855e-05	0.8	765.289727977543
Nuclei_Correlation_K_Mitochondria_ER	9	17342	8.54700854700855e-05	0.8	74.6822394089395
Nuclei_Correlation_K_Mitochondria_Golgi	9	17342	8.54700854700855e-05	0.8	308.297740733798
Nuclei_Correlation_K_Mitochondria_Hoechst	9	17342	8.54700854700855e-05	0.8	247.108879385667
Nuclei_Correlation_Overlap_Actin_ER	9	17342	8.54700854700855e-05	0.8	2915.9860130839
Nuclei_Correlation_Overlap_Actin_Golgi	9	17342	8.54700854700855e-05	0.8	240.883474220516
Nuclei_Correlation_Overlap_Actin_Hoechst	9	17342	8.54700854700855e-05	0.8	1746.11138200649
Nuclei_Correlation_Overlap_Actin_Mitochondria	9	17342	8.54700854700855e-05	0.8	171.348782593912
Nuclei_Correlation_Overlap_ER_Golgi	9	17342	8.54700854700855e-05	0.8	896.488213985278
Nuclei_Correlation_Overlap_ER_Hoechst	9	17342	8.54700854700855e-05	0.8	698.137039748627
Nuclei_Correlation_Overlap_ER_Mitochondria	9	17342	8.54700854700855e-05	0.8	540.593021331552
Nuclei_Correlation_Overlap_Golgi_Hoechst	9	17342	8.54700854700855e-05	0.8	2426.08893061267
Nuclei_Correlation_Overlap_Golgi_Mitochondria	9	17342	8.54700854700855e-05	0.8	2723.77719679797
Nuclei_Correlation_Overlap_Hoechst_Mitochondria	9	17342	8.54700854700855e-05	0.8	5341.99343768486
Nuclei_Correlation_RWC_Actin_ER	9	17342	8.54700854700855e-05	0.8	2593.89177176896
Nuclei_Correlation_RWC_Actin_Golgi	9	17342	8.54700854700855e-05	0.8	332.429975058088
Nuclei_Correlation_RWC_Actin_Hoechst	9	17342	8.54700854700855e-05	0.8	225.680761578999
Nuclei_Correlation_RWC_Actin_Mitochondria	9	17342	8.54700854700855e-05	0.8	1291.16395791855
Nuclei_Correlation_RWC_ER_Actin	9	17342	8.54700854700855e-05	0.8	3259.61290854084
Nuclei_Correlation_RWC_ER_Golgi	9	17342	8.54700854700855e-05	0.8	355.406974496471
Nuclei_Correlation_RWC_ER_Hoechst	9	17342	8.54700854700855e-05	0.8	505.115722116883
Nuclei_Correlation_RWC_ER_Mitochondria	9	17342	8.54700854700855e-05	0.8	3354.67305341315
Nuclei_Correlation_RWC_Golgi_Actin	9	17342	8.54700854700855e-05	0.8	240.072663055809
Nuclei_Correlation_RWC_Golgi_ER	9	17342	8.54700854700855e-05	0.8	296.294284322018
Nuclei_Correlation_RWC_Golgi_Mitochondria	9	17342	8.54700854700855e-05	0.8	1596.46378491885
Nuclei_Correlation_RWC_Hoechst_Golgi	9	17342	8.54700854700855e-05	0.8	2142.90360409413
Nuclei_Correlation_RWC_Hoechst_Mitochondria	9	17342	8.54700854700855e-05	0.8	3098.18822059599
Nuclei_Correlation_RWC_Mitochondria_Actin	9	17342	8.54700854700855e-05	0.8	716.742800223892
Nuclei_Correlation_RWC_Mitochondria_ER	9	17342	8.54700854700855e-05	0.8	2489.47712226096
Nuclei_Correlation_RWC_Mitochondria_Golgi	9	17342	8.54700854700855e-05	0.8	796.485158658095
Nuclei_Granularity_1_Actin	9	17342	8.54700854700855e-05	0.8	328.3874307492
Nuclei_Granularity_1_Golgi	9	17342	8.54700854700855e-05	0.8	77.1553395707325
Nuclei_Granularity_1_Hoechst	9	17342	8.54700854700855e-05	0.8	399.470603038021
Nuclei_Intensity_IntegratedIntensityEdge_Hoechst	9	17342	8.54700854700855e-05	0.8	208.458632719197
Nuclei_Intensity_IntegratedIntensity_Actin	9	17342	8.54700854700855e-05	0.8	82.082293182717
Nuclei_Intensity_IntegratedIntensity_Golgi	9	17342	8.54700854700855e-05	0.8	228.961770139434
Nuclei_Intensity_IntegratedIntensity_Hoechst	9	17342	8.54700854700855e-05	0.8	542.73500412559
Nuclei_Intensity_MassDisplacement_Actin	9	17342	8.54700854700855e-05	0.8	1167.95973904167
Nuclei_Intensity_MassDisplacement_ER	9	17342	8.54700854700855e-05	0.8	890.33191694252
Nuclei_Intensity_MassDisplacement_Golgi	9	17342	8.54700854700855e-05	0.8	4446.9476890664
Nuclei_Intensity_MassDisplacement_Hoechst	9	17342	8.54700854700855e-05	0.8	1906.8704468195
Nuclei_Intensity_MassDisplacement_Mitochondria	9	17342	8.54700854700855e-05	0.8	6706.64867069019
Nuclei_Intensity_MeanIntensityEdge_Hoechst	9	17342	8.54700854700855e-05	0.8	184.921858617256
Nuclei_Intensity_StdIntensityEdge_Actin	9	17342	8.54700854700855e-05	0.8	72.6153933351862
Nuclei_Intensity_StdIntensityEdge_ER	9	17342	8.54700854700855e-05	0.8	137.510533726002
Nuclei_Intensity_StdIntensityEdge_Golgi	9	17342	8.54700854700855e-05	0.8	2115.26586461848
Nuclei_Intensity_StdIntensityEdge_Hoechst	9	17342	8.54700854700855e-05	0.8	1547.31086988822
Nuclei_Intensity_StdIntensityEdge_Mitochondria	9	17342	8.54700854700855e-05	0.8	66418.22378635
Nuclei_Intensity_StdIntensity_Golgi	9	17342	8.54700854700855e-05	0.8	3877.74166675009
Nuclei_Neighbors_FirstClosestDistance_Adjacent	9	17342	8.54700854700855e-05	0.8	611.850445667073
Nuclei_RadialDistribution_FracAtD_Actin_1of4	9	17342	8.54700854700855e-05	0.8	20915.2326297092
Nuclei_RadialDistribution_FracAtD_Actin_2of4	9	17342	8.54700854700855e-05	0.8	31606.4251026512
Nuclei_RadialDistribution_FracAtD_Actin_3of4	9	17342	8.54700854700855e-05	0.8	23666.7875335512
Nuclei_RadialDistribution_FracAtD_Actin_4of4	9	17342	8.54700854700855e-05	0.8	32184.9155444589
Nuclei_RadialDistribution_FracAtD_ER_1of4	9	17342	8.54700854700855e-05	0.8	363.982442097636
Nuclei_RadialDistribution_FracAtD_ER_2of4	9	17342	8.54700854700855e-05	0.8	252.248543811012
Nuclei_RadialDistribution_FracAtD_ER_3of4	9	17342	8.54700854700855e-05	0.8	706.224644332648
Nuclei_RadialDistribution_FracAtD_ER_4of4	9	17342	8.54700854700855e-05	0.8	264.903526292283
Nuclei_RadialDistribution_FracAtD_Golgi_1of4	9	17342	8.54700854700855e-05	0.8	709.171158546044
Nuclei_RadialDistribution_FracAtD_Golgi_2of4	9	17342	8.54700854700855e-05	0.8	363.479636061694
Nuclei_RadialDistribution_FracAtD_Golgi_3of4	9	17342	8.54700854700855e-05	0.8	325.485994403609
Nuclei_RadialDistribution_FracAtD_Hoechst_1of4	9	17342	8.54700854700855e-05	0.8	1048.88458366044
Nuclei_RadialDistribution_FracAtD_Hoechst_2of4	9	17342	8.54700854700855e-05	0.8	951.397507611278
Nuclei_RadialDistribution_FracAtD_Hoechst_3of4	9	17342	8.54700854700855e-05	0.8	5252.54809991965
Nuclei_RadialDistribution_FracAtD_Hoechst_4of4	9	17342	8.54700854700855e-05	0.8	1158.71649091796
Nuclei_RadialDistribution_FracAtD_Mitochondria_3of4	9	17342	8.54700854700855e-05	0.8	1027.02476114089
Nuclei_RadialDistribution_FracAtD_Mitochondria_4of4	9	17342	8.54700854700855e-05	0.8	346.66976392432
Nuclei_RadialDistribution_MeanFrac_Actin_1of4	9	17342	8.54700854700855e-05	0.8	8348.20097313274
Nuclei_RadialDistribution_MeanFrac_Actin_2of4	9	17342	8.54700854700855e-05	0.8	3120.71487126441
Nuclei_RadialDistribution_MeanFrac_Actin_3of4	9	17342	8.54700854700855e-05	0.8	1647.02713046651
Nuclei_RadialDistribution_MeanFrac_Actin_4of4	9	17342	8.54700854700855e-05	0.8	1605.74913776085
Nuclei_RadialDistribution_MeanFrac_ER_1of4	9	17342	8.54700854700855e-05	0.8	293.609356163221
Nuclei_RadialDistribution_MeanFrac_ER_4of4	9	17342	8.54700854700855e-05	0.8	321.871025450212
Nuclei_RadialDistribution_MeanFrac_Golgi_1of4	9	17342	8.54700854700855e-05	0.8	305.310649434183
Nuclei_RadialDistribution_MeanFrac_Golgi_3of4	9	17342	8.54700854700855e-05	0.8	203.501836590462
Nuclei_RadialDistribution_MeanFrac_Golgi_4of4	9	17342	8.54700854700855e-05	0.8	145.891435268809
Nuclei_RadialDistribution_MeanFrac_Hoechst_1of4	9	17342	8.54700854700855e-05	0.8	1244.00683299498
Nuclei_RadialDistribution_MeanFrac_Hoechst_3of4	9	17342	8.54700854700855e-05	0.8	20844.1458216693
Nuclei_RadialDistribution_MeanFrac_Mitochondria_2of4	9	17342	8.54700854700855e-05	0.8	270.581159114031
Nuclei_RadialDistribution_MeanFrac_Mitochondria_3of4	9	17342	8.54700854700855e-05	0.8	1550.33422751155
Nuclei_RadialDistribution_MeanFrac_Mitochondria_4of4	9	17342	8.54700854700855e-05	0.8	275.699812484756
Nuclei_RadialDistribution_RadialCV_Actin_1of4	9	17342	8.54700854700855e-05	0.8	1015.52561237581
Nuclei_RadialDistribution_RadialCV_Actin_2of4	9	17342	8.54700854700855e-05	0.8	10522.4750225002
Nuclei_RadialDistribution_RadialCV_Actin_3of4	9	17342	8.54700854700855e-05	0.8	3782.50785240254
Nuclei_RadialDistribution_RadialCV_Actin_4of4	9	17342	8.54700854700855e-05	0.8	3027.26469797625
Nuclei_RadialDistribution_RadialCV_ER_1of4	9	17342	8.54700854700855e-05	0.8	25267.5859765468
Nuclei_RadialDistribution_RadialCV_ER_2of4	9	17342	8.54700854700855e-05	0.8	3068.12664308165
Nuclei_RadialDistribution_RadialCV_ER_3of4	9	17342	8.54700854700855e-05	0.8	2686.66112854084
Nuclei_RadialDistribution_RadialCV_ER_4of4	9	17342	8.54700854700855e-05	0.8	1926.64342562547
Nuclei_RadialDistribution_RadialCV_Golgi_1of4	9	17342	8.54700854700855e-05	0.8	20908.6009514162
Nuclei_RadialDistribution_RadialCV_Golgi_2of4	9	17342	8.54700854700855e-05	0.8	8712.6692222819
Nuclei_RadialDistribution_RadialCV_Golgi_3of4	9	17342	8.54700854700855e-05	0.8	21464.3442954819
Nuclei_RadialDistribution_RadialCV_Golgi_4of4	9	17342	8.54700854700855e-05	0.8	4068.89212684663
Nuclei_RadialDistribution_RadialCV_Hoechst_1of4	9	17342	8.54700854700855e-05	0.8	985.859240964216
Nuclei_RadialDistribution_RadialCV_Hoechst_2of4	9	17342	8.54700854700855e-05	0.8	525.4585532145
Nuclei_RadialDistribution_RadialCV_Hoechst_3of4	9	17342	8.54700854700855e-05	0.8	1492.37036383755
Nuclei_RadialDistribution_RadialCV_Hoechst_4of4	9	17342	8.54700854700855e-05	0.8	2727.31943148981
Nuclei_RadialDistribution_RadialCV_Mitochondria_1of4	9	17342	8.54700854700855e-05	0.8	6839.6235522652
Nuclei_RadialDistribution_RadialCV_Mitochondria_2of4	9	17342	8.54700854700855e-05	0.8	19089.8526680998
Nuclei_RadialDistribution_RadialCV_Mitochondria_3of4	9	17342	8.54700854700855e-05	0.8	15228.4989908534
Nuclei_RadialDistribution_RadialCV_Mitochondria_4of4	9	17342	8.54700854700855e-05	0.8	974.462662819171
Nuclei_Texture_AngularSecondMoment_Actin_3_01_256	9	17342	8.54700854700855e-05	0.8	32.6061457359235
Nuclei_Texture_AngularSecondMoment_ER_3_01_256	9	17342	8.54700854700855e-05	0.8	58.9955232520752
Nuclei_Texture_AngularSecondMoment_Golgi_3_03_256	9	17342	8.54700854700855e-05	0.8	1884.90808889999
Nuclei_Texture_AngularSecondMoment_Hoechst_3_01_256	9	17342	8.54700854700855e-05	0.8	6167.22472836895
Nuclei_Texture_AngularSecondMoment_Mitochondria_3_01_256	9	17342	8.54700854700855e-05	0.8	576.694464069449
Nuclei_Texture_Contrast_Actin_3_03_256	9	17342	8.54700854700855e-05	0.8	291.238931505541
Nuclei_Texture_Contrast_ER_3_00_256	9	17342	8.54700854700855e-05	0.8	506.095464388626
Nuclei_Texture_Contrast_Golgi_3_03_256	9	17342	8.54700854700855e-05	0.8	704238.895546636
Nuclei_Texture_Contrast_Hoechst_3_02_256	9	17342	8.54700854700855e-05	0.8	5390.21801519946
Nuclei_Texture_Contrast_Mitochondria_3_03_256	9	17342	8.54700854700855e-05	0.8	107862.112434394
Nuclei_Texture_Correlation_Actin_3_00_256	9	17342	8.54700854700855e-05	0.8	55.3084148404275
Nuclei_Texture_Correlation_Actin_3_01_256	9	17342	8.54700854700855e-05	0.8	76.3027405356946
Nuclei_Texture_Correlation_Actin_3_02_256	9	17342	8.54700854700855e-05	0.8	53.9090188379127
Nuclei_Texture_Correlation_Actin_3_03_256	9	17342	8.54700854700855e-05	0.8	73.316900421508
Nuclei_Texture_Correlation_ER_3_00_256	9	17342	8.54700854700855e-05	0.8	182.908521036021
Nuclei_Texture_Correlation_ER_3_01_256	9	17342	8.54700854700855e-05	0.8	276.708530682305
Nuclei_Texture_Correlation_ER_3_02_256	9	17342	8.54700854700855e-05	0.8	182.872846191832
Nuclei_Texture_Correlation_ER_3_03_256	9	17342	8.54700854700855e-05	0.8	277.187770664054
Nuclei_Texture_Correlation_Golgi_3_00_256	9	17342	8.54700854700855e-05	0.8	2262.86359866664
Nuclei_Texture_Correlation_Golgi_3_01_256	9	17342	8.54700854700855e-05	0.8	1823.72202625265
Nuclei_Texture_Correlation_Golgi_3_02_256	9	17342	8.54700854700855e-05	0.8	2185.1038484718
Nuclei_Texture_Correlation_Golgi_3_03_256	9	17342	8.54700854700855e-05	0.8	1459.27395562858
Nuclei_Texture_Correlation_Hoechst_3_00_256	9	17342	8.54700854700855e-05	0.8	541.87959533501
Nuclei_Texture_Correlation_Hoechst_3_01_256	9	17342	8.54700854700855e-05	0.8	511.810232831062
Nuclei_Texture_Correlation_Hoechst_3_02_256	9	17342	8.54700854700855e-05	0.8	501.649566326283
Nuclei_Texture_Correlation_Hoechst_3_03_256	9	17342	8.54700854700855e-05	0.8	484.387393729947
Nuclei_Texture_Correlation_Mitochondria_3_00_256	9	17342	8.54700854700855e-05	0.8	5843.85587861527
Nuclei_Texture_Correlation_Mitochondria_3_01_256	9	17342	8.54700854700855e-05	0.8	5181.342265581
Nuclei_Texture_Correlation_Mitochondria_3_02_256	9	17342	8.54700854700855e-05	0.8	4266.43100745098
Nuclei_Texture_Correlation_Mitochondria_3_03_256	9	17342	8.54700854700855e-05	0.8	4929.31212326055
Nuclei_Texture_DifferenceEntropy_ER_3_00_256	9	17342	8.54700854700855e-05	0.8	75.1352054542996
Nuclei_Texture_DifferenceEntropy_Golgi_3_03_256	9	17342	8.54700854700855e-05	0.8	1819.38856084599
Nuclei_Texture_DifferenceEntropy_Hoechst_3_02_256	9	17342	8.54700854700855e-05	0.8	925.511116981378
Nuclei_Texture_DifferenceEntropy_Mitochondria_3_02_256	9	17342	8.54700854700855e-05	0.8	574.465483442844
Nuclei_Texture_DifferenceVariance_ER_3_01_256	9	17342	8.54700854700855e-05	0.8	48.5270725939598
Nuclei_Texture_DifferenceVariance_Golgi_3_01_256	9	17342	8.54700854700855e-05	0.8	344.058064306223
Nuclei_Texture_DifferenceVariance_Hoechst_3_01_256	9	17342	8.54700854700855e-05	0.8	894.553982444417
Nuclei_Texture_DifferenceVariance_Mitochondria_3_01_256	9	17342	8.54700854700855e-05	0.8	289.521057014237
Nuclei_Texture_Entropy_Hoechst_3_02_256	9	17342	8.54700854700855e-05	0.8	1724.77611411257
Nuclei_Texture_InfoMeas1_Actin_3_00_256	9	17342	8.54700854700855e-05	0.8	99.6954190495747
Nuclei_Texture_InfoMeas1_Actin_3_01_256	9	17342	8.54700854700855e-05	0.8	110.208446357538
Nuclei_Texture_InfoMeas1_Actin_3_02_256	9	17342	8.54700854700855e-05	0.8	96.878434304702
Nuclei_Texture_InfoMeas1_Actin_3_03_256	9	17342	8.54700854700855e-05	0.8	106.650042417049
Nuclei_Texture_InfoMeas1_ER_3_00_256	9	17342	8.54700854700855e-05	0.8	393.035278457189
Nuclei_Texture_InfoMeas1_ER_3_01_256	9	17342	8.54700854700855e-05	0.8	466.19290318707
Nuclei_Texture_InfoMeas1_ER_3_02_256	9	17342	8.54700854700855e-05	0.8	384.796846262911
Nuclei_Texture_InfoMeas1_ER_3_03_256	9	17342	8.54700854700855e-05	0.8	464.731679632681
Nuclei_Texture_InfoMeas1_Golgi_3_00_256	9	17342	8.54700854700855e-05	0.8	2318.36211575136
Nuclei_Texture_InfoMeas1_Golgi_3_02_256	9	17342	8.54700854700855e-05	0.8	1934.02011233726
Nuclei_Texture_InfoMeas1_Hoechst_3_02_256	9	17342	8.54700854700855e-05	0.8	1546.84469130009
Nuclei_Texture_InfoMeas1_Mitochondria_3_00_256	9	17342	8.54700854700855e-05	0.8	2116.48546678761
Nuclei_Texture_InfoMeas1_Mitochondria_3_01_256	9	17342	8.54700854700855e-05	0.8	1638.48490051763
Nuclei_Texture_InfoMeas1_Mitochondria_3_02_256	9	17342	8.54700854700855e-05	0.8	1775.88796124303
Nuclei_Texture_InfoMeas1_Mitochondria_3_03_256	9	17342	8.54700854700855e-05	0.8	1784.80734243423
Nuclei_Texture_InfoMeas2_ER_3_01_256	9	17342	8.54700854700855e-05	0.8	131.796462889551
Nuclei_Texture_InfoMeas2_ER_3_03_256	9	17342	8.54700854700855e-05	0.8	133.670983344444
Nuclei_Texture_InfoMeas2_Hoechst_3_02_256	9	17342	8.54700854700855e-05	0.8	2823.57450750363
Nuclei_Texture_InfoMeas2_Mitochondria_3_01_256	9	17342	8.54700854700855e-05	0.8	23029.0477928304
Nuclei_Texture_InfoMeas2_Mitochondria_3_03_256	9	17342	8.54700854700855e-05	0.8	19440.3872657566
Nuclei_Texture_InverseDifferenceMoment_Golgi_3_01_256	9	17342	8.54700854700855e-05	0.8	2196.65049744015
Nuclei_Texture_InverseDifferenceMoment_Golgi_3_03_256	9	17342	8.54700854700855e-05	0.8	2351.83815381174
Nuclei_Texture_InverseDifferenceMoment_Mitochondria_3_01_256	9	17342	8.54700854700855e-05	0.8	439.840510192513
Nuclei_Texture_InverseDifferenceMoment_Mitochondria_3_03_256	9	17342	8.54700854700855e-05	0.8	466.850601463719
Nuclei_Texture_SumEntropy_ER_3_03_256	9	17342	8.54700854700855e-05	0.8	61.2622532822658
Nuclei_Texture_SumEntropy_Golgi_3_01_256	9	17342	8.54700854700855e-05	0.8	1036.89993611569
Nuclei_Texture_SumEntropy_Mitochondria_3_03_256	9	17342	8.54700854700855e-05	0.8	971.150773185061
Nuclei_Texture_SumVariance_Actin_3_01_256	9	17342	8.54700854700855e-05	0.8	270.00622001622
Nuclei_Texture_SumVariance_ER_3_03_256	9	17342	8.54700854700855e-05	0.8	495.327998068244
Nuclei_Texture_SumVariance_Golgi_3_01_256	9	17342	8.54700854700855e-05	0.8	116165.968338248
Nuclei_Texture_SumVariance_Hoechst_3_01_256	9	17342	8.54700854700855e-05	0.8	3468.92063019544
Nuclei_Texture_SumVariance_Mitochondria_3_03_256	9	17342	8.54700854700855e-05	0.8	26726.8906212366
