feature	r2_score	cell_count_coef	failing_coef	healthy_coef
Cytoplasm_AreaShape_BoundingBoxArea	0.04811766237264081	-0.0011642556465607282	0.25347077895119574	-0.25347077895119574
Cytoplasm_AreaShape_Compactness	0.05447483813287246	-0.00046440120626417726	0.3665963727981899	-0.3665963727981899
Cytoplasm_AreaShape_Eccentricity	0.006923901338260041	-0.0003415236309200311	0.12243627978477156	-0.12243627978477156
Cytoplasm_AreaShape_FormFactor	0.06858228999402072	0.00028446160692732774	-0.3123578280468868	0.3123578280468868
Cytoplasm_AreaShape_MajorAxisLength	0.047931908185381955	-0.0011286511192004627	0.2713463595552422	-0.2713463595552422
Cytoplasm_AreaShape_MaximumRadius	0.024442757241451507	-0.0007274847562934584	0.22301082132756261	-0.22301082132756264
Cytoplasm_AreaShape_MinorAxisLength	0.039049074533455186	-0.0008256216313367459	0.3092483588711607	-0.3092483588711607
Cytoplasm_AreaShape_Orientation	0.0005047418152838157	-0.00010056305675977939	0.03201630369105906	-0.03201630369105906
Cytoplasm_AreaShape_Zernike_0_0	0.006160633490122747	0.0003162064311730083	-0.11258559478662428	0.11258559478662428
Cytoplasm_AreaShape_Zernike_1_1	0.004149844278285686	0.00029441524256777985	-0.08068644007697195	0.08068644007697195
Cytoplasm_AreaShape_Zernike_2_0	0.000793459086603332	-8.292097325880987e-05	0.042390212366098204	-0.042390212366098204
Cytoplasm_AreaShape_Zernike_2_2	0.0029574167472257162	0.0002134373175388882	-0.0787895372692108	0.0787895372692108
Cytoplasm_AreaShape_Zernike_3_1	0.0016671741105332982	0.0001901097092941146	-0.05169280708253747	0.05169280708253748
Cytoplasm_AreaShape_Zernike_3_3	0.003494000871394287	0.0002436452779040405	-0.0793218359930856	0.0793218359930856
Cytoplasm_AreaShape_Zernike_4_0	0.0184104101376249	0.00027046659721686697	-0.17309536655435404	0.17309536655435404
Cytoplasm_AreaShape_Zernike_4_2	0.0004754776041708819	-9.759626670972992e-06	-0.021197402558335108	0.021197402558335108
Cytoplasm_AreaShape_Zernike_4_4	0.0023069382154358165	0.00014523673037818637	-0.07125682868108976	0.07125682868108976
Cytoplasm_AreaShape_Zernike_5_1	0.015808000725468396	0.00044236383793220873	-0.1797481884371716	0.1797481884371716
Cytoplasm_AreaShape_Zernike_5_3	0.00176892811452678	0.00019151281828381727	-0.039940004901370056	0.039940004901370056
Cytoplasm_AreaShape_Zernike_6_0	0.008753843634706882	0.00028132144866055566	-0.12750756926793652	0.12750756926793652
Cytoplasm_AreaShape_Zernike_6_2	0.009247449947746178	0.00017050410441763462	-0.13087742230228347	0.13087742230228347
Cytoplasm_AreaShape_Zernike_6_4	0.0006407311179851272	-9.114052978002466e-05	0.003635096227076102	-0.003635096227076102
Cytoplasm_AreaShape_Zernike_6_6	0.002487624400951516	0.00012285655055778276	-0.07332638403552175	0.07332638403552175
Cytoplasm_AreaShape_Zernike_7_1	0.011770663614913746	0.0004161195868644422	-0.1520968159336786	0.1520968159336786
Cytoplasm_AreaShape_Zernike_7_3	0.005312602444198733	0.00017657853916766078	-0.10596457805211726	0.10596457805211727
Cytoplasm_AreaShape_Zernike_7_5	0.000895606154942552	0.00013896892327616128	-0.02786613573103138	0.027866135731031378
Cytoplasm_AreaShape_Zernike_8_0	0.004079121737235902	0.0002596260952187002	-0.08406228950266253	0.08406228950266255
Cytoplasm_AreaShape_Zernike_8_2	0.008339116669585755	0.00031526887896978336	-0.13407836525832628	0.13407836525832628
Cytoplasm_AreaShape_Zernike_8_4	0.004590012535916288	6.1080141517079e-05	-0.08448390893177947	0.08448390893177947
Cytoplasm_AreaShape_Zernike_8_6	0.0005141723124931774	-9.447878867576773e-05	0.010227835449208496	-0.010227835449208498
Cytoplasm_AreaShape_Zernike_9_1	0.003896549488669576	0.00023135730190175865	-0.09139660208364153	0.09139660208364153
Cytoplasm_AreaShape_Zernike_9_3	0.0030238849164331283	0.0001760456889199158	-0.08149071582433089	0.08149071582433089
Cytoplasm_AreaShape_Zernike_9_5	0.002075837254447599	9.358560566818766e-05	-0.06491427935007238	0.06491427935007238
Cytoplasm_Correlation_Correlation_ER_Hoechst	0.03362553934474877	-0.0008299606755254387	0.13777740680266107	-0.13777740680266107
Cytoplasm_Correlation_Correlation_ER_Mitochondria	0.11623739446307324	-0.0010293569157656134	0.0005781522507232341	-0.0005781522507232341
Cytoplasm_Correlation_Correlation_ER_PM	0.02801484562216916	-0.0008023059049565196	0.05876608629597117	-0.058766086295971166
Cytoplasm_Correlation_Correlation_Hoechst_Mitochondria	0.060874696624905744	-0.0008433332242807788	0.008031707973317018	-0.00803170797331702
Cytoplasm_Correlation_Correlation_Hoechst_PM	0.03097638047547213	-0.00025328508734249745	0.24276399304269175	-0.24276399304269172
Cytoplasm_Correlation_Correlation_Mitochondria_PM	0.04789521092646587	-0.0005137905023995495	-0.16892216990269326	0.1689221699026933
Cytoplasm_Correlation_K_ER_Mitochondria	0.05034378981191823	0.00017018003492320346	0.21138242706187638	-0.21138242706187638
Cytoplasm_Correlation_K_ER_PM	0.006180470125913828	-9.154478098707662e-05	0.11668530847872777	-0.11668530847872775
Cytoplasm_Correlation_K_Hoechst_PM	0.024430907243532585	-0.0006175953785524645	0.13767545863331435	-0.13767545863331435
Cytoplasm_Correlation_K_Mitochondria_PM	0.08030671239706133	-0.00032569343614250075	-0.2556496396531892	0.2556496396531892
Cytoplasm_Correlation_K_PM_Actin	0.36084151389047847	0.0006909892475113846	0.3700314816844754	-0.3700314816844754
Cytoplasm_Correlation_K_PM_ER	0.01977563503258495	0.0001551735241440017	-0.173126473818576	0.173126473818576
Cytoplasm_Correlation_K_PM_Hoechst	0.053713996837323585	0.0009365079612879807	-0.2727754051162172	0.2727754051162172
Cytoplasm_Correlation_K_PM_Mitochondria	0.09547846176461505	0.0003812324540533874	0.20918513980815223	-0.20918513980815226
Cytoplasm_Correlation_Overlap_ER_Mitochondria	0.02996879695641541	-0.0005949972901061429	0.012738536123175395	-0.012738536123175395
Cytoplasm_Correlation_Overlap_ER_PM	0.038346119146087765	-0.0006747239521567142	0.0004224540624266207	-0.0004224540624266207
Cytoplasm_Correlation_Overlap_Hoechst_PM	0.015381673525876605	0.00022872139843343298	0.0692771430223105	-0.0692771430223105
Cytoplasm_Correlation_Overlap_Mitochondria_PM	0.04066039782566366	-0.0002465414187551295	-0.17116706913256274	0.17116706913256277
Cytoplasm_Correlation_RWC_ER_Actin	0.10476962271377144	0.0008540723559999969	0.11899097609195444	-0.11899097609195443
Cytoplasm_Correlation_RWC_ER_PM	0.015806456844152494	0.00013251306106908242	0.1074554243444717	-0.10745542434447171
Cytoplasm_Correlation_RWC_Hoechst_ER	0.006261744885719733	-0.0003628497970421066	0.11975395023015256	-0.11975395023015255
Cytoplasm_Correlation_RWC_Hoechst_Mitochondria	0.01938394097300944	-0.0001399648553491661	0.17487452519481095	-0.17487452519481095
Cytoplasm_Correlation_RWC_Hoechst_PM	0.05434915115794425	0.00033939899348417387	0.15295631272143922	-0.15295631272143922
Cytoplasm_Correlation_RWC_Mitochondria_Actin	0.1159982971843676	0.0006831146020547681	0.20060493070012336	-0.20060493070012336
Cytoplasm_Correlation_RWC_Mitochondria_PM	0.03214002956343709	0.0008054598957143198	-0.25896211803531893	0.25896211803531893
Cytoplasm_Correlation_RWC_PM_ER	0.029375670610325533	0.00021372743788707502	-0.253048817278496	0.253048817278496
Cytoplasm_Correlation_RWC_PM_Hoechst	0.0023874173113698216	2.26644782373107e-05	-0.06260163171867397	0.06260163171867397
Cytoplasm_Correlation_RWC_PM_Mitochondria	0.024117363943672587	0.00016288945492889053	0.123536371348905	-0.12353637134890498
Cytoplasm_Granularity_1_ER	0.00498016755663877	6.420675373666192e-14	-3.186334510006806e-11	3.1863345100068064e-11
Cytoplasm_Granularity_1_Hoechst	0.03829506388910209	-0.000513859369155165	0.307480481490902	-0.307480481490902
Cytoplasm_Granularity_1_Mitochondria	0.007648336759661256	0.0002974036208799058	-0.09335898670842521	0.09335898670842521
Cytoplasm_Granularity_1_PM	0.01660819060244778	0.00016111206336250362	-0.1295258073833632	0.1295258073833632
Cytoplasm_Intensity_IntegratedIntensityEdge_Hoechst	0.08556966443221847	1.0223365182291862e-05	-0.20588583397461896	0.20588583397461896
Cytoplasm_Intensity_IntegratedIntensity_Actin	0.15124570572518936	-0.0002417028699665706	0.25189277983492886	-0.25189277983492886
Cytoplasm_Intensity_IntegratedIntensity_ER	0.05981070840471436	-0.00031315668139117713	-0.0418509336806995	0.0418509336806995
Cytoplasm_Intensity_IntegratedIntensity_Hoechst	0.03448703305316525	-0.00038872206074384424	-0.012731078241489748	0.012731078241489748
Cytoplasm_Intensity_IntegratedIntensity_Mitochondria	0.04255460132305511	-0.0005108111884238436	0.17395323211274225	-0.17395323211274225
Cytoplasm_Intensity_LowerQuartileIntensity_Actin	0.24828855590681587	0.00027647478308945203	0.10685733732657796	-0.10685733732657797
Cytoplasm_Intensity_LowerQuartileIntensity_ER	0.1294586185271478	0.0002740563963301663	-0.38196648494195007	0.38196648494195007
Cytoplasm_Intensity_LowerQuartileIntensity_Mitochondria	0.013234105458476142	0.00018668397364722552	-0.08642817706547327	0.08642817706547327
Cytoplasm_Intensity_MADIntensity_ER	0.17179195006329406	0.00012222490491542687	-0.41458257224634887	0.41458257224634887
Cytoplasm_Intensity_MADIntensity_Hoechst	0.03872010163529194	0.0002508557203465802	-0.27716759568582944	0.27716759568582944
Cytoplasm_Intensity_MADIntensity_Mitochondria	0.03547655193958654	7.63171933339196e-05	-0.14769739303409501	0.14769739303409501
Cytoplasm_Intensity_MADIntensity_PM	0.10895522954265713	-8.766434162159387e-06	-0.2997594354561847	0.2997594354561847
Cytoplasm_Intensity_MassDisplacement_ER	0.01782865331344663	-0.0006326159178793163	0.10385335416181227	-0.10385335416181227
Cytoplasm_Intensity_MassDisplacement_Hoechst	0.0026699176254375567	-0.0001967913013786151	0.00823967585613031	-0.00823967585613031
Cytoplasm_Intensity_MassDisplacement_Mitochondria	0.043066475926583525	-0.0005757831879815824	-0.062466173810956996	0.062466173810956996
Cytoplasm_Intensity_MassDisplacement_PM	0.0148317411164266	-0.0005315586294874266	0.07719853402666803	-0.07719853402666803
Cytoplasm_Intensity_MaxIntensity_ER	0.11028584371274519	-0.00016171234155297517	-0.29373794450298185	0.29373794450298185
Cytoplasm_Intensity_MaxIntensity_Hoechst	0.15456990110140545	0.00033010939688886203	-0.4336149539123785	0.4336149539123784
Cytoplasm_Intensity_MaxIntensity_Mitochondria	0.019452175298017127	-8.279684893599505e-05	-0.10313139032353844	0.10313139032353844
Cytoplasm_Intensity_MaxIntensity_PM	0.12159543956593855	-0.00033923500224017177	-0.25545736260845586	0.2554573626084559
Cytoplasm_Intensity_MinIntensityEdge_Hoechst	0.035450707481300636	9.627842367316972e-05	-0.25511353338895104	0.25511353338895104
Cytoplasm_Intensity_StdIntensityEdge_Hoechst	0.19496554354385875	0.0006160611977287313	-0.548472713174904	0.5484727131749041
Cytoplasm_Intensity_StdIntensity_Hoechst	0.0983947686616814	0.0005395115841622536	-0.40532197234814793	0.405321972348148
Cytoplasm_Intensity_StdIntensity_Mitochondria	0.03875641606975566	-1.4256735437816685e-05	-0.1686929291664128	0.1686929291664128
Cytoplasm_Intensity_StdIntensity_PM	0.11112595459633234	-0.00020900123080336397	-0.27218664551070204	0.27218664551070204
Cytoplasm_Location_MaxIntensity_X_PM	0.0002602347585634046	-2.9503993353757447e-05	0.02277676028543031	-0.02277676028543031
Cytoplasm_RadialDistribution_FracAtD_Hoechst_1of4	0.0019619233012393433	-8.96223560656772e-05	-0.013034695793890192	0.013034695793890192
Cytoplasm_RadialDistribution_FracAtD_Hoechst_2of4	0.0012247890999973476	-0.000100849398475614	-0.0010795408944273635	0.0010795408944273635
Cytoplasm_RadialDistribution_FracAtD_Hoechst_3of4	0.0017060587139208216	-0.0001292769666552448	-0.0009909514103641792	0.0009909514103641792
Cytoplasm_RadialDistribution_FracAtD_Hoechst_4of4	0.0017288801639415707	0.0001251245816512174	0.002359385698548699	-0.002359385698548699
Cytoplasm_RadialDistribution_FracAtD_PM_2of4	0.0018932130486608578	0.00015325900493884514	-0.06293092786839984	0.06293092786839984
Cytoplasm_RadialDistribution_FracAtD_PM_3of4	0.0023442284931115553	0.00018732840852014865	-0.07111574089324048	0.07111574089324048
Cytoplasm_RadialDistribution_FracAtD_PM_4of4	0.002344381456795941	-0.00017801795333709884	0.07139808427643508	-0.0713980842764351
Cytoplasm_RadialDistribution_MeanFrac_ER_4of4	0.0007405427528951458	6.625291750132389e-05	0.009853950252992528	-0.009853950252992528
Cytoplasm_RadialDistribution_MeanFrac_Hoechst_1of4	0.009636991615646573	-0.00035659648761786794	0.042678344022163237	-0.04267834402216324
Cytoplasm_RadialDistribution_MeanFrac_Hoechst_2of4	0.015132057460376824	-0.00046267914632606305	0.057462651714480104	-0.05746265171448011
Cytoplasm_RadialDistribution_MeanFrac_Hoechst_3of4	0.018988548699680363	-0.0005297645374683737	0.04802383990495729	-0.04802383990495729
Cytoplasm_RadialDistribution_MeanFrac_Hoechst_4of4	0.018958045621254693	0.0005872608462520733	-0.13011229116431128	0.13011229116431128
Cytoplasm_RadialDistribution_MeanFrac_Mitochondria_4of4	0.0020717262926482904	-2.9442470531471178e-06	-0.04527055275028477	0.04527055275028478
Cytoplasm_RadialDistribution_MeanFrac_PM_3of4	0.003948858665474675	-8.847533587483593e-05	-0.04264551057153612	0.04264551057153612
Cytoplasm_RadialDistribution_MeanFrac_PM_4of4	0.0011099735792662324	0.00013019859847232548	-0.018385697691713623	0.018385697691713623
Cytoplasm_RadialDistribution_RadialCV_Actin_2of4	0.015936581573058772	2.6374398245633745e-05	0.13798768817200233	-0.13798768817200233
Cytoplasm_RadialDistribution_RadialCV_Actin_3of4	0.004854927292730293	-4.6033612141684824e-06	0.07684228465341864	-0.07684228465341864
Cytoplasm_RadialDistribution_RadialCV_Actin_4of4	0.0009254769832329757	6.227708191526194e-05	-0.040747317569692944	0.040747317569692944
Cytoplasm_RadialDistribution_RadialCV_ER_2of4	0.008548230227027664	-0.00019242682636525616	0.12294984125189992	-0.12294984125189994
Cytoplasm_RadialDistribution_RadialCV_ER_3of4	0.016407801420287638	-0.00047921277730205515	0.1888419275461749	-0.1888419275461749
Cytoplasm_RadialDistribution_RadialCV_ER_4of4	0.02297655927771647	-0.0007436038544312381	0.1524945568138266	-0.1524945568138266
Cytoplasm_RadialDistribution_RadialCV_Hoechst_2of4	0.004500762639911948	5.8564532051520554e-05	-0.07373513157238332	0.07373513157238332
Cytoplasm_RadialDistribution_RadialCV_Hoechst_3of4	0.011188129634174704	8.311201951947057e-05	-0.12060102680868093	0.12060102680868093
Cytoplasm_RadialDistribution_RadialCV_Hoechst_4of4	0.007840120657207406	0.00042874439820257416	-0.09098004453160227	0.09098004453160227
Cytoplasm_RadialDistribution_RadialCV_Mitochondria_2of4	0.033715241954569763	-0.00017455203351373805	-0.14119982512859353	0.14119982512859353
Cytoplasm_RadialDistribution_RadialCV_Mitochondria_3of4	0.06237944469712975	-0.0003621334920729145	-0.16647983259772925	0.16647983259772925
Cytoplasm_RadialDistribution_RadialCV_Mitochondria_4of4	0.1060608192740028	-0.0004085436956680437	-0.25570439534945194	0.25570439534945194
Cytoplasm_RadialDistribution_RadialCV_PM_2of4	0.0018369614985271898	-0.00015485483371020117	0.023186237639889085	-0.023186237639889085
Cytoplasm_RadialDistribution_RadialCV_PM_3of4	0.010143584325582933	-0.00039096335531013177	0.057643395705052114	-0.057643395705052114
Cytoplasm_RadialDistribution_RadialCV_PM_4of4	0.012306077335944465	-0.0004788128217231781	0.07514824763881153	-0.07514824763881153
Cytoplasm_Texture_AngularSecondMoment_ER_3_00_256	0.05133425539088721	-0.00015705628560965304	0.3319834165227038	-0.3319834165227038
Cytoplasm_Texture_AngularSecondMoment_ER_3_01_256	0.04815885087943028	-0.00011328381988664883	0.3150770852403452	-0.3150770852403452
Cytoplasm_Texture_AngularSecondMoment_ER_3_02_256	0.05227192414991644	-0.0001568131442103851	0.33061885428621846	-0.33061885428621846
Cytoplasm_Texture_AngularSecondMoment_ER_3_03_256	0.04305007950834694	-6.839815189992901e-05	0.2907101333282423	-0.2907101333282423
Cytoplasm_Texture_AngularSecondMoment_Hoechst_3_03_256	0.09493715666045077	-0.0004163352317974395	0.45071181373554803	-0.4507118137355481
Cytoplasm_Texture_AngularSecondMoment_Mitochondria_3_00_256	0.008239966901178564	-0.00036422894178284856	0.016799515250701277	-0.016799515250701277
Cytoplasm_Texture_AngularSecondMoment_Mitochondria_3_01_256	0.00792411576928409	-0.0003890282133926655	0.031985360383906855	-0.031985360383906855
Cytoplasm_Texture_AngularSecondMoment_Mitochondria_3_02_256	0.009312142723811645	-0.0003478013328215334	0.0006114834359588811	-0.0006114834359588811
Cytoplasm_Texture_AngularSecondMoment_Mitochondria_3_03_256	0.006020812580382229	-0.0003003503126020514	0.0045189589645622105	-0.0045189589645622105
Cytoplasm_Texture_AngularSecondMoment_PM_3_03_256	0.048889079230987176	-0.0003370145718208592	0.3358023327187771	-0.3358023327187771
Cytoplasm_Texture_Contrast_Actin_3_00_256	0.20291771422428584	0.0002621227099945631	0.09554959840049221	-0.09554959840049221
Cytoplasm_Texture_Contrast_ER_3_00_256	0.12441783005707363	0.00011450295510797189	-0.40890499600167696	0.40890499600167696
Cytoplasm_Texture_Contrast_ER_3_01_256	0.10564910768603741	9.422457505257989e-05	-0.38110293739359913	0.38110293739359913
Cytoplasm_Texture_Contrast_ER_3_02_256	0.11646246260700177	0.0001155331864548312	-0.3731545780467539	0.3731545780467539
Cytoplasm_Texture_Contrast_ER_3_03_256	0.10576215133865541	8.659740443304048e-05	-0.32626700119982066	0.32626700119982066
Cytoplasm_Texture_Contrast_Hoechst_3_00_256	0.06669548619146914	0.0003963070382075977	-0.32664796381542016	0.32664796381542016
Cytoplasm_Texture_Contrast_Hoechst_3_01_256	0.057682207472317226	0.000390099073572056	-0.3084438370542636	0.3084438370542636
Cytoplasm_Texture_Contrast_Hoechst_3_02_256	0.053403558519210415	0.00040001757546825087	-0.2971567167126443	0.2971567167126443
Cytoplasm_Texture_Contrast_Hoechst_3_03_256	0.039487239043193845	0.0003286777220571174	-0.2597242574627092	0.2597242574627092
Cytoplasm_Texture_Contrast_Mitochondria_3_00_256	0.015082346206215291	0.00010967045808374414	-0.1086230127120503	0.10862301271205028
Cytoplasm_Texture_Contrast_Mitochondria_3_01_256	0.008997502872196805	9.814253133107691e-05	-0.09811809888878673	0.09811809888878674
Cytoplasm_Texture_Contrast_Mitochondria_3_02_256	0.007909952521408692	5.1850958210872925e-05	-0.07788406625904093	0.07788406625904093
Cytoplasm_Texture_Contrast_Mitochondria_3_03_256	0.006722877753128853	1.6010676419028395e-05	-0.07164136619639933	0.07164136619639933
Cytoplasm_Texture_Contrast_PM_3_00_256	0.073696160453812	4.5149294031731835e-05	-0.2657127049018865	0.2657127049018865
Cytoplasm_Texture_Contrast_PM_3_01_256	0.060585048974903355	4.55633126465111e-05	-0.25027323248748734	0.25027323248748734
Cytoplasm_Texture_Contrast_PM_3_02_256	0.03487584503293173	-2.3275146881009312e-05	-0.19780119426022996	0.19780119426022996
Cytoplasm_Texture_Contrast_PM_3_03_256	0.03771650458852882	-8.017657309321854e-05	-0.1780636926665911	0.1780636926665911
Cytoplasm_Texture_Correlation_Actin_3_00_256	0.021667547074699978	-2.5207664303611222e-05	0.16352565248662523	-0.16352565248662523
Cytoplasm_Texture_Correlation_Actin_3_01_256	0.0020654054979224457	-8.613191909476819e-06	0.05256331821126067	-0.05256331821126068
Cytoplasm_Texture_Correlation_Actin_3_02_256	0.010392089635968604	0.0001146697299379332	0.0862019219270693	-0.0862019219270693
Cytoplasm_Texture_Correlation_Actin_3_03_256	0.0029482107097754673	0.00013017251928535212	0.023239763685668532	-0.023239763685668532
Cytoplasm_Texture_Correlation_ER_3_00_256	0.01330886196538561	-0.0004581489216785269	-0.003415068308407739	0.003415068308407739
Cytoplasm_Texture_Correlation_ER_3_01_256	0.015980419252098255	-0.0005123831443089291	0.013763570473094486	-0.013763570473094488
Cytoplasm_Texture_Correlation_ER_3_02_256	0.016978317233254825	-0.000396526789633692	-0.05218398439356349	0.0521839843935635
Cytoplasm_Texture_Correlation_ER_3_03_256	0.013716342665335612	-0.0003823732304913776	-0.026614517583242847	0.026614517583242847
Cytoplasm_Texture_Correlation_Hoechst_3_00_256	0.00023581801861871643	-4.9109181289977686e-05	-0.0036109302797602237	0.003610930279760224
Cytoplasm_Texture_Correlation_Hoechst_3_01_256	0.0015432477248088494	-0.00010713539088425449	-0.01458175177664137	0.014581751776641368
Cytoplasm_Texture_Correlation_Hoechst_3_02_256	0.0009873901385692996	1.2139102826678884e-05	-0.041177340545867795	0.0411773405458678
Cytoplasm_Texture_Correlation_Hoechst_3_03_256	0.0025682354752116776	3.3144524493468974e-05	-0.06788369721074287	0.06788369721074287
Cytoplasm_Texture_Correlation_Mitochondria_3_00_256	0.018148033141059505	-0.00044698436601926165	-0.02166518969924608	0.02166518969924608
Cytoplasm_Texture_Correlation_Mitochondria_3_01_256	0.019784629320496516	-0.0005619216433903794	0.02355143183437678	-0.023551431834376784
Cytoplasm_Texture_Correlation_Mitochondria_3_02_256	0.0189773291741806	-0.0003956238137310526	-0.04829638821906369	0.04829638821906369
Cytoplasm_Texture_Correlation_Mitochondria_3_03_256	0.013678142362210988	-0.00035624977270600383	-0.031954626474681766	0.031954626474681766
Cytoplasm_Texture_Correlation_PM_3_00_256	0.011675291226418638	-0.0005787318997014867	0.10798862055961725	-0.10798862055961725
Cytoplasm_Texture_Correlation_PM_3_01_256	0.013550416439912394	-0.0006018878303324259	0.13149678519306787	-0.13149678519306787
Cytoplasm_Texture_Correlation_PM_3_02_256	0.011813457457839793	-0.0005701509738914351	0.08920739258960067	-0.08920739258960067
Cytoplasm_Texture_Correlation_PM_3_03_256	0.01099078198211556	-0.0005247919127832879	0.09500321358211192	-0.09500321358211192
Cytoplasm_Texture_DifferenceEntropy_ER_3_00_256	0.1740699687339995	0.00019263671717235814	-0.4900162588321627	0.49001625883216277
Cytoplasm_Texture_DifferenceEntropy_Hoechst_3_02_256	0.08070067743390785	0.0006043107149148113	-0.4418306269664998	0.44183062696649983
Cytoplasm_Texture_DifferenceEntropy_Mitochondria_3_00_256	0.044926267979077616	0.0002384346500644996	-0.23724282732716917	0.23724282732716917
Cytoplasm_Texture_DifferenceEntropy_Mitochondria_3_01_256	0.04367377529711558	0.0002361789680457846	-0.23967546405533502	0.23967546405533505
Cytoplasm_Texture_DifferenceEntropy_Mitochondria_3_02_256	0.02679920386461976	0.00015992630298893948	-0.1795005634657268	0.1795005634657268
Cytoplasm_Texture_DifferenceEntropy_Mitochondria_3_03_256	0.03399729931962814	9.298263053023452e-05	-0.188123805536776	0.188123805536776
Cytoplasm_Texture_DifferenceEntropy_PM_3_00_256	0.1485020724462991	0.00015514726292209936	-0.4386975108126351	0.438697510812635
Cytoplasm_Texture_DifferenceEntropy_PM_3_02_256	0.1255060179723384	0.0001163936636920236	-0.3889432887895744	0.3889432887895744
Cytoplasm_Texture_DifferenceEntropy_PM_3_03_256	0.12632368827161777	3.104833103106831e-05	-0.3686091875600489	0.3686091875600489
Cytoplasm_Texture_DifferenceVariance_Actin_3_01_256	0.26184641450382096	-0.0003355913789482099	-0.43851694515423845	0.4385169451542385
Cytoplasm_Texture_DifferenceVariance_ER_3_01_256	0.07581008268583944	0.0002591515964436652	0.3043168414073107	-0.3043168414073107
Cytoplasm_Texture_DifferenceVariance_ER_3_03_256	0.07419574702877696	0.0003107427231568229	0.29363270232452543	-0.2936327023245255
Cytoplasm_Texture_DifferenceVariance_Hoechst_3_02_256	0.20418485523133045	-0.0006919641883988273	0.6883985763825611	-0.6883985763825611
Cytoplasm_Texture_DifferenceVariance_Mitochondria_3_00_256	0.014194220536710267	9.462025774021315e-06	0.1437990128348423	-0.1437990128348423
Cytoplasm_Texture_DifferenceVariance_Mitochondria_3_01_256	0.013428894117413659	-3.597863994420718e-05	0.15361808531794954	-0.15361808531794954
Cytoplasm_Texture_DifferenceVariance_Mitochondria_3_02_256	0.011672209759757357	3.0791492435709204e-05	0.1254094636032344	-0.1254094636032344
Cytoplasm_Texture_DifferenceVariance_Mitochondria_3_03_256	0.012784394857517811	7.32078071765215e-05	0.12604844982355418	-0.12604844982355418
Cytoplasm_Texture_DifferenceVariance_PM_3_03_256	0.13069142998113248	0.00040080229606142084	0.34399522287614837	-0.34399522287614837
Cytoplasm_Texture_InfoMeas1_ER_3_00_256	0.035398338169675636	0.0010282713382481572	-0.2633635049100679	0.2633635049100679
Cytoplasm_Texture_InfoMeas1_ER_3_01_256	0.03714161595248644	0.00103479547733416	-0.2106573289418735	0.21065732894187353
Cytoplasm_Texture_InfoMeas1_ER_3_02_256	0.031524100994380966	0.0009449302348548527	-0.17261264782533	0.17261264782533
Cytoplasm_Texture_InfoMeas1_ER_3_03_256	0.025009445415806852	0.0008325983795317196	-0.16561633341318657	0.16561633341318657
Cytoplasm_Texture_InfoMeas1_Hoechst_3_00_256	0.008130273372611407	0.00034676080311741794	-0.0046473938686587704	0.0046473938686587704
Cytoplasm_Texture_InfoMeas1_Hoechst_3_01_256	0.02944635857245481	0.00027541145772972666	0.14280151044105047	-0.14280151044105047
Cytoplasm_Texture_InfoMeas1_Hoechst_3_02_256	0.011246283031343007	0.00026908362509039013	0.05150426155696673	-0.05150426155696673
Cytoplasm_Texture_InfoMeas1_Hoechst_3_03_256	0.02955003396800404	0.00019316722088904585	0.16829122636372895	-0.16829122636372898
Cytoplasm_Texture_InfoMeas1_Mitochondria_3_00_256	0.040366443311302236	0.0008077474076169551	-0.011998561031030797	0.011998561031030797
Cytoplasm_Texture_InfoMeas1_Mitochondria_3_01_256	0.041454763419905616	0.0008149502369598096	-0.003931642029678102	0.003931642029678102
Cytoplasm_Texture_InfoMeas1_Mitochondria_3_02_256	0.046702501189285206	0.0006644641502472745	0.07833947936409597	-0.07833947936409597
Cytoplasm_Texture_InfoMeas1_Mitochondria_3_03_256	0.036399605438686033	0.0005980264262334718	0.058449906927494896	-0.0584499069274949
Cytoplasm_Texture_InfoMeas1_PM_3_00_256	0.05297358707796085	0.0011261418416972054	-0.3435034717744692	0.3435034717744692
Cytoplasm_Texture_InfoMeas1_PM_3_01_256	0.04436005177728275	0.001079572443673905	-0.31324490977059966	0.31324490977059966
Cytoplasm_Texture_InfoMeas1_PM_3_02_256	0.0449911326543323	0.0010959059557892777	-0.2767571930554354	0.2767571930554354
Cytoplasm_Texture_InfoMeas1_PM_3_03_256	0.03875693380371348	0.001008175291427894	-0.2565253697395189	0.25652536973951895
Cytoplasm_Texture_InfoMeas2_ER_3_00_256	0.023054385903851782	-0.0005920763318592487	-0.03437049263870876	0.03437049263870876
Cytoplasm_Texture_InfoMeas2_ER_3_01_256	0.03565915145177012	-0.0007593520155598709	-0.030357715073411867	0.030357715073411864
Cytoplasm_Texture_InfoMeas2_ER_3_02_256	0.028494922822766777	-0.0005495529676269353	-0.0773750882324436	0.07737508823244361
Cytoplasm_Texture_InfoMeas2_ER_3_03_256	0.03156078947646623	-0.0006391036488596465	-0.05174839193337043	0.05174839193337043
Cytoplasm_Texture_InfoMeas2_Hoechst_3_00_256	0.13316992461325938	0.0005109845649833236	-0.5326968619100781	0.5326968619100781
Cytoplasm_Texture_InfoMeas2_Hoechst_3_01_256	0.1301903492331713	0.00033999834825085225	-0.5198395493095472	0.5198395493095473
Cytoplasm_Texture_InfoMeas2_Hoechst_3_02_256	0.13929626700470377	0.0005200023324693679	-0.5477704497257639	0.5477704497257639
Cytoplasm_Texture_InfoMeas2_Hoechst_3_03_256	0.13046457447302962	0.00038647230988547504	-0.5298062203611783	0.5298062203611784
Cytoplasm_Texture_InfoMeas2_Mitochondria_3_00_256	0.017834044166860075	-0.00038624116678629826	-0.05511905527411107	0.05511905527411107
Cytoplasm_Texture_InfoMeas2_Mitochondria_3_01_256	0.029938511505433918	-0.0005653309571715626	-0.039474863882198785	0.03947486388219879
Cytoplasm_Texture_InfoMeas2_Mitochondria_3_02_256	0.02180961740564913	-0.00035794693793821423	-0.0839551513383808	0.0839551513383808
Cytoplasm_Texture_InfoMeas2_Mitochondria_3_03_256	0.02597623729863363	-0.00041555131964269784	-0.07863718295265916	0.07863718295265916
Cytoplasm_Texture_InfoMeas2_PM_3_00_256	0.025017954542728815	-0.0007179064487966645	0.05076578842957985	-0.05076578842957986
Cytoplasm_Texture_InfoMeas2_PM_3_01_256	0.03212298226557386	-0.0007895231702943851	0.05766792506550793	-0.05766792506550793
Cytoplasm_Texture_InfoMeas2_PM_3_02_256	0.02597207578069083	-0.0006577769711350051	0.016208747841139487	-0.016208747841139487
Cytoplasm_Texture_InfoMeas2_PM_3_03_256	0.03159031424995884	-0.0007227146335352104	0.02260096154303938	-0.02260096154303938
Cytoplasm_Texture_InverseDifferenceMoment_Actin_3_02_256	0.2456553202413131	-0.0004907208616686176	-0.33955191292414616	0.33955191292414616
Cytoplasm_Texture_InverseDifferenceMoment_ER_3_00_256	0.2007359836246646	-0.0002910581005671752	0.5280335308886157	-0.5280335308886157
Cytoplasm_Texture_InverseDifferenceMoment_ER_3_01_256	0.18949336402833872	-0.00026896023802792067	0.5177953437438536	-0.5177953437438537
Cytoplasm_Texture_InverseDifferenceMoment_ER_3_02_256	0.17939440339300383	-0.0002575922120119952	0.48139349801921094	-0.48139349801921094
Cytoplasm_Texture_InverseDifferenceMoment_ER_3_03_256	0.1748922225716224	-0.0001806703821315055	0.4614751568327804	-0.46147515683278034
Cytoplasm_Texture_InverseDifferenceMoment_Hoechst_3_02_256	0.035314422188519434	-0.0003606988420598832	0.2977414551260076	-0.2977414551260076
Cytoplasm_Texture_InverseDifferenceMoment_Mitochondria_3_00_256	0.03955122312985204	-0.00039480936545830287	0.23892544168152502	-0.23892544168152505
Cytoplasm_Texture_InverseDifferenceMoment_Mitochondria_3_01_256	0.04046624738255611	-0.00044740104065666976	0.2571586724189307	-0.25715867241893076
Cytoplasm_Texture_InverseDifferenceMoment_Mitochondria_3_02_256	0.01941489556537568	-0.0003298902985263284	0.1698306860024592	-0.1698306860024592
Cytoplasm_Texture_InverseDifferenceMoment_Mitochondria_3_03_256	0.022782296834966798	-0.00026945143017151454	0.183077364558133	-0.183077364558133
Cytoplasm_Texture_InverseDifferenceMoment_PM_3_00_256	0.14278817137130595	-0.00027208088617418694	0.45916881284511224	-0.45916881284511224
Cytoplasm_Texture_InverseDifferenceMoment_PM_3_01_256	0.1417857271002323	-0.00030327153098160285	0.4652229021484271	-0.46522290214842715
Cytoplasm_Texture_InverseDifferenceMoment_PM_3_02_256	0.11403746828650241	-0.00025453808219452756	0.4028084690335766	-0.4028084690335766
Cytoplasm_Texture_InverseDifferenceMoment_PM_3_03_256	0.11533431080640888	-0.00020766426885119988	0.39451585244980125	-0.39451585244980125
Cytoplasm_Texture_SumEntropy_ER_3_03_256	0.12353258913219156	-4.489026981195187e-05	-0.35803451977466694	0.35803451977466694
Cytoplasm_Texture_SumEntropy_PM_3_03_256	0.09977185901611663	-4.352843496890831e-05	-0.30897420780204277	0.30897420780204277
Cytoplasm_Texture_SumVariance_ER_3_01_256	0.1030674986921225	-5.4400938076211756e-05	-0.30367949823423324	0.30367949823423324
Cytoplasm_Texture_SumVariance_Hoechst_3_00_256	0.02174686660395775	0.00019128584183052401	-0.1905833446939465	0.19058334469394653
Cytoplasm_Texture_SumVariance_Mitochondria_3_03_256	0.006785386005608407	4.8715959341526565e-05	-0.08210252927372191	0.08210252927372193
Cytoplasm_Texture_SumVariance_PM_3_01_256	0.04075206016743593	-8.708038354708915e-05	-0.16197178368086904	0.16197178368086904
Cells_AreaShape_Area	0.05610385973608345	-0.0011145604475685268	0.33223618272542793	-0.33223618272542793
Cells_AreaShape_Compactness	0.03883964760713887	-0.0006941187715203352	0.3552311266799637	-0.3552311266799637
Cells_AreaShape_Extent	0.011311996240335853	0.0004481199160618119	-0.17649980416340819	0.17649980416340819
Cells_AreaShape_FormFactor	0.052936554519505186	0.00040166821802179	-0.34901344346845214	0.34901344346845214
Cells_AreaShape_MedianRadius	0.01002076669300056	-0.00043817656451135213	0.08883800505614645	-0.08883800505614645
Cells_AreaShape_Orientation	0.00043181365366307123	-7.041719869126108e-05	0.032494719704523646	-0.032494719704523646
Cells_AreaShape_Solidity	0.022168954829931642	0.0005241718601780002	-0.24457906481559072	0.24457906481559075
Cells_AreaShape_Zernike_0_0	0.015596275488913625	0.0005381588029087872	-0.20486521433984173	0.20486521433984173
Cells_AreaShape_Zernike_1_1	0.006817722877768051	0.00037905397397730486	-0.10303430837637143	0.10303430837637143
Cells_AreaShape_Zernike_2_0	0.01146077838395354	0.0004900624103651781	-0.07907076320376064	0.07907076320376064
Cells_AreaShape_Zernike_2_2	0.0033648737821585506	0.0002603368966518248	-0.08657734154815265	0.08657734154815266
Cells_AreaShape_Zernike_3_1	0.0014689884896575967	6.39338879136509e-05	0.024440367992516948	-0.024440367992516948
Cells_AreaShape_Zernike_3_3	0.003981858551426742	0.0002743660316422516	-0.07877667257077921	0.07877667257077921
Cells_AreaShape_Zernike_4_0	0.0017323909341780963	-0.00015447892210954353	0.06463258962361279	-0.06463258962361279
Cells_AreaShape_Zernike_4_2	0.0017579360855488613	4.920951691978883e-05	0.0335608947189959	-0.0335608947189959
Cells_AreaShape_Zernike_4_4	0.0014406231123063051	0.00015708357287362817	-0.05328818651296509	0.05328818651296508
Cells_AreaShape_Zernike_5_1	0.0005836510357163371	-5.222168485459306e-05	0.03597200083404894	-0.03597200083404894
Cells_AreaShape_Zernike_5_3	0.0008534864314304613	0.00012551785268960172	-0.017200436266774196	0.017200436266774196
Cells_AreaShape_Zernike_5_5	0.005857850203438542	0.00031255147738206795	-0.10588320765598605	0.10588320765598605
Cells_AreaShape_Zernike_6_0	0.00023946136668251405	-2.6439077120052456e-05	0.021787495604047958	-0.021787495604047958
Cells_AreaShape_Zernike_6_2	0.0010369578435724947	5.682097131844631e-06	0.034722834542660765	-0.034722834542660765
Cells_AreaShape_Zernike_6_4	0.0013977441191073137	-0.0001718484511808894	0.046188072612662806	-0.04618807261266281
Cells_AreaShape_Zernike_6_6	0.0018884117281916524	0.00015764869479267525	-0.06473435408336807	0.06473435408336807
Cells_AreaShape_Zernike_7_1	0.00011730549902644327	4.87666359380616e-05	-0.007351228297201959	0.007351228297201959
Cells_AreaShape_Zernike_7_3	0.0002730124599872319	4.1808097633899226e-05	0.005629353733190866	-0.005629353733190866
Cells_AreaShape_Zernike_7_5	0.00032803635069977854	7.738075936530128e-05	-0.009448834479800373	0.009448834479800373
Cells_AreaShape_Zernike_7_7	0.0028217986643366277	0.00021853773594443664	-0.07325900723113074	0.07325900723113074
Cells_AreaShape_Zernike_8_0	0.00048467447479982884	-9.547665600201225e-05	0.031495615117336305	-0.031495615117336305
Cells_AreaShape_Zernike_8_2	8.25907445204388e-05	1.6312496061394643e-06	0.009603653791767305	-0.009603653791767305
Cells_AreaShape_Zernike_8_4	0.001164688741492781	-4.31145224425332e-05	0.04599092118448862	-0.04599092118448862
Cells_AreaShape_Zernike_8_6	0.0004648631280133042	-9.606083262260179e-05	0.029087544435875842	-0.029087544435875846
Cells_AreaShape_Zernike_8_8	0.00497180966488564	0.00010593382970133806	-0.09623522352077138	0.09623522352077138
Cells_AreaShape_Zernike_9_1	0.0010877658973037496	6.291591896099246e-05	0.01994318853958653	-0.01994318853958653
Cells_AreaShape_Zernike_9_3	0.0006144596125853274	2.7637845912065225e-05	0.020497036814993933	-0.020497036814993933
Cells_AreaShape_Zernike_9_5	0.0007463694684025635	5.8839606171676016e-05	0.012808319550559992	-0.012808319550559992
Cells_AreaShape_Zernike_9_7	0.0009444249643084657	7.593860239634216e-05	0.011221449470069245	-0.011221449470069245
Cells_AreaShape_Zernike_9_9	0.004901172917479157	0.000295346120430298	-0.09545558031618712	0.09545558031618712
Cells_Correlation_Correlation_ER_Hoechst	0.038677150865308985	-0.0007978543993604586	0.05791612208435741	-0.05791612208435741
Cells_Correlation_Correlation_ER_PM	0.08120002127418202	-0.0008628085125656079	-0.09811430524359754	0.09811430524359754
Cells_Correlation_Correlation_Hoechst_Mitochondria	0.10877110596257811	-0.0007333485283290351	-0.15947385210356319	0.15947385210356319
Cells_Correlation_Correlation_Hoechst_PM	0.11238310987112854	-9.501967741896766e-05	0.34135874806761396	-0.34135874806761396
Cells_Correlation_Correlation_Mitochondria_PM	0.1604366926482903	-0.0007103733172824212	-0.3194368727350358	0.3194368727350358
Cells_Correlation_K_ER_PM	0.02524522940787377	-6.119242302176805e-05	0.22809114873996722	-0.22809114873996725
Cells_Correlation_K_Mitochondria_Actin	0.38046016056574883	0.0005947634311819373	0.4088624652684909	-0.4088624652684909
Cells_Correlation_K_Mitochondria_ER	0.09013426436875771	-0.000261909915772302	-0.271469605979182	0.271469605979182
Cells_Correlation_K_PM_Mitochondria	0.006652639675759686	0.00030714029801200517	-0.037168842964810746	0.037168842964810746
Cells_Correlation_Overlap_ER_PM	0.08593647591049747	-0.00021498492526077445	-0.3374777990331701	0.3374777990331701
Cells_Correlation_Overlap_Hoechst_PM	0.029824875093585	-3.559347228356586e-05	0.15340964324903997	-0.15340964324903997
Cells_Correlation_Overlap_Mitochondria_PM	0.1336991336000679	-8.817410717317071e-05	-0.47572001835631683	0.47572001835631683
Cells_Correlation_RWC_ER_Hoechst	0.0026999647222957224	5.6868863494579305e-05	-0.06926379238053088	0.06926379238053088
Cells_Correlation_RWC_ER_Mitochondria	0.016898681715633912	-3.0226318918130726e-05	0.1515135668621481	-0.1515135668621481
Cells_Correlation_RWC_ER_PM	0.004288932116351285	0.000252317244598872	-0.10169042918974455	0.10169042918974455
Cells_Correlation_RWC_Hoechst_ER	0.03897083573763449	-0.00011294593727732049	-0.17445477066207107	0.1744547706620711
Cells_Correlation_RWC_Hoechst_PM	0.07730161118244339	-0.000357505749740716	0.3732640990799957	-0.3732640990799957
Cells_Correlation_RWC_Mitochondria_ER	0.045180864939961096	0.00018260050141476666	-0.2932724412239079	0.2932724412239079
Cells_Correlation_RWC_Mitochondria_PM	0.09106517467442155	0.0009293619142875006	-0.4939858421960912	0.49398584219609126
Cells_Correlation_RWC_PM_Actin	0.034616627988946824	0.0007387471871383857	-0.26382034298380813	0.26382034298380813
Cells_Correlation_RWC_PM_ER	0.08368767660566445	-5.118486030790866e-05	-0.3080011211245456	0.3080011211245456
Cells_Correlation_RWC_PM_Hoechst	0.03206149014435766	5.865814775861137e-05	0.18581483806278215	-0.18581483806278218
Cells_Correlation_RWC_PM_Mitochondria	0.0018806033203818684	0.00016839525739279266	-0.061132644402965716	0.06113264440296571
Cells_Granularity_1_ER	0.003660085573946592	7.236520079060051e-05	-0.03177606301182689	0.03177606301182689
Cells_Granularity_1_Hoechst	0.03577694969992384	-0.0005777043412741418	0.2647435272886818	-0.2647435272886818
Cells_Granularity_2_Hoechst	0.04235091811052849	0.0002170017130575897	-0.25778916896493365	0.25778916896493365
Cells_Intensity_IntegratedIntensityEdge_Actin	0.2525846360707098	-7.861645923111e-05	0.2844469984426006	-0.2844469984426006
Cells_Intensity_IntegratedIntensityEdge_ER	0.026297138082754468	-9.28878805292134e-05	-0.0764351491803016	0.0764351491803016
Cells_Intensity_IntegratedIntensityEdge_Hoechst	0.0016915117111325761	-8.65449068573942e-05	0.00017308369003424603	-0.00017308369003424603
Cells_Intensity_IntegratedIntensityEdge_Mitochondria	0.060726886659503654	-0.0002966720224408994	0.2141356332721614	-0.21413563327216142
Cells_Intensity_IntegratedIntensityEdge_PM	0.02125038713391747	-0.0004340370084917257	0.06590893822154044	-0.06590893822154045
Cells_Intensity_IntegratedIntensity_Hoechst	0.01791318420362642	-0.00023355009570762904	-0.04833393245218061	0.048333932452180615
Cells_Intensity_LowerQuartileIntensity_PM	0.058595835812078056	9.884988204448835e-05	-0.25601563795856935	0.25601563795856935
Cells_Intensity_MADIntensity_Actin	0.256438065184336	0.0003297091066074479	0.14765738192501418	-0.14765738192501418
Cells_Intensity_MADIntensity_Hoechst	0.026599015973645446	0.0002995310359487848	-0.22462928601086324	0.22462928601086324
Cells_Intensity_MADIntensity_PM	0.0677345251296102	0.0001231414777972409	-0.2887523091791525	0.2887523091791525
Cells_Intensity_MassDisplacement_Hoechst	0.010441317860830579	-0.0005307427167453471	0.14494726638428126	-0.14494726638428126
Cells_Intensity_MaxIntensityEdge_ER	0.08746600402348403	7.215478313439917e-05	-0.3060645375507508	0.3060645375507508
Cells_Intensity_MaxIntensityEdge_Hoechst	0.07073344199035325	0.0004227933741206511	-0.3220893425362596	0.3220893425362596
Cells_Intensity_MaxIntensityEdge_Mitochondria	0.009506010683573485	0.00011265038973930339	-0.10408232103164386	0.10408232103164385
Cells_Intensity_MaxIntensityEdge_PM	0.07582107140250138	-8.496696411897766e-05	-0.24289206508450184	0.24289206508450184
Cells_Intensity_MaxIntensity_Hoechst	0.19865636682317311	0.0002210211728338362	-0.4893369272873932	0.48933692728739325
Cells_Intensity_MedianIntensity_Hoechst	0.013060168312506781	0.00020299876372664518	-0.17102430254681597	0.17102430254681597
Cells_Intensity_MinIntensityEdge_Actin	0.04168865229123886	0.0001192056707595997	0.04227654711922002	-0.04227654711922002
Cells_Intensity_StdIntensityEdge_Mitochondria	0.02451184601123868	0.00021147976723036798	-0.1686142363910099	0.1686142363910099
Cells_Intensity_StdIntensityEdge_PM	0.0742347310760989	2.9460652210387574e-05	-0.26735535800840077	0.26735535800840077
Cells_Intensity_UpperQuartileIntensity_Hoechst	0.04105038407961403	0.00046007002316627004	-0.3010651347357854	0.3010651347357854
Cells_Neighbors_AngleBetweenNeighbors_Adjacent	0.02650622978688233	0.00014767167873248738	0.14668436943001156	-0.14668436943001156
Cells_Neighbors_FirstClosestDistance_Adjacent	0.09690013523804919	-0.0014201426739877607	0.1573475315837258	-0.15734753158372583
Cells_Neighbors_PercentTouching_Adjacent	0.05197533495211237	0.0005596305751029193	-0.2971208760903893	0.2971208760903893
Cells_Neighbors_SecondClosestDistance_Adjacent	0.1253172348206517	-0.0015174451118522647	0.10660983639624066	-0.10660983639624068
Cells_RadialDistribution_FracAtD_ER_3of4	0.03475192301871122	4.4469899072807845e-05	-0.2210017844408138	0.22100178444081384
Cells_RadialDistribution_FracAtD_ER_4of4	0.031129654804740503	1.182791842911638e-05	0.19815173019887228	-0.19815173019887228
Cells_RadialDistribution_FracAtD_Hoechst_1of4	0.013847423033325978	0.0002794819991469269	-0.16803744551161362	0.16803744551161362
Cells_RadialDistribution_FracAtD_Hoechst_2of4	0.018566490883328957	0.00032998729720664694	-0.20380537715728686	0.20380537715728686
Cells_RadialDistribution_FracAtD_Hoechst_3of4	0.009012648931308598	0.0003154184948261213	-0.15351536705310614	0.15351536705310614
Cells_RadialDistribution_FracAtD_Hoechst_4of4	0.02118294736043147	-0.0004108063126737677	0.2309301643868079	-0.23093016438680794
Cells_RadialDistribution_FracAtD_Mitochondria_2of4	0.047084106570715045	0.00015352333138173588	-0.28103297809604516	0.28103297809604516
Cells_RadialDistribution_FracAtD_Mitochondria_3of4	0.055939007220918935	0.000284774394647368	-0.33565285361613545	0.3356528536161355
Cells_RadialDistribution_FracAtD_Mitochondria_4of4	0.05678088565641326	-0.0002318256659444369	0.32756479699745933	-0.32756479699745933
Cells_RadialDistribution_FracAtD_PM_1of4	0.006190394014953582	0.00026692488923001035	-0.12211560658843412	0.12211560658843414
Cells_RadialDistribution_FracAtD_PM_3of4	0.011508857248311632	0.00038389944583765753	-0.18191004392012372	0.18191004392012372
Cells_RadialDistribution_FracAtD_PM_4of4	0.011035474275045365	-0.0003758072038117336	0.1746236885536259	-0.17462368855362592
Cells_RadialDistribution_MeanFrac_ER_4of4	0.017011134626921165	0.00046735687162398944	-0.04470859355360418	0.04470859355360419
Cells_RadialDistribution_MeanFrac_Hoechst_1of4	0.0022244088312628474	7.698182268563667e-05	-0.06914743955643966	0.06914743955643966
Cells_RadialDistribution_MeanFrac_Hoechst_2of4	0.0011190073911137022	8.962604002142411e-06	-0.04277356350595117	0.04277356350595117
Cells_RadialDistribution_MeanFrac_Hoechst_3of4	0.0023998612294681143	-0.00019489825161922423	0.08848359363536693	-0.08848359363536693
Cells_RadialDistribution_MeanFrac_Hoechst_4of4	0.008033910505284458	-0.0002288843709617171	0.14034882740086738	-0.14034882740086738
Cells_RadialDistribution_MeanFrac_Mitochondria_2of4	0.0396552695311182	-0.00042940565314412375	-0.09612656472668676	0.09612656472668676
Cells_RadialDistribution_MeanFrac_Mitochondria_3of4	0.045508941336035336	-0.0004636962608394206	-0.09940813279703142	0.09940813279703142
Cells_RadialDistribution_MeanFrac_Mitochondria_4of4	0.04207580818418355	0.00031572358848963865	0.11614698484089653	-0.11614698484089651
Cells_RadialDistribution_MeanFrac_PM_1of4	0.0018719953483606888	-9.018705677993981e-05	0.06946486978756322	-0.06946486978756322
Cells_RadialDistribution_MeanFrac_PM_3of4	0.00799029879733082	-0.0003353218445688914	0.1671450993825508	-0.1671450993825508
Cells_RadialDistribution_MeanFrac_PM_4of4	0.0021659040583420497	-4.558390656058922e-06	-0.05361156415411787	0.05361156415411787
Cells_RadialDistribution_RadialCV_Actin_1of4	0.08016432923442163	0.0002304279133436787	0.19002608588770914	-0.19002608588770917
Cells_RadialDistribution_RadialCV_Actin_2of4	0.07955912269674603	0.00022455359622664396	0.22029159830590977	-0.22029159830590977
Cells_RadialDistribution_RadialCV_Actin_3of4	0.07191185101279596	0.00019401439032626548	0.22458627023945704	-0.22458627023945707
Cells_RadialDistribution_RadialCV_Actin_4of4	0.014217325525836766	0.00016668678359860547	0.07861972926011344	-0.07861972926011344
Cells_RadialDistribution_RadialCV_ER_1of4	0.0004017179301032403	4.759478960997045e-05	-0.001563819288878891	0.001563819288878891
Cells_RadialDistribution_RadialCV_ER_2of4	0.00010592582426927066	-5.17656697571444e-06	-0.0076306881790429906	0.007630688179042991
Cells_RadialDistribution_RadialCV_ER_3of4	0.005325141080757656	-0.00026253282375142	0.020984256964600732	-0.020984256964600732
Cells_RadialDistribution_RadialCV_ER_4of4	0.01955804198033284	-0.0006157934524326906	0.06884748533135547	-0.06884748533135547
Cells_RadialDistribution_RadialCV_Hoechst_1of4	0.0032059366688559354	-6.238722248395259e-06	-0.06122468090487278	0.06122468090487278
Cells_RadialDistribution_RadialCV_Hoechst_2of4	0.00518496270932034	-6.204517037455216e-05	-0.06893593981649727	0.06893593981649727
Cells_RadialDistribution_RadialCV_Hoechst_3of4	0.00414001838083744	-2.2342055066676148e-05	-0.07391635393695797	0.07391635393695797
Cells_RadialDistribution_RadialCV_Hoechst_4of4	0.0008663037101058757	8.59653423455853e-05	0.009424823180996302	-0.009424823180996302
Cells_RadialDistribution_RadialCV_Mitochondria_1of4	0.014306281364365625	-0.00011723129363946668	-0.06715063433141649	0.0671506343314165
Cells_RadialDistribution_RadialCV_Mitochondria_2of4	0.044677345475532926	-0.00017424141990293385	-0.1570488250420547	0.1570488250420547
Cells_RadialDistribution_RadialCV_Mitochondria_3of4	0.07343547845862797	-0.00027849652192214947	-0.20578333441745034	0.20578333441745034
Cells_RadialDistribution_RadialCV_Mitochondria_4of4	0.09166996437076957	-0.00028661117807842536	-0.2588534670717411	0.2588534670717411
Cells_RadialDistribution_RadialCV_PM_1of4	0.002077910283966311	-0.00018169844312096925	0.02558748052258531	-0.02558748052258531
Cells_RadialDistribution_RadialCV_PM_2of4	0.004481405065343225	-0.00032257576699154023	0.05532669638289238	-0.05532669638289238
Cells_RadialDistribution_RadialCV_PM_3of4	0.006574892391912446	-0.00042175890626632305	0.10975674865538751	-0.10975674865538752
Cells_RadialDistribution_RadialCV_PM_4of4	0.010989302807513868	-0.0005311358880539954	0.14556583147356145	-0.14556583147356145
Cells_Texture_AngularSecondMoment_ER_3_01_256	0.08051137041771816	0.00014532059911972497	0.36299660293638336	-0.36299660293638336
Cells_Texture_AngularSecondMoment_Hoechst_3_01_256	0.029424622751968	-0.0007203979564733083	0.27681883174872723	-0.27681883174872723
Cells_Texture_AngularSecondMoment_Mitochondria_3_01_256	0.006276278903613486	-0.00021814755976779142	0.14592513641006263	-0.14592513641006263
Cells_Texture_AngularSecondMoment_PM_3_01_256	0.037092062581979834	-0.0007500360880452295	0.3285653182900731	-0.3285653182900731
Cells_Texture_Contrast_Hoechst_3_00_256	0.08043945835524213	0.0003856414617337404	-0.3817878291733693	0.3817878291733693
Cells_Texture_Contrast_Hoechst_3_02_256	0.0635749816727007	0.0003670872338205402	-0.34132868628971624	0.34132868628971624
Cells_Texture_Contrast_Mitochondria_3_03_256	0.010581217129598586	5.1752462936924846e-05	-0.10848517301554331	0.10848517301554332
Cells_Texture_Contrast_PM_3_01_256	0.05840561864318161	6.194464581544113e-05	-0.2809063304302412	0.2809063304302412
Cells_Texture_Contrast_PM_3_03_256	0.03955122682037793	-2.556635315191381e-05	-0.21746736360211932	0.21746736360211935
Cells_Texture_Correlation_Actin_3_00_256	0.06828286515105264	0.0001723499727569245	0.23418510703729684	-0.23418510703729686
Cells_Texture_Correlation_Actin_3_01_256	0.033220516756381824	0.00011133565605833626	0.17171734661891624	-0.17171734661891624
Cells_Texture_Correlation_Actin_3_02_256	0.04503083142961506	0.00025699614740690423	0.16734827189688986	-0.1673482718968899
Cells_Texture_Correlation_Actin_3_03_256	0.03470476365487718	0.0003143551229705463	0.12179380384537919	-0.12179380384537919
Cells_Texture_Correlation_ER_3_00_256	0.026480122190725264	-0.0005850423695492603	-0.008129054571007288	0.008129054571007288
Cells_Texture_Correlation_ER_3_01_256	0.026895494488098914	-0.0005929437471688646	0.0001886111684380924	-0.00018861116843809243
Cells_Texture_Correlation_ER_3_03_256	0.02664680741186176	-0.0005013905605755655	-0.03632356965324103	0.03632356965324103
Cells_Texture_Correlation_Hoechst_3_03_256	0.0036020326299119887	-7.002588186458004e-05	0.09301581965793387	-0.09301581965793389
Cells_Texture_Correlation_Mitochondria_3_00_256	0.025127885331577726	-0.0005296919508047198	-0.029848814120968375	0.02984881412096838
Cells_Texture_Correlation_Mitochondria_3_01_256	0.02228805973298298	-0.0005726221934715755	0.004904199676360144	-0.004904199676360144
Cells_Texture_Correlation_Mitochondria_3_02_256	0.029605245029441285	-0.0004760217815060879	-0.07731168448768598	0.07731168448768598
Cells_Texture_Correlation_Mitochondria_3_03_256	0.021587506844240045	-0.0004345904341445867	-0.045412976481217615	0.04541297648121762
Cells_Texture_Correlation_PM_3_01_256	0.019327272461501677	-0.0003962161713233985	0.25736076752560105	-0.25736076752560105
Cells_Texture_Correlation_PM_3_03_256	0.012342368071348475	-0.0002748801873116708	0.2004337971490694	-0.2004337971490694
Cells_Texture_DifferenceEntropy_Hoechst_3_02_256	0.06948622978076968	0.0006859790504550222	-0.39710682175743683	0.39710682175743683
Cells_Texture_DifferenceEntropy_PM_3_01_256	0.10553378199880525	0.000180676366740451	-0.38970720121060776	0.38970720121060776
Cells_Texture_DifferenceEntropy_PM_3_03_256	0.09629792467338993	7.426189290627182e-05	-0.3408603483052117	0.3408603483052117
Cells_Texture_DifferenceVariance_Hoechst_3_01_256	0.12405952125742725	-0.000647235389613081	0.5267066001324723	-0.5267066001324723
Cells_Texture_DifferenceVariance_Mitochondria_3_03_256	0.025288462909601184	0.00012039667686204008	0.1769189484244097	-0.1769189484244097
Cells_Texture_DifferenceVariance_PM_3_03_256	0.09407604487048093	0.00030481489892530706	0.301359414520235	-0.301359414520235
Cells_Texture_InfoMeas1_ER_3_00_256	0.05017523757802089	0.0011288861016696642	-0.35206698678811554	0.35206698678811554
Cells_Texture_InfoMeas1_ER_3_01_256	0.041649634392194934	0.0010981817104933462	-0.2952974875906974	0.2952974875906974
Cells_Texture_InfoMeas1_ER_3_03_256	0.03288222311026201	0.0009575534868943048	-0.24418150009956807	0.2441815000995681
Cells_Texture_InfoMeas1_Hoechst_3_03_256	0.008863990364652463	0.00039762227618787225	-0.16874485931858782	0.16874485931858782
Cells_Texture_InfoMeas1_Mitochondria_3_00_256	0.03968736107833193	0.0009136389408257299	-0.0748492203620112	0.0748492203620112
Cells_Texture_InfoMeas1_Mitochondria_3_01_256	0.03711595305459914	0.0008717319635057766	-0.05490334143102407	0.05490334143102408
Cells_Texture_InfoMeas1_Mitochondria_3_02_256	0.04926141393084027	0.000747969585545415	0.055667267061043316	-0.055667267061043316
Cells_Texture_InfoMeas1_Mitochondria_3_03_256	0.03561704584611536	0.0006403664009203582	0.0410940970342658	-0.0410940970342658
Cells_Texture_InfoMeas1_PM_3_00_256	0.05699315710425179	0.0007069093593358508	-0.42964505941792963	0.4296450594179297
Cells_Texture_InfoMeas1_PM_3_01_256	0.051172591392159794	0.0007232353475612583	-0.41437906045750217	0.4143790604575022
Cells_Texture_InfoMeas1_PM_3_02_256	0.03515855660655942	0.0005906737923745269	-0.341897499488144	0.341897499488144
Cells_Texture_InfoMeas1_PM_3_03_256	0.038609164427691356	0.0005643076157981041	-0.3514502249499103	0.3514502249499103
Cells_Texture_InfoMeas2_Hoechst_3_03_256	0.002193384041226598	0.00022353082076446239	-0.08345474357390231	0.08345474357390233
Cells_Texture_InverseDifferenceMoment_Hoechst_3_02_256	0.03657931957059657	-0.0005430807637954669	0.2966331560176008	-0.2966331560176008
Cells_Texture_InverseDifferenceMoment_Mitochondria_3_02_256	0.03917106924919911	-0.00025880147457978586	0.21712868889457043	-0.21712868889457046
Cells_Texture_SumVariance_Hoechst_3_03_256	0.08894832772038919	0.0003327081187804692	-0.38061579318410343	0.3806157931841035
Cells_Texture_SumVariance_PM_3_01_256	0.031724902747189976	-0.00013965039277849574	-0.13892523327846076	0.1389252332784608
Nuclei_AreaShape_BoundingBoxMinimum_Y	0.0018237460663734772	-0.00014839081509421031	0.06690560134578477	-0.06690560134578477
Nuclei_AreaShape_Compactness	0.000802417048937687	8.297854602555271e-05	-0.01671878119983021	0.01671878119983021
Nuclei_AreaShape_Eccentricity	0.012286098688309877	-3.6103819536402774e-05	0.13566787458636204	-0.13566787458636204
Nuclei_AreaShape_Extent	0.005119893762257632	-0.00023598841787980413	0.10459211126553436	-0.10459211126553435
Nuclei_AreaShape_FormFactor	0.0011400135290320357	-9.12261812771991e-05	-0.0012478293036564533	0.0012478293036564535
Nuclei_AreaShape_MinorAxisLength	0.14199516204489704	-0.00013325035802148929	0.388590541942762	-0.388590541942762
Nuclei_AreaShape_Orientation	0.0011317951945899463	-0.00013787732104972585	0.05084846253465161	-0.05084846253465162
Nuclei_AreaShape_Solidity	0.029347135470550123	-0.00026079110700158735	0.18171542155325587	-0.18171542155325587
Nuclei_AreaShape_Zernike_0_0	0.007653408625182712	7.138833372239111e-05	-0.11558371482056212	0.11558371482056214
Nuclei_AreaShape_Zernike_1_1	0.009613190799087845	4.720682257573481e-05	-0.11125573197682656	0.11125573197682656
Nuclei_AreaShape_Zernike_2_0	0.02474570830611944	-3.6679899388709374e-05	0.19326370813699706	-0.19326370813699706
Nuclei_AreaShape_Zernike_2_2	0.014329022695967253	3.079738031693458e-05	0.12424217403365909	-0.12424217403365909
Nuclei_AreaShape_Zernike_3_1	0.008340175507970837	1.0538557099360278e-05	-0.09394628077258674	0.09394628077258674
Nuclei_AreaShape_Zernike_3_3	0.014139506910522792	0.00011626068901199746	-0.1366143600351524	0.1366143600351524
Nuclei_AreaShape_Zernike_4_0	0.0034737903222702426	-1.7682405589182585e-05	-0.06234481745664974	0.06234481745664975
Nuclei_AreaShape_Zernike_4_2	0.0015762295363687118	-0.00010026822070187371	-0.01539977639701498	0.01539977639701498
Nuclei_AreaShape_Zernike_4_4	0.005362736251905531	-0.00010316637859367623	0.10303014116104714	-0.10303014116104714
Nuclei_AreaShape_Zernike_5_1	0.005380071458236491	0.00010057683977360635	-0.09720182811603478	0.0972018281160348
Nuclei_AreaShape_Zernike_5_3	0.007562058358843715	0.00011943837920496867	-0.11159374755698903	0.11159374755698902
Nuclei_AreaShape_Zernike_5_5	0.01895558117464291	9.563305950468091e-05	-0.14894393118029603	0.14894393118029603
Nuclei_AreaShape_Zernike_6_0	0.003990232828475548	-0.00013260986226042924	0.0942146874178516	-0.09421468741785162
Nuclei_AreaShape_Zernike_6_2	0.021867709630967735	6.859461317895646e-05	0.15031475772074895	-0.15031475772074898
Nuclei_AreaShape_Zernike_6_4	0.0019481199435134045	0.00020818027987550808	-0.05124398316680108	0.05124398316680108
Nuclei_AreaShape_Zernike_6_6	0.0007983821943431391	-0.00013100164554497276	0.021465020539496785	-0.021465020539496785
Nuclei_AreaShape_Zernike_7_1	0.005127858347765524	3.1561467830501098e-06	-0.07839898103031805	0.07839898103031805
Nuclei_AreaShape_Zernike_7_3	0.004929400138140805	4.33926254624724e-05	-0.08319286310242448	0.08319286310242448
Nuclei_AreaShape_Zernike_7_5	0.0059288409475838355	3.2740860723756515e-06	-0.08062064227300011	0.08062064227300011
Nuclei_AreaShape_Zernike_7_7	0.027773343616096735	9.276594956594521e-05	-0.18216601398775095	0.18216601398775095
Nuclei_AreaShape_Zernike_8_0	0.0001345769922745932	1.7335021420876302e-05	0.00847770592360263	-0.00847770592360263
Nuclei_AreaShape_Zernike_8_2	0.00013436535668454042	7.901243318306294e-07	0.012849068091599195	-0.012849068091599195
Nuclei_AreaShape_Zernike_8_4	0.004798209099984074	-1.541132372002515e-05	0.08176431954015255	-0.08176431954015255
Nuclei_AreaShape_Zernike_8_6	0.005661604626835626	0.00011893827209824608	0.05035562119751219	-0.05035562119751219
Nuclei_AreaShape_Zernike_8_8	0.005865529685167514	-0.0001169427319640032	-0.05069890379292745	0.05069890379292745
Nuclei_AreaShape_Zernike_9_1	0.006889360981050641	0.00012745694719250452	-0.11555211053767847	0.11555211053767847
Nuclei_AreaShape_Zernike_9_3	0.00494260074661379	3.1353353832534774e-05	-0.08292407039455248	0.08292407039455248
Nuclei_AreaShape_Zernike_9_5	0.0083085847210983	1.4582121176085164e-05	-0.09924719465470075	0.09924719465470075
Nuclei_AreaShape_Zernike_9_7	0.005692149044566497	7.681700417259266e-05	-0.09399296358483714	0.09399296358483714
Nuclei_AreaShape_Zernike_9_9	0.02527781096107884	0.00011947434932982204	-0.18357426615053418	0.18357426615053418
Nuclei_Correlation_Correlation_ER_Hoechst	0.0397088800951555	0.0002466380222584536	-0.26494540681204715	0.2649454068120472
Nuclei_Correlation_Correlation_ER_Mitochondria	0.0641574784675829	-0.0007061656989662068	-0.01468516424459559	0.01468516424459559
Nuclei_Correlation_Correlation_ER_PM	0.13286680018706487	0.00022539589950566064	-0.4851608876151753	0.4851608876151753
Nuclei_Correlation_Correlation_Hoechst_Mitochondria	0.08038918915220394	0.00021213307026779645	-0.359465130884672	0.359465130884672
Nuclei_Correlation_Correlation_Hoechst_PM	0.032549398206523694	-0.00038193031964717055	0.1912776474495847	-0.19127764744958473
Nuclei_Correlation_Correlation_Mitochondria_PM	0.1987339248686637	5.655561577999008e-05	-0.5582235425894586	0.5582235425894586
Nuclei_Correlation_K_ER_Hoechst	0.10351106218823891	0.0010964277041553682	0.011089381925851207	-0.011089381925851209
Nuclei_Correlation_K_ER_Mitochondria	0.08708479879074371	0.00026811153618841525	0.18514990841090412	-0.18514990841090415
Nuclei_Correlation_K_ER_PM	0.233934112369104	0.00019611341492123253	0.5255746675694662	-0.5255746675694662
Nuclei_Correlation_K_Hoechst_Actin	0.1972247008913347	0.00014528137748221327	0.15310997943208618	-0.15310997943208618
Nuclei_Correlation_K_Hoechst_ER	0.07855164623033317	-0.0004155421192154774	-0.136079464813413	0.13607946481341301
Nuclei_Correlation_K_Hoechst_Mitochondria	0.007409004546196862	-0.0003262883562848916	0.08474713529327796	-0.08474713529327796
Nuclei_Correlation_K_Hoechst_PM	0.10701848015457993	-0.0010888039923709855	0.43661814898502616	-0.4366181489850262
Nuclei_Correlation_K_Mitochondria_Actin	0.3651347258069836	0.0006908349355676318	0.21186341413383886	-0.21186341413383886
Nuclei_Correlation_K_Mitochondria_ER	0.1494573207395763	-0.00026749190941383576	-0.29691907640295295	0.29691907640295295
Nuclei_Correlation_K_Mitochondria_Hoechst	0.02134365567074359	0.0005753663781813316	-0.14259356145920277	0.14259356145920277
Nuclei_Correlation_K_Mitochondria_PM	0.04207730117479802	-0.00032272323110249605	0.25849059507899524	-0.25849059507899524
Nuclei_Correlation_K_PM_Actin	0.27866888984333327	0.0004962959150597244	0.12431216217047342	-0.1243121621704734
Nuclei_Correlation_K_PM_ER	0.2656481761781263	-1.028848266457092e-05	-0.5205512052326692	0.5205512052326692
Nuclei_Correlation_K_PM_Hoechst	0.12970957950745576	0.0011252299925080373	-0.49217946491727804	0.4921794649172781
Nuclei_Correlation_K_PM_Mitochondria	0.03736653529477685	0.00018755032522679748	-0.190805696738588	0.190805696738588
Nuclei_Correlation_Overlap_ER_Hoechst	0.004635363201746734	-0.0002784364886460913	0.07919442514482132	-0.07919442514482133
Nuclei_Correlation_Overlap_ER_Mitochondria	0.05408845790432093	-0.0007008015900372168	0.08287363032176383	-0.08287363032176383
Nuclei_Correlation_Overlap_ER_PM	0.07289596312245394	-0.0004980372724964334	-0.0856769631367843	0.08567696313678431
Nuclei_Correlation_Overlap_Hoechst_Mitochondria	0.004895912073264896	-6.599722140089855e-05	0.08384426947010981	-0.08384426947010981
Nuclei_Correlation_Overlap_Hoechst_PM	0.06140927291728937	-0.0002364165469601571	0.2416120129084432	-0.2416120129084432
Nuclei_Correlation_Overlap_Mitochondria_PM	0.07020222250946695	-0.00036711785345737793	-0.13020504287733412	0.13020504287733412
Nuclei_Correlation_RWC_ER_Actin	0.006530441329576586	-0.0001476696666466022	-0.05259421761906362	0.052594217619063625
Nuclei_Correlation_RWC_ER_Hoechst	0.047470597843142115	0.0008703544929223075	-0.07672457666650169	0.0767245766665017
Nuclei_Correlation_RWC_ER_Mitochondria	0.02135866888912452	3.34869698196386e-05	0.12691780916986944	-0.12691780916986944
Nuclei_Correlation_RWC_ER_PM	0.09911618508919773	0.0007891262983669688	-0.46718356182958276	0.46718356182958276
Nuclei_Correlation_RWC_Hoechst_Actin	0.004849693856955328	0.00032257787090054726	-0.05402616138437105	0.05402616138437105
Nuclei_Correlation_RWC_Hoechst_ER	0.008639347052425084	0.00032789155041117456	-0.05555743415483652	0.05555743415483653
Nuclei_Correlation_RWC_Hoechst_Mitochondria	0.03492929462591143	0.0004920218483579182	0.024567810452710948	-0.024567810452710948
Nuclei_Correlation_RWC_Hoechst_PM	0.0652926646623384	0.000535865652582024	0.13057866973896376	-0.13057866973896376
Nuclei_Correlation_RWC_Mitochondria_Actin	0.0006482845391970748	-9.688885013602146e-05	0.0006833198764089546	-0.0006833198764089546
Nuclei_Correlation_RWC_Mitochondria_ER	0.010160918763275073	-0.00015587194868113032	0.10260008425796999	-0.10260008425796999
Nuclei_Correlation_RWC_Mitochondria_Hoechst	0.05719452144701431	0.0007718741706176402	-0.0035227764959737395	0.003522776495973739
Nuclei_Correlation_RWC_Mitochondria_PM	0.039104719690401746	0.0008856652339066744	-0.19887294709947972	0.19887294709947972
Nuclei_Correlation_RWC_PM_Actin	0.0056005096302435	0.00023127588091720992	-0.1173028401460475	0.11730284014604749
Nuclei_Correlation_RWC_PM_ER	0.056154544583098986	0.00017007974891183967	-0.21304001597711175	0.21304001597711175
Nuclei_Correlation_RWC_PM_Mitochondria	0.013126822118536663	0.00043724948194410286	-0.11489977483539396	0.11489977483539396
Nuclei_Granularity_1_Actin	0.03125182102126478	2.2475058467499153e-12	2.617716824104186e-10	-2.617716824104186e-10
Nuclei_Granularity_1_ER	0.002800897327843166	6.912768417439841e-05	-0.024873232034036602	0.024873232034036602
Nuclei_Granularity_1_Hoechst	0.01030714254273335	0.0002816619687633613	-0.13708743442398738	0.13708743442398738
Nuclei_Granularity_1_Mitochondria	0.013087304913608211	0.0003588100296919796	-0.09862333083625535	0.09862333083625537
Nuclei_Intensity_IntegratedIntensityEdge_Hoechst	0.20235829274850992	0.0003348756003418724	-0.4509355635374397	0.4509355635374397
Nuclei_Intensity_IntegratedIntensity_Actin	0.047296747437169606	7.220129370950458e-05	0.06700441803130743	-0.06700441803130743
Nuclei_Intensity_IntegratedIntensity_ER	0.06463013280376928	-0.00022134465171613465	-0.18983685883974127	0.18983685883974127
Nuclei_Intensity_IntegratedIntensity_Hoechst	0.005727632401183347	5.14986966201472e-05	-0.08286093561683848	0.08286093561683848
Nuclei_Intensity_IntegratedIntensity_PM	0.015683371552377423	-0.000446075613565026	0.10765299511680954	-0.10765299511680952
Nuclei_Intensity_LowerQuartileIntensity_Hoechst	0.42434600829612146	0.0003219896705205004	-0.7237446237242213	0.7237446237242213
Nuclei_Intensity_LowerQuartileIntensity_Mitochondria	0.0565465178696668	-0.0001268977129051082	-0.13536916442246394	0.13536916442246394
Nuclei_Intensity_MADIntensity_Actin	0.13547892393723882	0.0002421057312373985	0.1013261383503887	-0.1013261383503887
Nuclei_Intensity_MADIntensity_Hoechst	0.07522333039823981	0.0001283022706040974	-0.30720759182570406	0.3072075918257041
Nuclei_Intensity_MADIntensity_Mitochondria	0.04521970706747502	-1.7275787831402105e-05	-0.178454248243738	0.17845424824373804
Nuclei_Intensity_MADIntensity_PM	0.051398623042672065	-0.0002227401226805538	-0.1689786313601857	0.1689786313601857
Nuclei_Intensity_MassDisplacement_ER	0.010778588550465429	0.0002682264308314803	-0.09417021970130715	0.09417021970130715
Nuclei_Intensity_MassDisplacement_Hoechst	0.0027068365265082717	1.9410552645635396e-05	-0.046076676286435844	0.04607667628643585
Nuclei_Intensity_MassDisplacement_Mitochondria	0.002726348834068637	7.372418926196107e-05	-0.0560930497427195	0.05609304974271951
Nuclei_Intensity_MassDisplacement_PM	0.011726772349869963	-7.644928387830269e-05	-0.0790481630798288	0.0790481630798288
Nuclei_Intensity_MaxIntensityEdge_PM	0.1232284265998812	-0.0004097331204479514	-0.23639340633218564	0.23639340633218564
Nuclei_Intensity_MedianIntensity_ER	0.20954529355153584	-0.0001803215609965355	-0.43387417433047637	0.4338741743304763
Nuclei_Intensity_MinIntensityEdge_Hoechst	0.6471634567178309	0.000509725106592296	-0.943993118687757	0.9439931186877571
Nuclei_Intensity_MinIntensity_PM	0.12062374071440152	-0.0005367015259720961	-0.14046939469562103	0.14046939469562106
Nuclei_Intensity_StdIntensityEdge_Actin	0.1622081238899239	0.0002317033350911354	0.150949117016859	-0.150949117016859
Nuclei_Intensity_StdIntensityEdge_ER	0.18307246106247999	-0.0001615129420298178	-0.41337748774500604	0.41337748774500604
Nuclei_Intensity_StdIntensityEdge_Hoechst	0.06779347681283021	0.0002402169655971236	-0.29543012551954584	0.29543012551954584
Nuclei_Intensity_StdIntensityEdge_Mitochondria	0.03768564231323546	-0.0001139444403102481	-0.14861255502313603	0.14861255502313603
Nuclei_Intensity_StdIntensityEdge_PM	0.0902147252060006	-0.0002533143009594171	-0.2363143658230421	0.23631436582304208
Nuclei_Neighbors_AngleBetweenNeighbors_Adjacent	0.020418123138448152	0.0001368685441757522	0.1264086221321745	-0.1264086221321745
Nuclei_Neighbors_FirstClosestDistance_Adjacent	0.08187442504315134	-0.0012986321468146213	0.14139143436336724	-0.14139143436336724
Nuclei_Neighbors_SecondClosestDistance_Adjacent	0.11087228435742003	-0.0014822478894869146	0.12530941281327246	-0.12530941281327246
Nuclei_RadialDistribution_FracAtD_ER_3of4	0.043548214699659304	-5.7544473490580555e-05	-0.113624396227227	0.11362439622722699
Nuclei_RadialDistribution_FracAtD_ER_4of4	0.027702657354156446	-4.396288998063261e-05	0.12096542173354607	-0.12096542173354609
Nuclei_RadialDistribution_FracAtD_Hoechst_1of4	0.00891680474068135	-9.794223152391272e-05	-0.06454139852002964	0.06454139852002964
Nuclei_RadialDistribution_FracAtD_Hoechst_2of4	0.0062035957459644075	-0.0001221967066793138	-0.03927834391995148	0.03927834391995148
Nuclei_RadialDistribution_FracAtD_Hoechst_3of4	0.013473576488776118	-9.068809550031203e-05	-0.08914871916395908	0.08914871916395908
Nuclei_RadialDistribution_FracAtD_Hoechst_4of4	0.01391835742389258	0.00012678527826708662	0.07477269201050185	-0.07477269201050185
Nuclei_RadialDistribution_FracAtD_Mitochondria_2of4	0.014706547398974701	7.763541754834323e-05	-0.12660130150793902	0.12660130150793902
Nuclei_RadialDistribution_FracAtD_Mitochondria_3of4	0.05311449776027821	7.132071313783613e-05	-0.21214227113945167	0.21214227113945167
Nuclei_RadialDistribution_FracAtD_Mitochondria_4of4	0.039564080790735034	-7.814323488726417e-05	0.19016217452255613	-0.19016217452255613
Nuclei_RadialDistribution_FracAtD_PM_1of4	0.0027309725416979624	0.00018498154354790454	-0.05802267114744404	0.05802267114744405
Nuclei_RadialDistribution_FracAtD_PM_2of4	0.005712350179753689	0.00021194841635307747	-0.0010318711404978882	0.0010318711404978882
Nuclei_RadialDistribution_FracAtD_PM_3of4	0.009226281084641741	-3.5234505803356415e-05	0.0883437387225692	-0.08834373872256922
Nuclei_RadialDistribution_FracAtD_PM_4of4	0.006705055811546012	-0.00017020116498998837	-0.022592044074568725	0.02259204407456873
Nuclei_RadialDistribution_MeanFrac_Hoechst_1of4	0.005296956260569918	-6.919869814660274e-05	-0.047658489663380654	0.047658489663380654
Nuclei_RadialDistribution_MeanFrac_Hoechst_2of4	0.008212079540825146	-0.0001018197340551017	-0.05808978969989398	0.058089789699893986
Nuclei_RadialDistribution_MeanFrac_Hoechst_3of4	0.013504228331022938	-0.0001152687596916399	-0.0899787815972381	0.0899787815972381
Nuclei_RadialDistribution_MeanFrac_Hoechst_4of4	0.012660278070710018	0.00013272118026123772	0.07400508374378009	-0.07400508374378009
Nuclei_RadialDistribution_MeanFrac_Mitochondria_3of4	0.056159785228390935	7.59544438990401e-05	-0.21837517274301205	0.21837517274301202
Nuclei_RadialDistribution_MeanFrac_Mitochondria_4of4	0.04407048456255791	-0.00011132312539514832	0.20154752379877805	-0.20154752379877805
Nuclei_RadialDistribution_MeanFrac_PM_1of4	0.012718076077479545	0.0002993881015556543	-0.029711211967038555	0.029711211967038555
Nuclei_RadialDistribution_MeanFrac_PM_2of4	0.021261595647222853	0.00038433334930654245	-0.00788873195295763	0.00788873195295763
Nuclei_RadialDistribution_MeanFrac_PM_3of4	0.026873021388039042	-5.4852376415705954e-05	0.1502542244602459	-0.1502542244602459
Nuclei_RadialDistribution_MeanFrac_PM_4of4	0.03105227990317605	-0.0003360716014357632	-0.060262759471639074	0.060262759471639074
Nuclei_RadialDistribution_RadialCV_Actin_1of4	0.12766306424395646	0.000308809123422938	0.2326683163997757	-0.23266831639977573
Nuclei_RadialDistribution_RadialCV_Actin_2of4	0.14460840090651683	0.00029170475010389127	0.2854913420953006	-0.2854913420953006
Nuclei_RadialDistribution_RadialCV_Actin_3of4	0.14108017960505814	0.00028305665798826864	0.29090515940820405	-0.29090515940820405
Nuclei_RadialDistribution_RadialCV_Actin_4of4	0.09525772304811808	0.00015949449946735605	0.27469428414347136	-0.27469428414347136
Nuclei_RadialDistribution_RadialCV_ER_1of4	0.02080988460544342	0.00023192989271893956	-0.06441162768207888	0.06441162768207889
Nuclei_RadialDistribution_RadialCV_ER_2of4	0.03266033573434979	0.00033015107152203985	-0.11481615425386837	0.11481615425386837
Nuclei_RadialDistribution_RadialCV_ER_3of4	0.03931922161035872	0.00037465007070579227	-0.1659969830902608	0.1659969830902608
Nuclei_RadialDistribution_RadialCV_ER_4of4	0.04447719274635198	0.00037436948567938765	-0.23676870322906562	0.2367687032290656
Nuclei_RadialDistribution_RadialCV_Hoechst_1of4	0.0015309112259911384	9.000314282113213e-05	-0.049512710873030955	0.04951271087303096
Nuclei_RadialDistribution_RadialCV_Hoechst_2of4	0.016722304187645642	6.280973620331552e-05	-0.13099249032205124	0.13099249032205126
Nuclei_RadialDistribution_RadialCV_Hoechst_3of4	0.025260834778134345	1.4395235414348772e-05	-0.15529505868801408	0.15529505868801408
Nuclei_RadialDistribution_RadialCV_Hoechst_4of4	0.03145720945543884	7.323156647922342e-05	-0.18806581029208086	0.1880658102920809
Nuclei_RadialDistribution_RadialCV_Mitochondria_1of4	0.01155914236242317	0.00019699862384583067	-0.05520060987885801	0.05520060987885801
Nuclei_RadialDistribution_RadialCV_Mitochondria_2of4	0.01946851224249091	0.00019197506014677362	-0.12382123586509661	0.12382123586509662
Nuclei_RadialDistribution_RadialCV_Mitochondria_3of4	0.03430052546489315	0.00016541336785344863	-0.17446191786272844	0.17446191786272844
Nuclei_RadialDistribution_RadialCV_Mitochondria_4of4	0.03689332946065105	0.0001253660063010836	-0.1954828865099788	0.1954828865099788
Nuclei_RadialDistribution_RadialCV_PM_1of4	0.013823839131642979	0.0003531272315150703	-0.1103877790272168	0.11038777902721679
Nuclei_RadialDistribution_RadialCV_PM_2of4	0.01969620763736002	0.0002148879819391712	-0.14412702470205851	0.14412702470205851
Nuclei_RadialDistribution_RadialCV_PM_3of4	0.03789473698184542	-0.00013860472535602006	-0.15704269834338705	0.15704269834338708
Nuclei_RadialDistribution_RadialCV_PM_4of4	0.050028140563704526	-6.637717207367914e-05	-0.20720978954051666	0.2072097895405167
Nuclei_Texture_AngularSecondMoment_ER_3_01_256	0.13634880357036716	0.00022916952200448352	0.4398982469788987	-0.43989824697889873
Nuclei_Texture_AngularSecondMoment_Hoechst_3_00_256	0.17285243486303625	-0.00010466814775661704	0.5341600077177209	-0.5341600077177209
Nuclei_Texture_AngularSecondMoment_Mitochondria_3_01_256	0.04844711049050554	-0.0001337398431958479	0.3085057456302975	-0.3085057456302975
Nuclei_Texture_AngularSecondMoment_PM_3_03_256	0.05352356898082533	0.0007441192444698116	0.05768898738864191	-0.05768898738864191
Nuclei_Texture_Contrast_ER_3_00_256	0.10705712153897262	-9.659466259320363e-06	-0.3497808809473895	0.3497808809473895
Nuclei_Texture_Contrast_ER_3_01_256	0.08914390819413831	-8.773735883997451e-06	-0.32954430846195104	0.32954430846195104
Nuclei_Texture_Contrast_ER_3_02_256	0.1025717815500451	-4.199905001310261e-05	-0.3312026071662204	0.33120260716622046
Nuclei_Texture_Contrast_ER_3_03_256	0.10158273755931346	-5.963557162377821e-05	-0.2963390597322753	0.2963390597322753
Nuclei_Texture_Contrast_Hoechst_3_02_256	0.06099242548483985	0.00012238497544306016	-0.26693494395676515	0.26693494395676515
Nuclei_Texture_Contrast_Mitochondria_3_01_256	0.010460971239919181	-2.5972966367860423e-05	-0.09713575757587603	0.09713575757587603
Nuclei_Texture_Contrast_Mitochondria_3_03_256	0.006312151365321372	-4.8830939478790226e-05	-0.06962931456265543	0.06962931456265543
Nuclei_Texture_Contrast_PM_3_00_256	0.04476891179941411	-9.875832934528208e-05	-0.2006739153011955	0.2006739153011955
Nuclei_Texture_Contrast_PM_3_01_256	0.03664531429630358	-0.0001398560561077644	-0.1807856756440342	0.1807856756440342
Nuclei_Texture_Contrast_PM_3_02_256	0.026860965512124912	-0.0002723647768356422	-0.12186506770203667	0.12186506770203669
Nuclei_Texture_Contrast_PM_3_03_256	0.026958762687784743	-0.00018094181968504112	-0.13547294422004402	0.13547294422004402
Nuclei_Texture_Correlation_Actin_3_00_256	5.6200095327474386e-05	1.8127327016452347e-05	0.003074242260154697	-0.003074242260154697
Nuclei_Texture_Correlation_Actin_3_01_256	0.01219284926443076	-6.344666406411843e-05	-0.1131843034138724	0.11318430341387241
Nuclei_Texture_Correlation_Actin_3_02_256	0.003725290603076803	0.00020361150970374685	-0.09666948397887407	0.09666948397887407
Nuclei_Texture_Correlation_Actin_3_03_256	0.016032708689206143	0.0001508401673164853	-0.17794948408772177	0.17794948408772177
Nuclei_Texture_Correlation_ER_3_00_256	0.04943186591383486	-0.0001443513435096962	-0.20366868457097426	0.20366868457097426
Nuclei_Texture_Correlation_ER_3_01_256	0.04064435695305901	-7.968221280657211e-05	-0.18694265148647043	0.18694265148647043
Nuclei_Texture_Correlation_ER_3_02_256	0.06161031824619356	-6.990691219622081e-05	-0.2523512364043802	0.2523512364043802
Nuclei_Texture_Correlation_ER_3_03_256	0.04000200759072803	2.7027273740631607e-06	-0.2105108906865844	0.21051089068658443
Nuclei_Texture_Correlation_Hoechst_3_00_256	0.006446895287374965	-0.00035358822614045776	0.0926545013423409	-0.0926545013423409
Nuclei_Texture_Correlation_Hoechst_3_01_256	0.00658611467984449	-0.00032485018676309285	0.10623495806422137	-0.10623495806422138
Nuclei_Texture_Correlation_Hoechst_3_02_256	0.005253404591572419	-0.00019445625673162782	-0.01735432117245487	0.01735432117245487
Nuclei_Texture_Correlation_Hoechst_3_03_256	0.0008098685157970076	-0.00011643164029202129	0.015227586920572685	-0.015227586920572685
Nuclei_Texture_Correlation_Mitochondria_3_00_256	0.03557846766762218	-0.00013640990046624322	-0.1868230308206958	0.1868230308206958
Nuclei_Texture_Correlation_Mitochondria_3_01_256	0.02978879853918781	-8.451208877161321e-05	-0.17514702671538673	0.17514702671538673
Nuclei_Texture_Correlation_Mitochondria_3_02_256	0.05245706958549179	-7.913369498286411e-05	-0.2512125665407409	0.2512125665407409
Nuclei_Texture_Correlation_Mitochondria_3_03_256	0.034008876375147934	3.852843267052854e-05	-0.22023221238462193	0.2202322123846219
Nuclei_Texture_Correlation_PM_3_00_256	0.0030428992121673826	-0.0002514548512796389	0.05434604706720991	-0.05434604706720992
Nuclei_Texture_Correlation_PM_3_01_256	0.004680436000173871	-0.000271585566838227	0.09845029725963172	-0.09845029725963172
Nuclei_Texture_Correlation_PM_3_02_256	0.00385815635602349	-0.00010033559070953007	-0.04159732840781433	0.04159732840781433
Nuclei_Texture_Correlation_PM_3_03_256	0.0003455026095254832	-3.99410218160169e-05	-0.008410707813219823	0.008410707813219823
Nuclei_Texture_DifferenceEntropy_ER_3_01_256	0.20610721684964006	-0.00020883491118397704	-0.4461634219276871	0.44616342192768715
Nuclei_Texture_DifferenceEntropy_ER_3_03_256	0.20953373086476001	-0.00024444953211827066	-0.4301831927051981	0.43018319270519817
Nuclei_Texture_DifferenceEntropy_Mitochondria_3_02_256	0.06565926894245333	-0.00012877391713637828	-0.21380557087374602	0.21380557087374602
Nuclei_Texture_DifferenceEntropy_PM_3_00_256	0.0886075266498394	-0.00035283612454099203	-0.23015733526029514	0.2301573352602951
Nuclei_Texture_DifferenceVariance_Actin_3_01_256	0.36139188321613813	-0.0005257202037448214	-0.5788006064624284	0.5788006064624284
Nuclei_Texture_DifferenceVariance_Mitochondria_3_03_256	0.060993723637129627	0.0003014307874048249	0.2196490480513315	-0.2196490480513315
Nuclei_Texture_DifferenceVariance_PM_3_03_256	0.08904481522896379	0.0008129209417861244	0.12503415050251543	-0.12503415050251543
Nuclei_Texture_InfoMeas1_ER_3_00_256	0.007632708755885953	9.914320982588339e-05	0.07914889453970643	-0.07914889453970643
Nuclei_Texture_InfoMeas1_ER_3_01_256	0.01527256906986918	1.2286201362084866e-05	0.1437203859633234	-0.1437203859633234
Nuclei_Texture_InfoMeas1_Hoechst_3_00_256	0.016723791900568497	0.0003534998419184812	0.02451817273897569	-0.02451817273897569
Nuclei_Texture_InfoMeas1_Hoechst_3_01_256	0.042426368156991745	0.00021911820384421153	0.1534581462281969	-0.1534581462281969
Nuclei_Texture_InfoMeas1_Hoechst_3_02_256	0.022692165487964155	0.00024050880268585564	0.09161456226223708	-0.09161456226223708
Nuclei_Texture_InfoMeas1_Hoechst_3_03_256	0.04269700597783177	7.309759217900075e-05	0.19771904336225327	-0.19771904336225327
Nuclei_Texture_InfoMeas1_Mitochondria_3_01_256	0.040658103133458856	0.00012460162050456928	0.2118250493550755	-0.2118250493550755
Nuclei_Texture_InfoMeas1_Mitochondria_3_02_256	0.06204825113107304	6.987606195907128e-05	0.2892370582485688	-0.2892370582485688
Nuclei_Texture_InfoMeas1_Mitochondria_3_03_256	0.05033580659574455	-2.5526170294378946e-05	0.2812389399102463	-0.2812389399102463
Nuclei_Texture_InfoMeas1_PM_3_00_256	0.002804739133822287	0.00016194448462437366	-0.07720621420478559	0.07720621420478559
Nuclei_Texture_InfoMeas1_PM_3_01_256	0.0032570633578967723	0.00025189887833551485	-0.038253916517947704	0.038253916517947704
Nuclei_Texture_InfoMeas1_PM_3_02_256	0.0009636370225504232	5.45285658870926e-06	0.031499141390417144	-0.03149914139041715
Nuclei_Texture_InfoMeas1_PM_3_03_256	0.0032279243798417623	5.035052417473807e-07	0.06141155772176966	-0.061411557721769656
Nuclei_Texture_InfoMeas2_ER_3_01_256	0.0857741687920166	-0.0001656281943152718	-0.3195135894426849	0.3195135894426849
Nuclei_Texture_InfoMeas2_Hoechst_3_03_256	0.07611046922333331	-0.0001279636973426851	-0.27540959608836896	0.27540959608836896
Nuclei_Texture_InfoMeas2_PM_3_01_256	0.013552571974342564	-0.0004352758910810597	0.009278713946479313	-0.009278713946479313
Nuclei_Texture_InfoMeas2_PM_3_03_256	0.01422697257883998	-0.00024469603333990004	-0.07013995643694411	0.07013995643694411
Nuclei_Texture_InverseDifferenceMoment_Actin_3_02_256	0.1713104152473618	-0.00039021517673992973	-0.21565317750084528	0.2156531775008453
Nuclei_Texture_InverseDifferenceMoment_ER_3_01_256	0.23164890259378146	0.0001435977811199663	0.48415684318050134	-0.48415684318050134
Nuclei_Texture_InverseDifferenceMoment_Mitochondria_3_00_256	0.08702289336334501	-1.5328001138758026e-05	0.28101625612942543	-0.28101625612942543
Nuclei_Texture_InverseDifferenceMoment_Mitochondria_3_02_256	0.0653608198088429	5.967846852604498e-05	0.2224437622558585	-0.2224437622558585
Nuclei_Texture_InverseDifferenceMoment_PM_3_01_256	0.08473584438802517	0.00033991447236765733	0.2345025041811029	-0.23450250418110294
Nuclei_Texture_InverseDifferenceMoment_PM_3_03_256	0.08062819198747595	0.00047725490202556105	0.1769111816235825	-0.1769111816235825
Nuclei_Texture_SumVariance_ER_3_01_256	0.06946120920170906	-6.346243017180689e-05	-0.23462558969786507	0.23462558969786504
Nuclei_Texture_SumVariance_Hoechst_3_03_256	0.03962501763894177	0.0001461608480436887	-0.22913350595863557	0.22913350595863557
Nuclei_Texture_SumVariance_Mitochondria_3_01_256	0.0038136706893180383	-3.412053315132104e-05	-0.05174754766585973	0.05174754766585973
Nuclei_Texture_SumVariance_PM_3_01_256	0.024363660310598112	-9.204253161667277e-05	-0.1325567232185361	0.1325567232185361
