feature	r2_score	cell_count_coef	DMSO_coef	drug_x_coef
Cytoplasm_AreaShape_Area	0.03282387296099554	-0.0010641840485373995	-0.0025722813165250267	0.0025722813165250263
Cytoplasm_AreaShape_Compactness	0.05409061261228576	-0.00044131582251700845	-0.26766756078810405	0.26766756078810394
Cytoplasm_AreaShape_Eccentricity	0.02380887779969365	-0.00021273442281144673	-0.1698293324253036	0.16982933242530354
Cytoplasm_AreaShape_FormFactor	0.0558378256141413	0.00021440523262346734	0.26388139243372544	-0.2638813924337254
Cytoplasm_AreaShape_MajorAxisLength	0.03907210957914731	-0.0009306062889095548	-0.10917405508611064	0.10917405508611061
Cytoplasm_AreaShape_MinorAxisLength	0.02522507478235314	-0.000802910043625907	0.0658331269124131	-0.06583312691241308
Cytoplasm_AreaShape_Orientation	0.00016872425860814388	-2.0050501838502072e-05	0.013196185659841986	-0.01319618565984198
Cytoplasm_AreaShape_Zernike_0_0	0.04562237881451503	0.0002395566446916776	0.24069963981811732	-0.24069963981811723
Cytoplasm_AreaShape_Zernike_1_1	0.017591773582424475	0.0002455433538809406	0.14916855300528503	-0.14916855300528498
Cytoplasm_AreaShape_Zernike_2_0	0.012506241184950695	-0.00018618898637866188	0.11367125631984784	-0.11367125631984781
Cytoplasm_AreaShape_Zernike_2_2	0.011604678943038738	0.00024659322081689366	0.11902840474784074	-0.1190284047478407
Cytoplasm_AreaShape_Zernike_3_1	0.009720744812571014	0.00018435089106890918	0.1102468035223218	-0.11024680352232177
Cytoplasm_AreaShape_Zernike_3_3	0.017260329422813192	0.0002251157269429439	0.1468230535159373	-0.14682305351593725
Cytoplasm_AreaShape_Zernike_4_0	0.025149007349996366	0.00034895907656756737	0.1695253604753101	-0.16952536047531006
Cytoplasm_AreaShape_Zernike_4_2	0.0022475477479808603	3.215705837609297e-05	0.05326628822644125	-0.05326628822644124
Cytoplasm_AreaShape_Zernike_4_4	0.007254953706501088	0.00016067561652893434	0.0945452185797385	-0.09454521857973847
Cytoplasm_AreaShape_Zernike_5_1	0.030403662217765248	0.000450065562632022	0.18695771980074355	-0.1869577198007435
Cytoplasm_AreaShape_Zernike_5_3	0.008436406564628185	0.00016126882718908297	0.10264546164259394	-0.10264546164259392
Cytoplasm_AreaShape_Zernike_6_0	0.017411141209186298	0.0002803409594152173	0.14772275948719216	-0.14772275948719213
Cytoplasm_AreaShape_Zernike_6_2	0.016418983216555327	0.00018366797644422855	0.14166726159532564	-0.14166726159532558
Cytoplasm_AreaShape_Zernike_6_4	9.318703732363876e-05	-9.068434645493061e-06	0.010131650168724705	-0.010131650168724703
Cytoplasm_AreaShape_Zernike_6_6	0.006445954615372007	0.0002385076662964035	0.08400508793405262	-0.08400508793405259
Cytoplasm_AreaShape_Zernike_7_1	0.02409279669522857	0.00034353920101650663	0.17184605039419398	-0.17184605039419393
Cytoplasm_AreaShape_Zernike_7_3	0.011006930010913796	0.00018693200663837933	0.11592413024116124	-0.11592413024116122
Cytoplasm_AreaShape_Zernike_7_5	0.0037501699772776176	0.00013982962933079546	0.06647073211139175	-0.06647073211139172
Cytoplasm_AreaShape_Zernike_8_0	0.0072604059065847215	0.00024377624845105158	0.09303632745438864	-0.09303632745438861
Cytoplasm_AreaShape_Zernike_8_2	0.01217330974334585	0.00023130814425565785	0.12178369524593766	-0.12178369524593763
Cytoplasm_AreaShape_Zernike_8_4	0.0024230434306955484	5.857453260617412e-05	0.05434721012907788	-0.05434721012907786
Cytoplasm_AreaShape_Zernike_8_6	7.376287719285113e-05	-4.5391859614046555e-06	-0.009457219747800743	0.009457219747800739
Cytoplasm_AreaShape_Zernike_9_1	0.01038044532243887	0.00023371439363336274	0.11217784609452813	-0.1121778460945281
Cytoplasm_AreaShape_Zernike_9_3	0.0060839964954140235	0.0001241465073645611	0.08556456239741812	-0.08556456239741811
Cytoplasm_AreaShape_Zernike_9_5	0.002134143900124119	2.4377244514927857e-05	0.0505609367024273	-0.05056093670242728
Cytoplasm_Correlation_Correlation_Hoechst_PM	0.032201257767558	-0.00044812143826711943	-0.20387494841331272	0.20387494841331263
Cytoplasm_Correlation_RWC_Hoechst_ER	0.013209531022596033	-0.00034149070368934736	-0.1275895706972545	0.12758957069725446
Cytoplasm_Correlation_RWC_Hoechst_Mitochondria	0.011969951805418266	-3.774678199566064e-05	-0.12741777983200112	0.12741777983200106
Cytoplasm_Correlation_RWC_Hoechst_PM	0.03452296126213428	0.0002543858317460272	-0.20188422798707734	0.20188422798707728
Cytoplasm_Correlation_RWC_PM_ER	0.004517529954923827	0.0003199916362620032	0.06098195641409451	-0.060981956414094485
Cytoplasm_Correlation_RWC_PM_Mitochondria	0.009676350087029384	0.00026095871422477106	-0.09307960946592742	0.09307960946592739
Cytoplasm_Granularity_1_ER	6.429693341503118e-05	-4.757660293432195e-05	-0.008913846681955743	0.008913846681955741
Cytoplasm_Granularity_1_Hoechst	0.0014301240866555487	-0.000164164047330591	0.022634243473976794	-0.02263424347397679
Cytoplasm_Granularity_1_Mitochondria	0.022124822845181913	0.0005389124025689834	0.15378522044301138	-0.15378522044301135
Cytoplasm_Granularity_1_PM	0.04308693126255003	0.0005029487222977735	0.23278542181566014	-0.23278542181566006
Cytoplasm_Intensity_IntegratedIntensityEdge_Hoechst	0.03999444770815086	5.0571240515595085e-05	0.2358392345972345	-0.23583923459723438
Cytoplasm_Intensity_IntegratedIntensity_Actin	0.12978346611716363	-0.0002680771096814399	0.4282522637788746	-0.4282522637788745
Cytoplasm_Intensity_IntegratedIntensity_ER	0.15531486369092184	-0.0006136273701365957	0.4568201852904086	-0.4568201852904084
Cytoplasm_Intensity_IntegratedIntensity_Hoechst	0.047823515261793625	-0.0005158015746661809	0.21800022831898508	-0.218000228318985
Cytoplasm_Intensity_IntegratedIntensity_Mitochondria	0.1027045432307443	-0.0006639556387971196	0.3370623560075391	-0.33706235600753903
Cytoplasm_Intensity_LowerQuartileIntensity_Actin	0.29547520996817367	0.0008403826704040798	0.6063548528325141	-0.6063548528325139
Cytoplasm_Intensity_LowerQuartileIntensity_ER	0.14985855446994378	0.00027903869768551234	0.41335507374669067	-0.41335507374669056
Cytoplasm_Intensity_LowerQuartileIntensity_Hoechst	0.006079971186504829	8.823752417356465e-05	0.07615438103233282	-0.0761543810323328
Cytoplasm_Intensity_LowerQuartileIntensity_Mitochondria	0.12211211270545075	0.00034898165630534487	0.3750522548777827	-0.3750522548777826
Cytoplasm_Intensity_MADIntensity_ER	0.3013543729036626	-0.00011306232426249441	0.5816070182854033	-0.5816070182854031
Cytoplasm_Intensity_MADIntensity_Hoechst	0.021055619273212978	0.00012205653620331619	0.14753785142502254	-0.14753785142502251
Cytoplasm_Intensity_MADIntensity_Mitochondria	0.1495956731071677	0.00010623942006646578	0.40733002097054494	-0.4073300209705448
Cytoplasm_Intensity_MADIntensity_PM	0.15733650566736757	6.987230318665562e-07	0.41112218692858904	-0.4111221869285889
Cytoplasm_Intensity_MassDisplacement_Hoechst	0.004701700490608474	-0.000309410776145035	-0.04871307564419482	0.0487130756441948
Cytoplasm_Intensity_MassDisplacement_PM	0.01177619837835453	-0.0005695481788590963	0.03027764492004851	-0.0302776449200485
Cytoplasm_Intensity_MaxIntensity_ER	0.2222830077445901	-0.0005824480723649635	0.4739659189498969	-0.4739659189498967
Cytoplasm_Intensity_MaxIntensity_Hoechst	0.0194933178840766	0.00033172559775398276	0.12288086506627088	-0.12288086506627083
Cytoplasm_Intensity_MaxIntensity_Mitochondria	0.13818583954442643	-0.00023203316323101373	0.4081144313374163	-0.4081144313374162
Cytoplasm_Intensity_MaxIntensity_PM	0.10801388577741211	-0.0003394363732236784	0.3394637531522244	-0.33946375315222427
Cytoplasm_Intensity_StdIntensityEdge_Hoechst	0.045257169041578504	0.0006894453161454868	0.14537467472822682	-0.14537467472822677
Cytoplasm_Intensity_StdIntensity_Hoechst	0.016461277592592638	0.00045103809698805925	0.06967413084518959	-0.06967413084518956
Cytoplasm_Intensity_StdIntensity_Mitochondria	0.12034044570751612	-6.835294772155306e-05	0.3717061600125037	-0.37170616001250356
Cytoplasm_Intensity_StdIntensity_PM	0.11677512456206363	-0.00017535619099303843	0.34609229815628245	-0.34609229815628234
Cytoplasm_RadialDistribution_FracAtD_Hoechst_1of4	0.01953185673272473	-0.00015571364896274894	0.1263299675076457	-0.12632996750764564
Cytoplasm_RadialDistribution_FracAtD_Hoechst_2of4	0.02769586481289299	-0.00015181654700168772	0.1612475567733157	-0.16124755677331568
Cytoplasm_RadialDistribution_FracAtD_Hoechst_3of4	0.036560798475002265	-0.00019450546061470066	0.2015239633535093	-0.20152396335350925
Cytoplasm_RadialDistribution_FracAtD_Hoechst_4of4	0.03557850032184129	0.0001904871712502104	-0.19491337084085636	0.1949133708408563
Cytoplasm_RadialDistribution_MeanFrac_Hoechst_1of4	0.011176060417766087	-0.0003733947106436457	0.05606612123916986	-0.05606612123916984
Cytoplasm_RadialDistribution_MeanFrac_Hoechst_2of4	0.018863076953602675	-0.00045361711233367504	0.07931766984172382	-0.0793176698417238
Cytoplasm_RadialDistribution_MeanFrac_Hoechst_3of4	0.029216281324068172	-0.0005510549629731165	0.12011789802662579	-0.12011789802662576
Cytoplasm_RadialDistribution_MeanFrac_Hoechst_4of4	0.015499123134185222	0.000581783014499919	-0.030163987875117593	0.03016398787511758
Cytoplasm_RadialDistribution_MeanFrac_PM_3of4	0.002718807157334191	-0.00011894727589294073	0.04747936123286353	-0.04747936123286352
Cytoplasm_RadialDistribution_MeanFrac_PM_4of4	0.0012692284602568993	0.00013806454959786982	-0.02375621293035704	0.023756212930357033
Cytoplasm_RadialDistribution_RadialCV_Actin_2of4	0.009625047746887883	-2.0438515208114716e-05	-0.10933631142963296	0.10933631142963293
Cytoplasm_RadialDistribution_RadialCV_Actin_3of4	0.0035388121549351226	-4.032124253797973e-06	-0.06718615512512145	0.06718615512512142
Cytoplasm_RadialDistribution_RadialCV_Actin_4of4	0.0041007012418058375	7.582394167869766e-05	0.0720852769070551	-0.07208527690705507
Cytoplasm_RadialDistribution_RadialCV_ER_2of4	0.0014706392378436295	-0.0002116148306567689	0.01064228821754254	-0.010642288217542536
Cytoplasm_RadialDistribution_RadialCV_ER_3of4	0.007655015196445292	-0.0004621232404520629	-0.06263084193107085	0.06263084193107084
Cytoplasm_RadialDistribution_RadialCV_ER_4of4	0.021495978354462375	-0.0006924980857333993	-0.11832957914676714	0.1183295791467671
Cytoplasm_RadialDistribution_RadialCV_Hoechst_2of4	0.017495951997396175	-6.240530114886521e-05	0.12435953299918728	-0.12435953299918724
Cytoplasm_RadialDistribution_RadialCV_Hoechst_3of4	0.008944552132470918	-0.00010357589391801307	0.08226053765217876	-0.08226053765217874
Cytoplasm_RadialDistribution_RadialCV_Hoechst_4of4	0.017055673200200405	0.00028500590112988947	-0.11399929637318873	0.11399929637318869
Cytoplasm_RadialDistribution_RadialCV_Mitochondria_2of4	0.001164666502223799	-6.116165170288921e-05	0.03024307345343695	-0.030243073453436943
Cytoplasm_RadialDistribution_RadialCV_Mitochondria_3of4	0.002361388675068965	-0.00022048447571046707	0.017076838651192756	-0.01707683865119275
Cytoplasm_RadialDistribution_RadialCV_Mitochondria_4of4	0.005045222577511166	-0.0002699796243879848	0.04209635861683495	-0.042096358616834945
Cytoplasm_RadialDistribution_RadialCV_PM_2of4	0.007888328817399204	-0.00010995948858851548	0.0948707110493753	-0.09487071104937526
Cytoplasm_RadialDistribution_RadialCV_PM_3of4	0.006542033872372066	-0.00030114581381561137	0.05973527962247317	-0.05973527962247315
Cytoplasm_RadialDistribution_RadialCV_PM_4of4	0.004468960623876583	-0.0003947321622815526	-0.012315037857282503	0.0123150378572825
Cytoplasm_Texture_AngularSecondMoment_ER_3_00_256	0.3416216201735093	-8.075466790072444e-05	-0.6306843302083476	0.6306843302083474
Cytoplasm_Texture_AngularSecondMoment_ER_3_01_256	0.3055075366933535	-6.387791937824645e-05	-0.6007200749666742	0.600720074966674
Cytoplasm_Texture_AngularSecondMoment_ER_3_02_256	0.3352983129863485	-7.407392097014216e-05	-0.621942511590079	0.6219425115900787
Cytoplasm_Texture_AngularSecondMoment_ER_3_03_256	0.30522914327840267	-3.586719308009698e-05	-0.5984468083306679	0.5984468083306677
Cytoplasm_Texture_AngularSecondMoment_Hoechst_3_01_256	0.12560004585680695	-0.00030810711195938616	-0.3907609495811293	0.39076094958112917
Cytoplasm_Texture_AngularSecondMoment_Mitochondria_3_00_256	0.13882344933338586	-0.00021792145953998377	-0.37174147052945283	0.3717414705294527
Cytoplasm_Texture_AngularSecondMoment_Mitochondria_3_01_256	0.10799981806319092	-0.00023202928213154938	-0.34529655735075526	0.34529655735075515
Cytoplasm_Texture_AngularSecondMoment_Mitochondria_3_02_256	0.12137765380153986	-0.00017907071648319228	-0.35287801113210476	0.35287801113210465
Cytoplasm_Texture_AngularSecondMoment_Mitochondria_3_03_256	0.10663980725989397	-0.00017658869413639475	-0.341677605592114	0.3416776055921139
Cytoplasm_Texture_AngularSecondMoment_PM_3_01_256	0.27112815509806165	-0.0001992262543410451	-0.5624769989524591	0.562476998952459
Cytoplasm_Texture_Contrast_Actin_3_00_256	0.15009934862154461	0.0008598987852248342	0.4661449299994106	-0.46614492999941043
Cytoplasm_Texture_Contrast_ER_3_00_256	0.16369356707870975	-0.0002010681303184235	0.3732577430672277	-0.3732577430672276
Cytoplasm_Texture_Contrast_ER_3_01_256	0.13485624503042837	-0.0002319546870347368	0.35286417439504275	-0.3528641743950427
Cytoplasm_Texture_Contrast_ER_3_02_256	0.16282612627132187	-0.00024535266835567284	0.3790135863000217	-0.3790135863000216
Cytoplasm_Texture_Contrast_ER_3_03_256	0.14616447222984064	-0.00021735997405700612	0.35226791848614086	-0.35226791848614075
Cytoplasm_Texture_Contrast_Hoechst_3_00_256	0.0037758442743818232	0.0002768357115418326	0.005376460794221885	-0.005376460794221884
Cytoplasm_Texture_Contrast_Hoechst_3_01_256	0.0031121559595271853	0.00025283296927205	0.007743520100355197	-0.007743520100355195
Cytoplasm_Texture_Contrast_Hoechst_3_02_256	0.004082768472702725	0.00028382323522698264	0.0003668893262754187	-0.0003668893262754186
Cytoplasm_Texture_Contrast_Hoechst_3_03_256	0.0033029772142656455	0.00026371349140471786	0.0017114825235777413	-0.001711482523577741
Cytoplasm_Texture_Contrast_Mitochondria_3_00_256	0.03619518945350031	8.853194258167758e-05	0.22195090474149265	-0.22195090474149257
Cytoplasm_Texture_Contrast_Mitochondria_3_01_256	0.03120868138853039	4.073334294369018e-05	0.2108612965318316	-0.21086129653183158
Cytoplasm_Texture_Contrast_Mitochondria_3_02_256	0.0342374029635204	-8.062878720526623e-07	0.2117671823489206	-0.21176718234892056
Cytoplasm_Texture_Contrast_Mitochondria_3_03_256	0.03269615711255802	-6.819387026891863e-07	0.20614747487930524	-0.20614747487930515
Cytoplasm_Texture_Contrast_PM_3_00_256	0.04975807664414911	9.221718021347925e-05	0.21711945382775916	-0.21711945382775907
Cytoplasm_Texture_Contrast_PM_3_01_256	0.0395817900193175	6.130446774688844e-05	0.19762137237541272	-0.19762137237541266
Cytoplasm_Texture_Contrast_PM_3_02_256	0.033228899003698964	3.119402260165036e-05	0.19392097313722972	-0.19392097313722967
Cytoplasm_Texture_Contrast_PM_3_03_256	0.032870082012736224	-1.968401957007561e-06	0.18817602324533994	-0.18817602324533989
Cytoplasm_Texture_Correlation_Actin_3_00_256	0.05042722739258787	-0.00014096868044916449	0.19904618598343776	-0.1990461859834377
Cytoplasm_Texture_Correlation_Actin_3_01_256	0.06617345209821757	-0.0001328506513937997	0.25099452038094694	-0.2509945203809469
Cytoplasm_Texture_Correlation_Actin_3_02_256	0.07175564716256289	-1.7617900934198942e-05	0.24983325406334783	-0.24983325406334778
Cytoplasm_Texture_Correlation_Actin_3_03_256	0.05453753500924674	-8.292507188683184e-05	0.2286327938136971	-0.22863279381369703
Cytoplasm_Texture_Correlation_ER_3_00_256	0.03284849908015519	-0.0003395490794318476	0.18552935243916202	-0.18552935243916197
Cytoplasm_Texture_Correlation_ER_3_01_256	0.031057786653788555	-0.0003910301112068524	0.1712516924489454	-0.17125169244894534
Cytoplasm_Texture_Correlation_ER_3_02_256	0.03290256395894808	-0.00031370198764939504	0.19112296693560288	-0.19112296693560282
Cytoplasm_Texture_Correlation_ER_3_03_256	0.022787987777220242	-0.00032491057369772895	0.14935169298312315	-0.1493516929831231
Cytoplasm_Texture_Correlation_Hoechst_3_00_256	0.01237010697000529	-4.4659364842435764e-05	0.12346802739271726	-0.12346802739271723
Cytoplasm_Texture_Correlation_Hoechst_3_01_256	0.02769850364828874	-0.0001332848901078371	0.17672580936080212	-0.17672580936080207
Cytoplasm_Texture_Correlation_Hoechst_3_02_256	0.014729397127972166	2.4092433543567294e-05	0.1382123500047426	-0.13821235000474255
Cytoplasm_Texture_Correlation_Hoechst_3_03_256	0.023258888113852683	-7.289475010184813e-05	0.16527777793201562	-0.16527777793201556
Cytoplasm_Texture_Correlation_Mitochondria_3_00_256	0.02478746630214701	-0.0003720766463920939	0.15554564083525368	-0.15554564083525363
Cytoplasm_Texture_Correlation_Mitochondria_3_01_256	0.024289763072970816	-0.00044453164926066283	0.14336464713368322	-0.1433646471336832
Cytoplasm_Texture_Correlation_Mitochondria_3_02_256	0.026037923946375607	-0.0003822685824246197	0.16110438067300661	-0.16110438067300656
Cytoplasm_Texture_Correlation_Mitochondria_3_03_256	0.01878984026161923	-0.0003524016725698767	0.12941818639290173	-0.1294181863929017
Cytoplasm_Texture_Correlation_PM_3_00_256	0.016700672894453872	-0.0004390822965961039	0.10574347143954527	-0.10574347143954524
Cytoplasm_Texture_Correlation_PM_3_01_256	0.012680267558201619	-0.0004515968442698101	0.07927837013196845	-0.07927837013196842
Cytoplasm_Texture_Correlation_PM_3_02_256	0.016519197784946038	-0.0004159073052981805	0.10972176639583722	-0.1097217663958372
Cytoplasm_Texture_Correlation_PM_3_03_256	0.011690977126371793	-0.0004165262497852184	0.07743017658843022	-0.0774301765884302
Cytoplasm_Texture_DifferenceEntropy_ER_3_00_256	0.3971965808949586	-1.8214876020679823e-05	0.6654655390353614	-0.6654655390353612
Cytoplasm_Texture_DifferenceEntropy_Hoechst_3_02_256	0.024488342427898213	0.0005173327186072802	0.14466149928375113	-0.1446614992837511
Cytoplasm_Texture_DifferenceEntropy_Mitochondria_3_00_256	0.1804350309356495	0.00027048668067930915	0.45788385596559267	-0.4578838559655925
Cytoplasm_Texture_DifferenceEntropy_Mitochondria_3_01_256	0.1702375747327548	0.0002488032785733485	0.44692973185567864	-0.4469297318556786
Cytoplasm_Texture_DifferenceEntropy_Mitochondria_3_02_256	0.16996346876333235	0.00020406529454450133	0.4413135399939344	-0.44131353999393425
Cytoplasm_Texture_DifferenceEntropy_Mitochondria_3_03_256	0.1728828136540489	0.00018110306548334529	0.4491083176244576	-0.4491083176244574
Cytoplasm_Texture_DifferenceEntropy_PM_3_00_256	0.1978790019061657	0.00019759502058397485	0.4634615947155728	-0.46346159471557263
Cytoplasm_Texture_DifferenceEntropy_PM_3_02_256	0.1920499916065559	0.00014826454641146163	0.4571352286591589	-0.45713522865915873
Cytoplasm_Texture_DifferenceEntropy_PM_3_03_256	0.18706239841703276	0.0001313976241996894	0.4522781036708843	-0.4522781036708841
Cytoplasm_Texture_DifferenceVariance_Actin_3_01_256	0.09146156673552397	-0.0002061189111868382	-0.12635066353015553	0.12635066353015548
Cytoplasm_Texture_DifferenceVariance_ER_3_01_256	0.34049083310359607	0.00024193704738296353	-0.6306054127871897	0.6306054127871895
Cytoplasm_Texture_DifferenceVariance_ER_3_03_256	0.33852849405725927	0.0002827060268623796	-0.6342226331995029	0.6342226331995027
Cytoplasm_Texture_DifferenceVariance_Hoechst_3_02_256	0.07559511724944012	-0.0007558935144546728	-0.29607711594635255	0.2960771159463525
Cytoplasm_Texture_DifferenceVariance_Mitochondria_3_00_256	0.17424206971703304	3.180025028750972e-05	-0.45295805688719826	0.45295805688719815
Cytoplasm_Texture_DifferenceVariance_Mitochondria_3_01_256	0.15245730957296644	1.7533801468275315e-06	-0.43211711958510546	0.4321171195851053
Cytoplasm_Texture_DifferenceVariance_Mitochondria_3_02_256	0.1637917074125903	5.862594113881847e-05	-0.44237862047722676	0.44237862047722665
Cytoplasm_Texture_DifferenceVariance_Mitochondria_3_03_256	0.1551480248666549	5.528078531617412e-05	-0.4351939434507499	0.4351939434507498
Cytoplasm_Texture_DifferenceVariance_PM_3_03_256	0.26242093613000017	0.0002990635967251507	-0.561203849238466	0.5612038492384658
Cytoplasm_Texture_InfoMeas1_ER_3_00_256	0.03973511713559086	0.0008799905644280847	0.16606208330149055	-0.1660620833014905
Cytoplasm_Texture_InfoMeas1_ER_3_01_256	0.034000347007183906	0.000907050606970135	0.13033783583579106	-0.13033783583579103
Cytoplasm_Texture_InfoMeas1_ER_3_02_256	0.03308079013191778	0.0008173954578168957	0.1447917748550437	-0.14479177485504366
Cytoplasm_Texture_InfoMeas1_ER_3_03_256	0.03838914205936517	0.0008325398238146245	0.1699164353019986	-0.16991643530199854
Cytoplasm_Texture_InfoMeas1_Hoechst_3_00_256	0.0071082236595088055	0.00047282203812915865	0.0549519008729667	-0.054951900872966676
Cytoplasm_Texture_InfoMeas1_Hoechst_3_01_256	0.017014520071796824	0.0004276181327994454	-0.10856929275759183	0.1085692927575918
Cytoplasm_Texture_InfoMeas1_Hoechst_3_02_256	0.004748734357647111	0.0004084585917577654	0.035372398156187604	-0.03537239815618759
Cytoplasm_Texture_InfoMeas1_Hoechst_3_03_256	0.01462364036094188	0.0004398872233677679	-0.09201724159131705	0.09201724159131702
Cytoplasm_Texture_InfoMeas1_Mitochondria_3_00_256	0.023077847172630395	0.0008856686743614982	0.025613310149987037	-0.02561331014998703
Cytoplasm_Texture_InfoMeas1_Mitochondria_3_01_256	0.02139672823712868	0.0008277848344030019	0.009030261392827019	-0.009030261392827015
Cytoplasm_Texture_InfoMeas1_Mitochondria_3_02_256	0.017962409890207587	0.0007691951598292995	0.010698367901028592	-0.01069836790102859
Cytoplasm_Texture_InfoMeas1_Mitochondria_3_03_256	0.01742429446987237	0.0007506345677143455	0.0322118779942595	-0.03221187799425949
Cytoplasm_Texture_InfoMeas1_PM_3_00_256	0.04506575260694923	0.0010104192372583634	0.17067279877777133	-0.17067279877777128
Cytoplasm_Texture_InfoMeas1_PM_3_01_256	0.04714673996280616	0.0009981455237806879	0.1805020683249165	-0.18050206832491644
Cytoplasm_Texture_InfoMeas1_PM_3_02_256	0.04086662962318943	0.0009478765224021307	0.16752536470381665	-0.1675253647038166
Cytoplasm_Texture_InfoMeas1_PM_3_03_256	0.04792224086379704	0.0009810964683945936	0.18711364163782385	-0.1871136416378238
Cytoplasm_Texture_InfoMeas2_ER_3_00_256	0.0750872861693066	-0.0005099804368262167	0.2833402204085571	-0.28334022040855705
Cytoplasm_Texture_InfoMeas2_ER_3_01_256	0.09066574985301656	-0.000630636369995273	0.303204455001032	-0.30320445500103194
Cytoplasm_Texture_InfoMeas2_ER_3_02_256	0.07765830623093073	-0.000479300238421683	0.2900757882379127	-0.2900757882379126
Cytoplasm_Texture_InfoMeas2_ER_3_03_256	0.07699491638340672	-0.0006064291513811036	0.274193282047884	-0.27419328204788396
Cytoplasm_Texture_InfoMeas2_Hoechst_3_00_256	0.09399579910274225	0.0003031139875498509	0.3393439383039186	-0.3393439383039185
Cytoplasm_Texture_InfoMeas2_Hoechst_3_01_256	0.11160217714419318	0.00015757673916213938	0.3726323885529368	-0.3726323885529367
Cytoplasm_Texture_InfoMeas2_Hoechst_3_02_256	0.09727013224214132	0.00032664645922215926	0.347308471170726	-0.34730847117072594
Cytoplasm_Texture_InfoMeas2_Hoechst_3_03_256	0.1079811150225638	0.00016640140923075025	0.3640795976376462	-0.3640795976376461
Cytoplasm_Texture_InfoMeas2_Mitochondria_3_00_256	0.04791477438920144	-0.0004375727949598609	0.2298000834052354	-0.22980008340523536
Cytoplasm_Texture_InfoMeas2_Mitochondria_3_01_256	0.060833705139891614	-0.0005310107645290702	0.25193875062823534	-0.2519387506282353
Cytoplasm_Texture_InfoMeas2_Mitochondria_3_02_256	0.04860744900742153	-0.00041461984531254416	0.2353843469470095	-0.23538434694700944
Cytoplasm_Texture_InfoMeas2_Mitochondria_3_03_256	0.05182526735744086	-0.000493500349661341	0.2301920697819554	-0.23019206978195533
Cytoplasm_Texture_InfoMeas2_PM_3_00_256	0.04456243888455824	-0.0005771264794633759	0.2019191648395623	-0.2019191648395622
Cytoplasm_Texture_InfoMeas2_PM_3_01_256	0.04354056212597179	-0.0006396322477756705	0.19239005384306468	-0.19239005384306462
Cytoplasm_Texture_InfoMeas2_PM_3_02_256	0.04090546503756831	-0.0005144243588207942	0.20119276119095542	-0.20119276119095536
Cytoplasm_Texture_InfoMeas2_PM_3_03_256	0.040395881688158886	-0.0006259549690246446	0.1818767716486327	-0.18187677164863264
Cytoplasm_Texture_InverseDifferenceMoment_Actin_3_02_256	0.2946311867677378	-0.0006806978642501444	-0.40176570300118375	0.40176570300118364
Cytoplasm_Texture_InverseDifferenceMoment_ER_3_00_256	0.439452902180399	-0.00020585882636618594	-0.7038024379612547	0.7038024379612546
Cytoplasm_Texture_InverseDifferenceMoment_ER_3_01_256	0.4352408903887579	-0.00020031193024675587	-0.7048040317064395	0.7048040317064392
Cytoplasm_Texture_InverseDifferenceMoment_ER_3_02_256	0.43688362374769574	-0.0001753578386353849	-0.6985996977520283	0.6985996977520281
Cytoplasm_Texture_InverseDifferenceMoment_ER_3_03_256	0.4461943592885623	-0.00017608170178417631	-0.7118082176344729	0.7118082176344727
Cytoplasm_Texture_InverseDifferenceMoment_Hoechst_3_02_256	0.007020979766735214	-0.0002764234106210773	-0.08504401731665294	0.08504401731665291
Cytoplasm_Texture_InverseDifferenceMoment_Mitochondria_3_00_256	0.22725515671880792	-0.0005053275540724489	-0.4958427966023733	0.4958427966023731
Cytoplasm_Texture_InverseDifferenceMoment_Mitochondria_3_01_256	0.22320689091195456	-0.000520962311337544	-0.489627309302369	0.48962730930236886
Cytoplasm_Texture_InverseDifferenceMoment_Mitochondria_3_02_256	0.20854789840625454	-0.00042755733824539476	-0.4718478795558403	0.4718478795558401
Cytoplasm_Texture_InverseDifferenceMoment_Mitochondria_3_03_256	0.22550758238544366	-0.0004258122246245583	-0.4909757951456992	0.49097579514569906
Cytoplasm_Texture_InverseDifferenceMoment_PM_3_00_256	0.21116002202576267	-0.0003413873282449495	-0.47233575156094854	0.47233575156094837
Cytoplasm_Texture_InverseDifferenceMoment_PM_3_01_256	0.2157715454915281	-0.000343675438533067	-0.47738603481027997	0.4773860348102798
Cytoplasm_Texture_InverseDifferenceMoment_PM_3_02_256	0.200322395253411	-0.0003057261643344427	-0.46147604335871717	0.4614760433587171
Cytoplasm_Texture_InverseDifferenceMoment_PM_3_03_256	0.20853323343933428	-0.0002996748341177136	-0.47106783700043664	0.4710678370004366
Cytoplasm_Texture_SumEntropy_ER_3_01_256	0.3290779136819302	-0.00013780797687018052	0.6352052352360286	-0.6352052352360283
Cytoplasm_Texture_SumEntropy_PM_3_01_256	0.23230217946461607	-3.7468054875713275e-05	0.5197448142973357	-0.5197448142973355
Cytoplasm_Texture_SumVariance_ER_3_01_256	0.12892362856641337	-0.0003956384796812809	0.34675129990070985	-0.34675129990070974
Cytoplasm_Texture_SumVariance_Hoechst_3_00_256	0.0006353363956691505	8.554626987107626e-05	0.013380992981335604	-0.013380992981335599
Cytoplasm_Texture_SumVariance_Mitochondria_3_03_256	0.031086651700374612	-9.048877980707588e-06	0.18854248341704566	-0.1885424834170456
Cytoplasm_Texture_SumVariance_PM_3_01_256	0.030297555810765653	-5.669025658847699e-05	0.1682409886167082	-0.16824098861670814
Cells_AreaShape_Compactness	0.04842853412251591	-0.0006009394572431467	-0.23943977231391034	0.23943977231391028
Cells_AreaShape_Extent	0.03344216410699963	0.0003041100139251377	0.1939558752335186	-0.1939558752335185
Cells_AreaShape_FormFactor	0.027755606026535373	0.0002846749544219357	0.18683075054714848	-0.18683075054714843
Cells_AreaShape_Orientation	7.389147015968156e-05	-2.908918050203351e-05	0.006821525795361213	-0.00682152579536121
Cells_AreaShape_Solidity	0.036330405502629004	0.00034599225671352364	0.20287588535097134	-0.20287588535097126
Cells_AreaShape_Zernike_0_0	0.04227374883389656	0.00037174403498178887	0.21834326667100706	-0.21834326667100698
Cells_AreaShape_Zernike_1_1	0.015429035266353863	0.0002723120546309589	0.13573309094762293	-0.1357330909476229
Cells_AreaShape_Zernike_2_0	0.03459921919444087	0.000365380833849952	0.19233054788751708	-0.19233054788751702
Cells_AreaShape_Zernike_2_2	0.0032339036578451497	0.00021741990579012335	0.055153197525545414	-0.05515319752554539
Cells_AreaShape_Zernike_3_1	0.0014111629391024838	5.154771566837937e-05	0.04172512138958564	-0.04172512138958563
Cells_AreaShape_Zernike_3_3	0.01378760421988423	0.00026279666564490897	0.1289838769581343	-0.12898387695813426
Cells_AreaShape_Zernike_4_0	0.002551858056213163	-8.712196920337394e-05	-0.05690921821274847	0.05690921821274844
Cells_AreaShape_Zernike_4_2	0.0002749377314146262	9.71119643107843e-05	0.006490382365817924	-0.006490382365817922
Cells_AreaShape_Zernike_4_4	0.0023460558948884547	0.000143520002529482	0.05059134163766911	-0.050591341637669096
Cells_AreaShape_Zernike_5_1	0.0001280836336340352	4.930488687015679e-05	0.010041651287786344	-0.01004165128778634
Cells_AreaShape_Zernike_5_3	0.004678719360387551	9.742566261258266e-05	0.07683814779257005	-0.07683814779257003
Cells_AreaShape_Zernike_5_5	0.012448643359149858	0.0002617601628444101	0.12105550024644834	-0.12105550024644832
Cells_AreaShape_Zernike_6_0	0.0004523205528905727	-9.115121807857612e-06	-0.02360134833032357	0.02360134833032356
Cells_AreaShape_Zernike_6_2	0.0002785956804243206	1.4044715560837247e-05	-0.018078592595855637	0.01807859259585563
Cells_AreaShape_Zernike_6_4	0.00024178475331460003	-8.321248287558163e-05	-0.01017855495968684	0.010178554959686836
Cells_AreaShape_Zernike_6_6	0.0036251531854382124	0.000252955962447604	0.0548236215938426	-0.05482362159384259
Cells_AreaShape_Zernike_7_1	0.0009582524448731311	4.520874373049287e-05	0.03472888919597245	-0.03472888919597244
Cells_AreaShape_Zernike_7_3	0.0006515156961482971	2.779943592677922e-05	0.0288362253419865	-0.028836225341986495
Cells_AreaShape_Zernike_7_5	0.002638696742832125	8.382631415265137e-05	0.05734310814875826	-0.057343108148758246
Cells_AreaShape_Zernike_7_7	0.009416490581205417	0.00020200809518507122	0.10619725020031476	-0.10619725020031472
Cells_AreaShape_Zernike_8_0	0.0001455828416465632	-4.782412486263061e-05	-0.011687566729716593	0.01168756672971659
Cells_AreaShape_Zernike_8_2	1.0039080668766687e-05	4.5484707925059e-06	0.0035674851032840614	-0.00356748510328406
Cells_AreaShape_Zernike_8_4	0.0005072664975559471	2.031023380128854e-05	-0.024130951260347117	0.02413095126034711
Cells_AreaShape_Zernike_8_6	0.0010841963575889402	8.226655270778914e-06	-0.03575765678122216	0.035757656781222155
Cells_AreaShape_Zernike_8_8	0.003544251515855912	0.00022535964732845154	0.05786569900429997	-0.05786569900429995
Cells_AreaShape_Zernike_9_1	0.0003495329808291814	0.00011068022913957437	0.005104468913006283	-0.005104468913006281
Cells_AreaShape_Zernike_9_3	6.305141969376038e-05	2.0600733890788258e-05	0.00857998980099253	-0.008579989800992529
Cells_AreaShape_Zernike_9_5	0.0002456383622357894	4.0898136580026166e-05	0.017000705458715976	-0.017000705458715973
Cells_AreaShape_Zernike_9_7	0.0009627594902844594	9.307726200840293e-05	0.03260428144728769	-0.032604281447287685
Cells_AreaShape_Zernike_9_9	0.007264739844779156	0.00022051763488215828	0.0906669697302955	-0.09066696973029549
Cells_Correlation_Correlation_ER_Hoechst	0.037227014906098366	-0.0007053448977780157	-0.18689951021771134	0.18689951021771128
Cells_Correlation_Correlation_ER_PM	0.018365711618746672	-0.0007317418221970227	0.04283278426352964	-0.04283278426352963
Cells_Correlation_Correlation_Hoechst_PM	0.1771523225442333	-0.0002389985996261065	-0.496791836384637	0.49679183638463686
Cells_Correlation_K_Hoechst_PM	0.05541643946481112	-0.0009406453998925186	0.17319523990541139	-0.17319523990541133
Cells_Correlation_Overlap_Hoechst_PM	0.18981138999099345	6.617074700995266e-05	-0.5019735258384795	0.5019735258384794
Cells_Correlation_RWC_ER_PM	0.00024152994855131116	6.255192639316952e-05	0.014700846848800426	-0.01470084684880042
Cells_Correlation_RWC_Hoechst_ER	0.00014992648772460537	8.82047083975935e-06	-0.014000502272363085	0.01400050227236308
Cells_Correlation_RWC_Hoechst_PM	0.003725887431334285	-0.0003208657025618229	-0.030328541440573974	0.030328541440573967
Cells_Correlation_RWC_PM_Actin	0.13953200829863122	0.0004246118665860084	0.38735266014420544	-0.3873526601442053
Cells_Correlation_RWC_PM_ER	0.00033816658403840183	0.00011017162872837499	0.009738651774390221	-0.00973865177439022
Cells_Correlation_RWC_PM_Mitochondria	0.0031232696595547838	0.00022280934785335246	-0.04359555998480794	0.04359555998480793
Cells_Granularity_1_ER	0.0008594929694120124	5.956194950779426e-05	0.04125345010397179	-0.04125345010397177
Cells_Granularity_1_Hoechst	0.008589181523379064	-0.0002927936617488713	0.07880183453974841	-0.07880183453974839
Cells_Granularity_2_Hoechst	0.00531010351026362	0.00016115408851321338	0.06515726681869034	-0.06515726681869033
Cells_Intensity_IntegratedIntensityEdge_Actin	0.2198167000303256	0.0001831798774716927	0.5387043679948194	-0.5387043679948192
Cells_Intensity_IntegratedIntensityEdge_ER	0.2240307059362583	-0.000257959764015681	0.5555981242899642	-0.555598124289964
Cells_Intensity_IntegratedIntensityEdge_Hoechst	0.015074135184568904	-0.00014370733143524158	0.1380393959735697	-0.13803939597356968
Cells_Intensity_IntegratedIntensityEdge_Mitochondria	0.13500826931344068	-0.0003109763503956351	0.3937145517055656	-0.39371455170556546
Cells_Intensity_IntegratedIntensityEdge_PM	0.13009726300839264	-0.000477880933082618	0.3845848018646887	-0.3845848018646885
Cells_Intensity_IntegratedIntensity_Hoechst	0.05756591806418987	-0.00030582762511158174	0.24620531560707604	-0.24620531560707595
Cells_Intensity_LowerQuartileIntensity_PM	0.05637245356154641	0.00015480097290111787	0.25616887438142577	-0.2561688743814257
Cells_Intensity_MADIntensity_Hoechst	0.013681011085117878	0.0003178248681224017	0.10826752262766517	-0.10826752262766513
Cells_Intensity_MADIntensity_PM	0.11718752817441747	0.00010279763280909814	0.3469966314172388	-0.3469966314172387
Cells_Intensity_MassDisplacement_Hoechst	0.014870491808784303	-0.000495152579720327	-0.10382690250784035	0.10382690250784032
Cells_Intensity_MaxIntensityEdge_ER	0.24222772869924336	-0.0003420241975173985	0.5111131323606158	-0.5111131323606157
Cells_Intensity_MaxIntensityEdge_Hoechst	0.014886710295664574	0.00036287081967634037	0.09381267033415747	-0.09381267033415744
Cells_Intensity_MaxIntensityEdge_Mitochondria	0.11476063592915675	-3.281579855600538e-05	0.3726406401768301	-0.37264064017682996
Cells_Intensity_MaxIntensityEdge_PM	0.10017389628935325	-0.0001335208631541636	0.3283933172151666	-0.3283933172151665
Cells_Intensity_MaxIntensity_Hoechst	0.018307108053489896	0.0001888962164446691	0.1313120594529067	-0.13131205945290664
Cells_Intensity_MedianIntensity_Hoechst	0.0015201967544731243	0.00013296640596611848	0.036816242230891756	-0.03681624223089175
Cells_Intensity_StdIntensityEdge_Mitochondria	0.12982153826584986	0.0001222345515895514	0.38213119266515827	-0.38213119266515816
Cells_Intensity_StdIntensityEdge_PM	0.11859762331402435	1.2193779994174962e-05	0.34814091895741855	-0.34814091895741844
Cells_Intensity_UpperQuartileIntensity_Hoechst	0.008679860396719419	0.00041098325504016815	0.06434966203451455	-0.06434966203451452
Cells_Neighbors_AngleBetweenNeighbors_Adjacent	0.0007986020873455013	0.00012182798849688432	-0.015513462241852367	0.015513462241852363
Cells_Neighbors_FirstClosestDistance_Adjacent	0.06719728644086398	-0.0011612758568052394	-0.022999933458377718	0.02299993345837771
Cells_Neighbors_PercentTouching_Adjacent	0.08910388038129313	0.00047214288895636066	0.3204647776459547	-0.32046477764595466
Cells_Neighbors_SecondClosestDistance_Adjacent	0.08666686981522886	-0.0011984518845646452	-0.04296948374015861	0.042969483740158604
Cells_RadialDistribution_FracAtD_ER_3of4	0.0033492779240397175	-4.222679292914324e-05	0.06307901642394169	-0.06307901642394166
Cells_RadialDistribution_FracAtD_ER_4of4	0.0016465338226752113	0.00011230472876030238	-0.03596787110597133	0.035967871105971314
Cells_RadialDistribution_FracAtD_Hoechst_1of4	0.009840582162204403	0.0002239649535836676	0.1029098200075454	-0.10290982000754537
Cells_RadialDistribution_FracAtD_Hoechst_2of4	0.01111526080131342	0.00029258641550119823	0.10659417227443585	-0.10659417227443581
Cells_RadialDistribution_FracAtD_Hoechst_3of4	0.0027019907869357818	0.0002826781334891521	0.02369927775679253	-0.023699277756792522
Cells_RadialDistribution_FracAtD_Hoechst_4of4	0.009855416095417846	-0.00035993021469249615	-0.09480998569745233	0.0948099856974523
Cells_RadialDistribution_FracAtD_PM_1of4	0.007080044080245873	0.00021475840739566715	0.08950156450096347	-0.08950156450096344
Cells_RadialDistribution_FracAtD_PM_3of4	0.005192534087385514	0.0002988240311853565	0.06582216932985599	-0.06582216932985596
Cells_RadialDistribution_FracAtD_PM_4of4	0.007239659918672814	-0.0003003497534988699	-0.08537700122570918	0.08537700122570915
Cells_RadialDistribution_MeanFrac_ER_4of4	0.025439994449706682	0.0004649746619010976	0.17528419122243133	-0.17528419122243127
Cells_RadialDistribution_MeanFrac_Hoechst_1of4	0.000640335512720358	8.391260525659676e-05	-0.01596889853999062	0.015968898539990617
Cells_RadialDistribution_MeanFrac_Hoechst_2of4	0.0036634364785282925	5.0230683584791906e-05	-0.05647485152769627	0.05647485152769625
Cells_RadialDistribution_MeanFrac_Hoechst_3of4	0.023050996260427725	-0.00011618838186716069	-0.16045902508201335	0.1604590250820133
Cells_RadialDistribution_MeanFrac_Hoechst_4of4	0.0020341750217214294	-0.0002488209201301424	-0.019171907887663507	0.0191719078876635
Cells_RadialDistribution_MeanFrac_PM_1of4	0.008993337660742506	-2.3264280281882054e-05	-0.09878598471093045	0.09878598471093042
Cells_RadialDistribution_MeanFrac_PM_3of4	0.03952761579083652	-0.00022639700506027689	-0.21750997692841068	0.21750997692841062
Cells_RadialDistribution_MeanFrac_PM_4of4	0.010641988420290516	-5.2337090061904797e-05	0.10848594875264106	-0.10848594875264103
Cells_RadialDistribution_RadialCV_Actin_1of4	0.004765463074249743	0.00031219429354812874	-0.048861990991673585	0.04886199099167357
Cells_RadialDistribution_RadialCV_Actin_2of4	0.005687752113566313	0.00022810103057367825	-0.07013203500951284	0.07013203500951283
Cells_RadialDistribution_RadialCV_Actin_3of4	0.008154671784679324	0.00023600472452360165	-0.08691250283151875	0.08691250283151872
Cells_RadialDistribution_RadialCV_Actin_4of4	0.0010383432854331742	0.00019620845211076833	0.01146368295268638	-0.011463682952686377
Cells_RadialDistribution_RadialCV_ER_1of4	0.02600772515719607	0.0001267863903085524	0.19916186379759648	-0.19916186379759643
Cells_RadialDistribution_RadialCV_ER_2of4	0.02781838736951081	8.984584367280523e-05	0.19932740659030773	-0.19932740659030768
Cells_RadialDistribution_RadialCV_ER_3of4	0.014505526019196857	-0.00014053200082939717	0.13297741838520943	-0.1329774183852094
Cells_RadialDistribution_RadialCV_ER_4of4	0.008966801591357099	-0.0005561026980674568	-0.014085441985779497	0.014085441985779493
Cells_RadialDistribution_RadialCV_Hoechst_1of4	0.006035207357150907	-3.905616782137045e-05	0.07957824006746882	-0.0795782400674688
Cells_RadialDistribution_RadialCV_Hoechst_2of4	0.005859100894530234	-6.283642313104444e-05	0.07757019793550529	-0.07757019793550528
Cells_RadialDistribution_RadialCV_Hoechst_3of4	9.577340569089099e-05	4.529166212661531e-05	0.0077688137999462024	-0.007768813799946201
Cells_RadialDistribution_RadialCV_Hoechst_4of4	0.011383067360163146	9.573947174228158e-05	-0.10971244634294591	0.1097124463429459
Cells_RadialDistribution_RadialCV_Mitochondria_1of4	0.011647076023575842	0.0001249104044795651	0.12697403655890815	-0.1269740365589081
Cells_RadialDistribution_RadialCV_Mitochondria_2of4	0.017385489364240336	0.00010242421065236974	0.14504113877950298	-0.14504113877950292
Cells_RadialDistribution_RadialCV_Mitochondria_3of4	0.015058931844546541	-1.6623273425947946e-05	0.13197475617075471	-0.1319747561707547
Cells_RadialDistribution_RadialCV_Mitochondria_4of4	0.012710555768356002	-0.00010452504223017463	0.11592850761709789	-0.11592850761709785
Cells_RadialDistribution_RadialCV_PM_1of4	0.00543096579360236	-0.0001127207969360293	0.07247839142576523	-0.0724783914257652
Cells_RadialDistribution_RadialCV_PM_2of4	0.002033333116210234	-0.0002007300029550056	0.022722618755040523	-0.022722618755040516
Cells_RadialDistribution_RadialCV_PM_3of4	0.00593756812095525	-0.00030700087259043083	-0.0708927496983842	0.07089274969838417
Cells_RadialDistribution_RadialCV_PM_4of4	0.01066938798386774	-0.00043043068956657407	-0.09572997098813457	0.09572997098813454
Cells_Texture_AngularSecondMoment_ER_3_03_256	0.3494843584215196	8.242094053213145e-05	-0.6815640265332997	0.6815640265332995
Cells_Texture_AngularSecondMoment_Hoechst_3_01_256	0.03498041552569431	-0.0005392151735646103	-0.1863381753732261	0.18633817537322606
Cells_Texture_AngularSecondMoment_Mitochondria_3_03_256	0.13271679284664695	-0.00012052701636602432	-0.41511056800188695	0.41511056800188684
Cells_Texture_AngularSecondMoment_PM_3_01_256	0.34612454901739165	-0.0004128771883657718	-0.5354599838806335	0.5354599838806334
Cells_Texture_Contrast_Hoechst_3_00_256	0.0038467800514564443	0.0002964731399143286	0.021367031687201138	-0.02136703168720113
Cells_Texture_Contrast_Hoechst_3_02_256	0.0026472110082923495	0.0002588068876826903	0.011107021875061508	-0.011107021875061504
Cells_Texture_Contrast_Mitochondria_3_03_256	0.04911690969842597	7.242903325509984e-05	0.24497954671628458	-0.24497954671628447
Cells_Texture_Contrast_PM_3_01_256	0.045467411724175455	0.00010878898515993023	0.21040915251533665	-0.2104091525153366
Cells_Texture_Contrast_PM_3_03_256	0.0448153438921417	8.596961128111465e-05	0.19824804986604477	-0.19824804986604472
Cells_Texture_Correlation_Actin_3_00_256	0.06652186105252855	-1.3992803534365513e-05	0.1913610363161824	-0.19136103631618234
Cells_Texture_Correlation_Actin_3_01_256	0.08238765176740015	-3.313415096126405e-05	0.2378725154674738	-0.23787251546747373
Cells_Texture_Correlation_Actin_3_02_256	0.08720710574518364	8.459827875023897e-05	0.23289974426373	-0.23289974426372992
Cells_Texture_Correlation_Actin_3_03_256	0.06496068024771973	4.2770996082274035e-05	0.21381273429146463	-0.21381273429146455
Cells_Texture_Correlation_ER_3_00_256	0.05788248392787698	-0.0004946353954789973	0.2451758874500516	-0.24517588745005153
Cells_Texture_Correlation_ER_3_01_256	0.050128988118238405	-0.0005066214084134727	0.22194701873294065	-0.2219470187329406
Cells_Texture_Correlation_ER_3_03_256	0.04333198358785306	-0.00046638595469481153	0.20419594192008078	-0.20419594192008073
Cells_Texture_Correlation_Hoechst_3_03_256	0.002959956466825786	-2.587026434965228e-05	0.060427208058454196	-0.06042720805845418
Cells_Texture_Correlation_Mitochondria_3_00_256	0.04877837160274201	-0.0004577552000082683	0.2250406136512335	-0.22504061365123343
Cells_Texture_Correlation_Mitochondria_3_01_256	0.0464372029707143	-0.0004558780085361443	0.21492781081122725	-0.2149278108112272
Cells_Texture_Correlation_Mitochondria_3_02_256	0.05072994489907978	-0.00041519955939944164	0.2395391826189075	-0.23953918261890744
Cells_Texture_Correlation_Mitochondria_3_03_256	0.03565005171582181	-0.00042443518534412424	0.18635454292936443	-0.18635454292936438
Cells_Texture_Correlation_PM_3_01_256	0.005522199364964009	-0.00033448772151892323	-0.06159316997229909	0.06159316997229908
Cells_Texture_Correlation_PM_3_03_256	0.005163297932433086	-0.0002982279172867536	-0.06382638948235916	0.06382638948235915
Cells_Texture_DifferenceEntropy_Hoechst_3_02_256	0.011780962456518385	0.000584485132688736	0.032551939739574806	-0.0325519397395748
Cells_Texture_DifferenceEntropy_PM_3_01_256	0.18113039821760435	0.00024336754572880728	0.42878481692459913	-0.42878481692459897
Cells_Texture_DifferenceEntropy_PM_3_03_256	0.1875499307990145	0.0002116453400612614	0.4361706214933655	-0.4361706214933654
Cells_Texture_DifferenceVariance_Hoechst_3_01_256	0.021632468640417235	-0.0006611720084040099	-0.1351141248307237	0.13511412483072366
Cells_Texture_DifferenceVariance_Mitochondria_3_03_256	0.17363611969499992	8.971296541516616e-05	-0.47128245887288633	0.4712824588728861
Cells_Texture_DifferenceVariance_PM_3_03_256	0.3254538471296352	0.00016880520096718366	-0.5864950798809947	0.5864950798809945
Cells_Texture_InfoMeas1_ER_3_00_256	0.06187144448359194	0.0009497333912673411	0.2215296105897766	-0.22152961058977655
Cells_Texture_InfoMeas1_ER_3_01_256	0.04861469927486095	0.0008967564697672803	0.18737721705667681	-0.18737721705667673
Cells_Texture_InfoMeas1_ER_3_03_256	0.05905764249726564	0.0008933939898798747	0.21930004912316042	-0.21930004912316037
Cells_Texture_InfoMeas1_Hoechst_3_03_256	0.003907098381525587	0.0003926155219673133	0.013570767932569255	-0.01357076793256925
Cells_Texture_InfoMeas1_Mitochondria_3_00_256	0.025955288791395748	0.0009324382701348648	0.024164499926096532	-0.024164499926096525
Cells_Texture_InfoMeas1_Mitochondria_3_01_256	0.023906760311963038	0.0008522652261716104	-0.012610530371434177	0.012610530371434173
Cells_Texture_InfoMeas1_Mitochondria_3_02_256	0.01944380954781988	0.000779722837835071	-0.009334625515580813	0.00933462551558081
Cells_Texture_InfoMeas1_Mitochondria_3_03_256	0.01864308706771378	0.0007804184194957207	0.022849440614478647	-0.022849440614478644
Cells_Texture_InfoMeas1_PM_3_00_256	0.06480178451938323	0.0006808729101200974	0.2667191441060071	-0.26671914410600706
Cells_Texture_InfoMeas1_PM_3_01_256	0.06174698033195092	0.000673523020037143	0.26220094564669505	-0.262200945646695
Cells_Texture_InfoMeas1_PM_3_02_256	0.052632429719434715	0.0005854454669723821	0.24222832155135715	-0.24222832155135704
Cells_Texture_InfoMeas1_PM_3_03_256	0.06664188085644807	0.0006317220191163611	0.27827325799094715	-0.2782732579909471
Cells_Texture_InfoMeas2_Hoechst_3_02_256	0.011292237169889696	0.00020217622823089584	0.12089043249815351	-0.12089043249815348
Cells_Texture_InverseDifferenceMoment_Hoechst_3_01_256	0.007078095231337955	-0.00046375813974149077	-0.036647826359135764	0.03664782635913575
Cells_Texture_InverseDifferenceMoment_Mitochondria_3_00_256	0.25148159286118843	-0.0005001112981056256	-0.5280108787272805	0.5280108787272803
Cells_Texture_InverseDifferenceMoment_Mitochondria_3_02_256	0.23920555947822486	-0.0004173473573490435	-0.5108874631367252	0.510887463136725
Cells_Texture_SumVariance_PM_3_01_256	0.01810151610355193	-0.00011019195025143281	0.12569225510485366	-0.1256922551048536
Cells_Texture_Variance_Hoechst_3_00_256	0.006597966286370549	0.00031396989151786776	0.04193737909047889	-0.04193737909047888
Nuclei_AreaShape_Compactness	0.0016774451019656578	7.882653204064209e-05	0.03841171476027067	-0.03841171476027066
Nuclei_AreaShape_Eccentricity	0.005299620180093001	-2.7018234879622074e-05	-0.07483144889271291	0.07483144889271288
Nuclei_AreaShape_Extent	0.0009573628731968098	-9.233173177284202e-05	-0.029150035995736956	0.029150035995736946
Nuclei_AreaShape_FormFactor	0.001625167377083847	-6.720196324176662e-05	-0.03946033491264062	0.03946033491264061
Nuclei_AreaShape_Orientation	0.00016962294529465627	-8.21693552070705e-06	0.014135672954339353	-0.014135672954339347
Nuclei_AreaShape_Solidity	0.00833923081712551	-0.0002159871793088005	-0.08608566298973273	0.0860856629897327
Nuclei_AreaShape_Zernike_0_0	0.004443300342981904	6.720079523368677e-05	0.06816131674762997	-0.06816131674762994
Nuclei_AreaShape_Zernike_1_1	0.00909048525222389	0.00015625311437375208	0.10495145453421159	-0.10495145453421155
Nuclei_AreaShape_Zernike_2_0	0.0013538493278542063	-5.1818275372990724e-05	-0.03879817468611969	0.03879817468611968
Nuclei_AreaShape_Zernike_2_2	0.004523832498173341	1.6254137948352286e-05	-0.0691904403954163	0.06919044039541627
Nuclei_AreaShape_Zernike_3_1	0.002929293938669364	0.00011739157030559846	0.05626965392412958	-0.05626965392412957
Nuclei_AreaShape_Zernike_3_3	0.0068636952711333965	6.645912976717706e-05	0.08715358075389262	-0.0871535807538926
Nuclei_AreaShape_Zernike_4_0	0.00329475575334226	-3.519820981232938e-05	0.060439238860754516	-0.06043923886075449
Nuclei_AreaShape_Zernike_4_2	0.012361813623617657	-6.501513525805939e-05	-0.11376660215842574	0.1137666021584257
Nuclei_AreaShape_Zernike_4_4	0.00967595525321363	-0.00012076470250166751	-0.10174016120491869	0.10174016120491866
Nuclei_AreaShape_Zernike_5_1	0.010803477158189967	0.00020033639140203173	0.11475432685506667	-0.11475432685506663
Nuclei_AreaShape_Zernike_5_3	0.010375647126011578	0.00018418516464380755	0.11010012758575105	-0.11010012758575101
Nuclei_AreaShape_Zernike_5_5	0.006454151814115239	4.063897487624266e-05	0.08352670841805579	-0.08352670841805576
Nuclei_AreaShape_Zernike_6_0	0.006985889857725525	-0.0001888347890590412	-0.09012217059303168	0.09012217059303167
Nuclei_AreaShape_Zernike_6_2	2.973576498288555e-05	-2.2872143669606994e-05	0.0032873308568911403	-0.003287330856891139
Nuclei_AreaShape_Zernike_6_4	0.003320649677921672	0.00014303906690635459	0.06012384886717764	-0.060123848867177615
Nuclei_AreaShape_Zernike_6_6	0.004604666588442052	-0.00012882746679219935	-0.0685921632464627	0.06859216324646268
Nuclei_AreaShape_Zernike_7_1	0.0029965658661617045	0.0001616253290779896	0.057469321028073894	-0.05746932102807387
Nuclei_AreaShape_Zernike_7_3	0.0034424007474345153	0.00016284170026782446	0.06173919990260898	-0.06173919990260896
Nuclei_AreaShape_Zernike_7_5	0.0049305037289105735	6.186012539320775e-05	0.0768287270343055	-0.07682872703430549
Nuclei_AreaShape_Zernike_7_7	0.006762794989900733	4.8334830656207516e-05	0.08602993571709555	-0.08602993571709552
Nuclei_AreaShape_Zernike_8_0	0.004228405087086773	-0.0001085664271313888	-0.07107907594986802	0.07107907594986801
Nuclei_AreaShape_Zernike_8_2	0.0018996786595775195	-5.5523182728819214e-05	-0.04949664353626837	0.049496643536268356
Nuclei_AreaShape_Zernike_8_4	0.009963992017270162	5.002014472070839e-06	-0.10800934101158144	0.10800934101158141
Nuclei_AreaShape_Zernike_8_6	0.0003084033146003584	7.156311152381868e-05	-0.01052437825633821	0.010524378256338207
Nuclei_AreaShape_Zernike_8_8	0.001052325645400476	-8.936086806762926e-05	-0.03146613994870218	0.03146613994870217
Nuclei_AreaShape_Zernike_9_1	0.004638010420414784	0.0001448553864724939	0.075019367512925	-0.07501936751292497
Nuclei_AreaShape_Zernike_9_3	0.005559121079591334	8.636738016242673e-05	0.0830739400846413	-0.08307394008464129
Nuclei_AreaShape_Zernike_9_5	0.002758276671885773	0.00010877980206543952	0.055584331466147496	-0.05558433146614748
Nuclei_AreaShape_Zernike_9_7	0.002108512220775016	3.802548770004071e-05	0.049361709544702245	-0.049361709544702224
Nuclei_AreaShape_Zernike_9_9	0.006023911793806125	0.00014231277328518872	0.08168504341092049	-0.08168504341092048
Nuclei_Correlation_Correlation_ER_Hoechst	0.017931585963868235	0.00034593993608317926	0.1369762484027351	-0.13697624840273503
Nuclei_Correlation_Correlation_ER_PM	0.060734359781508984	0.0003003458645254307	0.26338601634580483	-0.2633860163458047
Nuclei_Correlation_Correlation_Hoechst_PM	0.2828198058824344	-0.0004199764133493192	-0.6024380169160201	0.6024380169160198
Nuclei_Correlation_K_ER_Hoechst	0.34041131294530014	0.0008423478373819699	-0.5570485722621917	0.5570485722621916
Nuclei_Correlation_K_Hoechst_Actin	0.22943084058536123	0.000488281915736048	0.5662159019305045	-0.5662159019305043
Nuclei_Correlation_K_Hoechst_ER	0.16004918569023374	-0.000493412742783028	0.44303035621221143	-0.4430303562122113
Nuclei_Correlation_K_Hoechst_Mitochondria	0.08432548326038902	-0.0002503639553469965	0.32449325885804214	-0.32449325885804203
Nuclei_Correlation_K_PM_Hoechst	0.08700526452477064	0.0009561095180740202	-0.18397465516117323	0.1839746551611732
Nuclei_Correlation_Overlap_ER_Hoechst	0.08412562105121746	5.258846374993714e-05	-0.31741947509928564	0.3174194750992856
Nuclei_Correlation_Overlap_Hoechst_PM	0.3024597239736375	-0.0004859948556903595	-0.6420962959336625	0.6420962959336624
Nuclei_Correlation_RWC_ER_Actin	0.0027231192532153337	-0.0003004763424888733	0.002388968725973858	-0.002388968725973857
Nuclei_Correlation_RWC_ER_Hoechst	0.038115735320411015	0.0006860998565693545	0.17784956476456615	-0.1778495647645661
Nuclei_Correlation_RWC_ER_Mitochondria	0.05490800424700393	-0.00022357420363308648	-0.2903547635731479	0.29035476357314777
Nuclei_Correlation_RWC_ER_PM	0.0979339551672942	0.00037512077108897555	0.3365813861928064	-0.3365813861928063
Nuclei_Correlation_RWC_Hoechst_Actin	0.03316269697153951	8.815765053671285e-05	0.20258733789736022	-0.20258733789736016
Nuclei_Correlation_RWC_Hoechst_ER	0.023552673368271493	7.445074575148289e-05	-0.1780096016094581	0.17800960160945806
Nuclei_Correlation_RWC_Hoechst_Mitochondria	0.0007895526338894676	0.00017476907917267424	0.005632616810327293	-0.005632616810327291
Nuclei_Correlation_RWC_Hoechst_PM	0.016483907277647813	0.00026313381681932087	-0.11462840671858288	0.11462840671858285
Nuclei_Correlation_RWC_PM_Actin	0.04407592652562242	7.328523880924083e-05	0.23296064431164826	-0.2329606443116482
Nuclei_Correlation_RWC_PM_ER	0.031669937293346884	-8.12579833288873e-05	-0.21423037414508445	0.21423037414508436
Nuclei_Correlation_RWC_PM_Mitochondria	0.0001651847947766738	8.18988256255497e-05	0.003610105166672533	-0.003610105166672532
Nuclei_Granularity_1_Actin	3.517474254743913e-05	2.3413245824900943e-05	-0.006455806744549035	0.006455806744549033
Nuclei_Granularity_1_ER	0.0010646526169764137	9.252972676299033e-05	0.041383833922430564	-0.04138383392243056
Nuclei_Granularity_1_Hoechst	0.012698671822853558	0.0004359304825779517	0.105342442476269	-0.10534244247626898
Nuclei_Granularity_1_Mitochondria	0.04198135970536643	0.0006150366635785348	0.23445912324874807	-0.234459123248748
Nuclei_Intensity_IntegratedIntensityEdge_Hoechst	0.07589467764192348	0.0005260392098479736	0.26776985763620414	-0.2677698576362041
Nuclei_Intensity_IntegratedIntensity_Actin	0.17150514111211124	0.0004136859143864254	0.5025470161108117	-0.5025470161108115
Nuclei_Intensity_IntegratedIntensity_ER	0.09997270460598284	-0.0002721297450514603	0.31998033421311334	-0.3199803342131132
Nuclei_Intensity_IntegratedIntensity_Hoechst	0.02802215302960054	7.647418148832875e-05	0.1727331069854219	-0.17273310698542185
Nuclei_Intensity_IntegratedIntensity_PM	0.05134879792838831	-0.0003845051973120976	0.22353172478782085	-0.2235317247878208
Nuclei_Intensity_LowerQuartileIntensity_Hoechst	0.0193609909383754	0.0004408555435291609	0.09676318931292477	-0.09676318931292473
Nuclei_Intensity_MADIntensity_Actin	0.2526324236299129	0.0007052710714983222	0.5622053042651557	-0.5622053042651556
Nuclei_Intensity_MADIntensity_Hoechst	0.012212546647123013	6.766215015533188e-05	0.10192328867462458	-0.10192328867462455
Nuclei_Intensity_MADIntensity_Mitochondria	0.08885675765920786	0.00018343099548446637	0.30638375697345654	-0.3063837569734565
Nuclei_Intensity_MADIntensity_PM	0.046444794221183305	-5.3441920713885957e-05	0.1983801702816292	-0.19838017028162913
Nuclei_Intensity_MassDisplacement_ER	0.09507991035396646	0.0002879224924012062	0.3781371793601036	-0.3781371793601035
Nuclei_Intensity_MassDisplacement_Hoechst	0.013159297325677222	-1.8810487430110225e-05	0.11090879590806968	-0.11090879590806967
Nuclei_Intensity_MassDisplacement_PM	0.040285282381954945	5.122132554388366e-05	0.2174911949144458	-0.21749119491444574
Nuclei_Intensity_MaxIntensityEdge_PM	0.08128723850013786	-0.00024788266223152943	0.2870033483788176	-0.28700334837881747
Nuclei_Intensity_MinIntensity_PM	0.04923645596944759	-0.0004767329164994065	0.20039220490591764	-0.20039220490591758
Nuclei_Intensity_StdIntensityEdge_Actin	0.2522909677649837	0.0006927657852373347	0.5495846287749849	-0.5495846287749847
Nuclei_Intensity_StdIntensityEdge_ER	0.20325795207840114	-0.00031603600754502706	0.45787854706671516	-0.45787854706671494
Nuclei_Intensity_StdIntensityEdge_Hoechst	0.011485375780769247	0.00034230763162040314	0.09587235798019253	-0.0958723579801925
Nuclei_Intensity_StdIntensityEdge_Mitochondria	0.06002638073691802	-6.884276044739012e-05	0.26383195870353615	-0.26383195870353604
Nuclei_Intensity_StdIntensityEdge_PM	0.061808126873638014	-9.274056164635473e-05	0.25317471799202934	-0.25317471799202923
Nuclei_Neighbors_AngleBetweenNeighbors_Adjacent	0.0016573527371438468	8.615731985016978e-05	-0.037812524509277655	0.03781252450927764
Nuclei_Neighbors_FirstClosestDistance_Adjacent	0.04796143578578471	-0.0010275933993031824	-0.04962692516243282	0.049626925162432806
Nuclei_Neighbors_SecondClosestDistance_Adjacent	0.06910686389752518	-0.0011349187648391486	-0.052673294780736304	0.05267329478073629
Nuclei_RadialDistribution_FracAtD_ER_3of4	0.03591350912264846	-1.5313799919283946e-05	-0.22700714739223776	0.2270071473922377
Nuclei_RadialDistribution_FracAtD_ER_4of4	0.04636164320574787	-4.388354804626906e-05	0.2504125732256687	-0.25041257322566857
Nuclei_RadialDistribution_FracAtD_Hoechst_1of4	0.0014007356822328676	-0.00017617562100977308	-0.028921256628677547	0.02892125662867754
Nuclei_RadialDistribution_FracAtD_Hoechst_2of4	0.002502337916787445	-0.00019522413072468924	-0.04311205033725072	0.043112050337250706
Nuclei_RadialDistribution_FracAtD_Hoechst_3of4	0.0018761218709151262	-0.00011486821059514779	-0.043089400177616366	0.04308940017761635
Nuclei_RadialDistribution_FracAtD_Hoechst_4of4	0.0028424028388484013	0.0001935609977494201	0.048419859909937746	-0.04841985990993773
Nuclei_RadialDistribution_FracAtD_PM_1of4	0.03335617981260397	0.0002743113050938558	0.2076824495940956	-0.20768244959409554
Nuclei_RadialDistribution_FracAtD_PM_2of4	0.02499423403352019	0.0002667038627476742	0.16433923103633163	-0.16433923103633158
Nuclei_RadialDistribution_FracAtD_PM_3of4	0.07971906288782804	-1.129902989288044e-05	-0.29523157155232743	0.2952315715523273
Nuclei_RadialDistribution_FracAtD_PM_4of4	0.0024534448198800796	-0.00024152205683641845	-0.02854771338115409	0.02854771338115408
Nuclei_RadialDistribution_MeanFrac_Hoechst_1of4	0.004057775271695374	-0.00018787978260465606	-0.06563322251357719	0.06563322251357717
Nuclei_RadialDistribution_MeanFrac_Hoechst_2of4	0.0038116953539119036	-0.00020238443017040177	-0.0605360448559059	0.06053604485590588
Nuclei_RadialDistribution_MeanFrac_Hoechst_3of4	0.0009361765765096841	-0.0001754891651875493	-0.00995832841973846	0.009958328419738456
Nuclei_RadialDistribution_MeanFrac_Hoechst_4of4	0.0029944855374056667	0.00022622360333952648	0.04939242095169559	-0.049392420951695576
Nuclei_RadialDistribution_MeanFrac_PM_1of4	0.045200843907494015	0.0004122991143981367	0.2506475866359162	-0.25064758663591613
Nuclei_RadialDistribution_MeanFrac_PM_2of4	0.05184772832114626	0.0004701171573081161	0.2416901298336977	-0.2416901298336976
Nuclei_RadialDistribution_MeanFrac_PM_3of4	0.10033688005693087	-5.839564377922948e-05	-0.3568690125871846	0.35686901258718456
Nuclei_RadialDistribution_MeanFrac_PM_4of4	0.007684921696756386	-0.00042281495661952213	-0.06475210905614333	0.06475210905614331
Nuclei_RadialDistribution_RadialCV_Actin_1of4	0.0057118925928700826	0.00039581444342170417	-0.04190336845492869	0.041903368454928674
Nuclei_RadialDistribution_RadialCV_Actin_2of4	0.004504196592245546	0.0003080463041607895	-0.04264834723433352	0.04264834723433351
Nuclei_RadialDistribution_RadialCV_Actin_3of4	0.004486789997541929	0.00031729141424161484	-0.0365453740103573	0.03654537401035729
Nuclei_RadialDistribution_RadialCV_Actin_4of4	0.0032035238768743923	0.0002356616272403635	-0.037446569048205924	0.03744656904820592
Nuclei_RadialDistribution_RadialCV_ER_1of4	0.04712695423172808	0.00040087441150331635	0.27946927684461953	-0.2794692768446195
Nuclei_RadialDistribution_RadialCV_ER_2of4	0.08849635506662357	0.0004944319499788855	0.3762220673560879	-0.3762220673560877
Nuclei_RadialDistribution_RadialCV_ER_3of4	0.11310473886878136	0.0005350315945854513	0.4201618837882133	-0.42016188378821323
Nuclei_RadialDistribution_RadialCV_ER_4of4	0.08524133162296821	0.00043715387691673906	0.34373572876761316	-0.34373572876761305
Nuclei_RadialDistribution_RadialCV_Hoechst_1of4	0.0596754977694286	0.00014585131823462093	0.27968002934564873	-0.2796800293456487
Nuclei_RadialDistribution_RadialCV_Hoechst_2of4	0.08352926096579916	9.877035830800877e-05	0.30041838384255803	-0.3004183838425579
Nuclei_RadialDistribution_RadialCV_Hoechst_3of4	0.02143924604202696	6.822560023484065e-06	0.1437000304225785	-0.14370003042257845
Nuclei_RadialDistribution_RadialCV_Hoechst_4of4	0.012125126576856604	0.00011400943551446443	0.11870986450670012	-0.1187098645067001
Nuclei_RadialDistribution_RadialCV_Mitochondria_1of4	0.03209645044998044	0.0004914572717557005	0.23270524398165343	-0.2327052439816534
Nuclei_RadialDistribution_RadialCV_Mitochondria_2of4	0.05407196755057919	0.00055987676676085	0.28830232877582457	-0.28830232877582446
Nuclei_RadialDistribution_RadialCV_Mitochondria_3of4	0.05676023671432284	0.0005063723816005961	0.29341005926186825	-0.29341005926186814
Nuclei_RadialDistribution_RadialCV_Mitochondria_4of4	0.028364648898298706	0.0003494994801404926	0.2016816541049976	-0.20168165410499755
Nuclei_RadialDistribution_RadialCV_PM_1of4	0.14873138335981828	0.0004584812098984596	0.45601712979644815	-0.45601712979644804
Nuclei_RadialDistribution_RadialCV_PM_2of4	0.23560909604210223	0.0004403740935733151	0.5565600083399825	-0.5565600083399823
Nuclei_RadialDistribution_RadialCV_PM_3of4	0.11754543651065519	0.0001864546962990086	0.3646741623969171	-0.36467416239691697
Nuclei_RadialDistribution_RadialCV_PM_4of4	0.03829608442333332	0.00017743159087660836	0.21632413783072996	-0.2163241378307299
Nuclei_Texture_AngularSecondMoment_ER_3_01_256	0.3912462400580705	0.00011078583236223186	-0.7032353055208603	0.7032353055208601
Nuclei_Texture_AngularSecondMoment_Hoechst_3_00_256	0.057860540409591654	-0.0002064466339583686	-0.2808952763947498	0.28089527639474976
Nuclei_Texture_AngularSecondMoment_Mitochondria_3_01_256	0.3000483142843732	-0.00020665990049548773	-0.5838151257957627	0.5838151257957626
Nuclei_Texture_AngularSecondMoment_PM_3_03_256	0.2066046333881567	0.00032650071163735383	-0.45463367061013926	0.45463367061013915
Nuclei_Texture_Contrast_ER_3_00_256	0.0944410775875747	-0.00018222993179468964	0.27580408177837606	-0.275804081778376
Nuclei_Texture_Contrast_ER_3_01_256	0.08400629398510029	-0.000200689861354014	0.26433632764242754	-0.2643363276424275
Nuclei_Texture_Contrast_ER_3_02_256	0.10444388513240677	-0.00021218624568623162	0.28617213162511174	-0.2861721316251117
Nuclei_Texture_Contrast_ER_3_03_256	0.09606681737573519	-0.00018168363263098932	0.2683774046404698	-0.2683774046404697
Nuclei_Texture_Contrast_Hoechst_3_00_256	0.002701137996160674	0.00010902814479438145	0.04297157325611092	-0.042971573256110916
Nuclei_Texture_Contrast_Hoechst_3_02_256	0.0018724957153590793	4.6174989305713877e-05	0.038978799678910714	-0.03897879967891071
Nuclei_Texture_Contrast_Mitochondria_3_01_256	0.01866343031115103	4.4844724588816824e-05	0.15402425275812776	-0.15402425275812773
Nuclei_Texture_Contrast_Mitochondria_3_03_256	0.016002877098015067	3.8739454114759634e-05	0.1427276466091999	-0.14272764660919984
Nuclei_Texture_Contrast_PM_3_00_256	0.033053823155302475	-3.158395389749198e-06	0.15036627347254417	-0.15036627347254414
Nuclei_Texture_Contrast_PM_3_01_256	0.03195148849686036	-3.041610706607812e-05	0.15068338127240935	-0.15068338127240932
Nuclei_Texture_Contrast_PM_3_02_256	0.025731641245871795	-9.001716932377847e-05	0.1359922253252902	-0.13599222532529015
Nuclei_Texture_Contrast_PM_3_03_256	0.028273540710015532	-3.235359048778394e-05	0.13732543856068022	-0.1373254385606802
Nuclei_Texture_Correlation_Actin_3_00_256	0.08814574546761822	6.596283343460394e-05	0.24037491524348126	-0.24037491524348117
Nuclei_Texture_Correlation_Actin_3_01_256	0.09269496874103822	2.784103911346702e-05	0.27283367923585405	-0.272833679235854
Nuclei_Texture_Correlation_Actin_3_02_256	0.11274768793750456	0.00016282539372881148	0.2800676403587974	-0.2800676403587973
Nuclei_Texture_Correlation_Actin_3_03_256	0.07392853394356524	8.091539396079691e-05	0.24396823519181404	-0.24396823519181396
Nuclei_Texture_Correlation_ER_3_00_256	0.10740438450179468	-0.00022720118535913416	0.3617982056577109	-0.36179820565771087
Nuclei_Texture_Correlation_ER_3_01_256	0.07441717085587174	-0.00019312767891585108	0.30133941862515784	-0.3013394186251578
Nuclei_Texture_Correlation_ER_3_02_256	0.11231560971031651	-0.0001820783075292693	0.3733620199501255	-0.3733620199501254
Nuclei_Texture_Correlation_ER_3_03_256	0.07138142272752124	-0.0001516056846294356	0.2923957747360607	-0.2923957747360606
Nuclei_Texture_Correlation_Hoechst_3_00_256	0.04772011920063601	-0.00036636023352808563	0.19680030732337478	-0.1968003073233747
Nuclei_Texture_Correlation_Hoechst_3_01_256	0.03554049761528455	-0.0002607424542105333	0.1744334618784219	-0.17443346187842187
Nuclei_Texture_Correlation_Hoechst_3_02_256	0.05466575168413712	-0.00018485140038841105	0.22893979043400303	-0.22893979043400295
Nuclei_Texture_Correlation_Hoechst_3_03_256	0.027710371753259966	-0.0002463122456663388	0.15284997985387525	-0.15284997985387522
Nuclei_Texture_Correlation_Mitochondria_3_00_256	0.11860446774104183	-0.00011036237515170732	0.3728727775221016	-0.37287277752210146
Nuclei_Texture_Correlation_Mitochondria_3_01_256	0.10255191987762236	-2.8675240453335678e-05	0.346803315999258	-0.3468033159992579
Nuclei_Texture_Correlation_Mitochondria_3_02_256	0.12210385695838799	-4.995829532739559e-05	0.38502988476600164	-0.38502988476600153
Nuclei_Texture_Correlation_Mitochondria_3_03_256	0.08931885866636291	-4.296892989772995e-05	0.32446699995453193	-0.3244669999545319
Nuclei_Texture_Correlation_PM_3_00_256	0.220013783082887	-0.00015754001995626747	0.43551137242279436	-0.4355113724227942
Nuclei_Texture_Correlation_PM_3_01_256	0.1299303925684302	-0.00017437011045252866	0.3345746240405428	-0.3345746240405427
Nuclei_Texture_Correlation_PM_3_02_256	0.22198537684426345	-6.696401996308204e-05	0.45678979959568955	-0.4567897995956895
Nuclei_Texture_Correlation_PM_3_03_256	0.126570337272075	-0.00011712153139710219	0.3315535348808023	-0.3315535348808022
Nuclei_Texture_DifferenceEntropy_ER_3_01_256	0.35273567597903543	-0.00020705837123945943	0.6281890052511792	-0.6281890052511789
Nuclei_Texture_DifferenceEntropy_ER_3_03_256	0.36578206757732334	-0.00019558241989599647	0.6389621920319876	-0.6389621920319873
Nuclei_Texture_DifferenceEntropy_Mitochondria_3_02_256	0.15803328510164838	0.00011790350859385269	0.4217732635056055	-0.4217732635056054
Nuclei_Texture_DifferenceEntropy_PM_3_00_256	0.15979952069552428	-4.9165527090562583e-05	0.3842099934390739	-0.38420999343907375
Nuclei_Texture_DifferenceVariance_Actin_3_01_256	0.2897545857463939	-0.00035048767236897513	-0.22214401162971564	0.22214401162971556
Nuclei_Texture_DifferenceVariance_Mitochondria_3_03_256	0.25289206847876045	0.00010422183444143793	-0.5277051895070748	0.5277051895070746
Nuclei_Texture_DifferenceVariance_PM_3_03_256	0.2933925286666548	0.00037212890906179735	-0.5477715780876768	0.5477715780876766
Nuclei_Texture_InfoMeas1_ER_3_00_256	0.02035606555501379	0.0002842680003043037	-0.13713459873637332	0.13713459873637326
Nuclei_Texture_InfoMeas1_ER_3_01_256	0.02100543156236745	0.00015088570636034567	-0.15031086349559242	0.15031086349559236
Nuclei_Texture_InfoMeas1_Hoechst_3_00_256	0.02200927232321126	0.0004039872921308987	-0.12129737054381581	0.12129737054381579
Nuclei_Texture_InfoMeas1_Hoechst_3_01_256	0.015691182789285052	0.00022271286084810595	-0.11161778168367328	0.11161778168367327
Nuclei_Texture_InfoMeas1_Hoechst_3_02_256	0.02375617779941941	0.00026992217209699	-0.14206889040861706	0.14206889040861703
Nuclei_Texture_InfoMeas1_Hoechst_3_03_256	0.012071304870860389	0.00019658551289611074	-0.09762663013136821	0.09762663013136819
Nuclei_Texture_InfoMeas1_Mitochondria_3_01_256	0.04056117398867698	0.00018858896537227109	-0.2020566334978532	0.2020566334978531
Nuclei_Texture_InfoMeas1_Mitochondria_3_02_256	0.04490120213874971	0.0001700072111716842	-0.2164937905376107	0.21649379053761061
Nuclei_Texture_InfoMeas1_Mitochondria_3_03_256	0.030362310535480885	0.0001633646496760712	-0.17583948410571137	0.17583948410571132
Nuclei_Texture_InfoMeas1_PM_3_00_256	0.11642985472830714	0.0001742274369626936	-0.3352141473206033	0.3352141473206032
Nuclei_Texture_InfoMeas1_PM_3_01_256	0.10054341510114262	0.00019645358306849133	-0.3144535915945632	0.3144535915945631
Nuclei_Texture_InfoMeas1_PM_3_02_256	0.1273385005410388	5.617730722691445e-05	-0.36241893046815987	0.36241893046815976
Nuclei_Texture_InfoMeas1_PM_3_03_256	0.09399191126758588	0.00016090709773368452	-0.3044139576007349	0.3044139576007348
Nuclei_Texture_InfoMeas2_ER_3_01_256	0.18804160734756525	-0.00021748653397543952	0.476123366371326	-0.4761233663713259
Nuclei_Texture_InfoMeas2_Hoechst_3_01_256	0.02699626211970929	-0.00018957107702356635	0.16271625672096215	-0.1627162567209621
Nuclei_Texture_InfoMeas2_Hoechst_3_03_256	0.02331156004097079	-0.00019245143117430446	0.1500982789005957	-0.15009827890059568
Nuclei_Texture_InfoMeas2_PM_3_01_256	0.23200032356522282	-0.0002193463748862374	0.4667446457014489	-0.46674464570144875
Nuclei_Texture_InfoMeas2_PM_3_03_256	0.2241066914341815	-0.00018556123048177117	0.45783854472598406	-0.45783854472598395
Nuclei_Texture_InverseDifferenceMoment_Actin_3_02_256	0.4065215254435953	-0.0006827280050580648	-0.5144608965409592	0.5144608965409591
Nuclei_Texture_InverseDifferenceMoment_ER_3_01_256	0.38394399909323784	3.481418037753127e-05	-0.6641772359995918	0.6641772359995917
Nuclei_Texture_InverseDifferenceMoment_Mitochondria_3_00_256	0.20123626313898846	-0.0003009484085470546	-0.46709921850746894	0.4670992185074687
Nuclei_Texture_InverseDifferenceMoment_PM_3_01_256	0.11467496650756981	7.622517662966732e-05	-0.3206219080727846	0.32062190807278457
Nuclei_Texture_InverseDifferenceMoment_PM_3_03_256	0.12128986304809286	0.00010388488321787161	-0.32939306807760643	0.3293930680776063
Nuclei_Texture_SumVariance_Hoechst_3_03_256	0.004914522555259815	5.367458502972283e-05	0.06497242957720703	-0.064972429577207
Nuclei_Texture_SumVariance_Mitochondria_3_01_256	0.008267393197363582	-2.0078119113782436e-05	0.09518058989403178	-0.09518058989403173
Nuclei_Texture_SumVariance_PM_3_01_256	0.023853921450457727	-1.3879735057947778e-05	0.13823098046971916	-0.13823098046971913
