feature	r2_score	cell_count_coef	treatment_dose_coef
Cytoplasm_AreaShape_Compactness	0.04421516478433163	-2.5114744315841363e-05	-0.07800510570583573
Cytoplasm_AreaShape_Extent	0.06927085878377626	-7.737930365584036e-05	0.09629138078517817
Cytoplasm_AreaShape_FormFactor	0.09534301410438561	-0.00015952867855249138	0.11192168494452961
Cytoplasm_AreaShape_MajorAxisLength	0.08323591483667381	-0.001751328120177891	0.01435685803525208
Cytoplasm_AreaShape_Perimeter	0.04565131426444813	-0.0013689081625281564	-0.011157632936893657
Cytoplasm_AreaShape_Solidity	0.106537684580713	-0.0001835768133562432	0.11806437382616228
Cytoplasm_AreaShape_Zernike_0_0	0.05162921041443791	2.445641624863956e-05	0.08426343904757386
Cytoplasm_AreaShape_Zernike_1_1	0.0038835010862854347	-8.360913431219053e-05	0.021558726271617125
Cytoplasm_AreaShape_Zernike_2_0	0.08370975979531858	-0.0005454295843509174	0.09591658752829074
Cytoplasm_AreaShape_Zernike_2_2	0.009556282841658215	0.00018647612916341917	0.03666187863799694
Cytoplasm_AreaShape_Zernike_3_1	0.0008238041328224588	-9.651503198177749e-05	-0.010154502715227238
Cytoplasm_AreaShape_Zernike_4_0	0.009672065897766258	0.0005564175592409692	-0.010722562080396866
Cytoplasm_AreaShape_Zernike_4_2	0.0035382507057221124	-9.493006214389105e-05	0.020198188298031078
Cytoplasm_AreaShape_Zernike_5_1	0.010961312826202274	0.0005680229202856195	-0.014099590167063513
Cytoplasm_AreaShape_Zernike_5_3	0.0014296517098646433	-0.00018100198254228828	0.007214268797256309
Cytoplasm_AreaShape_Zernike_6_0	0.004990501268515746	0.00037307253187691063	0.019159983022537956
Cytoplasm_AreaShape_Zernike_6_2	0.00515581834272405	0.0002920609441909286	-0.01715006034103566
Cytoplasm_AreaShape_Zernike_6_4	0.0014184286259734114	-3.9071324778710726e-05	0.01328629747657454
Cytoplasm_AreaShape_Zernike_7_1	0.006653298439934563	0.0004551295595428755	0.020170009358228387
Cytoplasm_AreaShape_Zernike_7_3	0.00157646620398888	0.00013896053672250245	-0.010693754925754109
Cytoplasm_AreaShape_Zernike_8_0	0.008228264410233388	0.00027415326764432637	0.032754958398788434
Cytoplasm_AreaShape_Zernike_8_2	0.0011618830696367155	0.00020216667009929231	0.007156382342207669
Cytoplasm_AreaShape_Zernike_8_4	0.002737313694808896	8.447065122766602e-06	-0.019235910956168546
Cytoplasm_AreaShape_Zernike_9_1	0.009031646583138597	0.00023586537974498834	0.03512794895195666
Cytoplasm_AreaShape_Zernike_9_3	0.0002125027550983205	9.341521808993919e-05	0.0013830171068313771
Cytoplasm_AreaShape_Zernike_9_5	0.00026666903955130383	-9.098073192764615e-06	-0.00611894369925715
Cytoplasm_Correlation_Correlation_Actin_ER	0.0030269699995172372	-4.330975675362354e-05	-0.020685293819703836
Cytoplasm_Correlation_Correlation_Actin_Golgi	0.12285726920000783	0.00023351973080064131	-0.12616216070307126
Cytoplasm_Correlation_Correlation_Actin_Hoechst	0.0009283531612768181	-0.0001777532044149681	-0.006753443588799522
Cytoplasm_Correlation_Correlation_Actin_Mitochondria	0.30969962396321304	0.0004057548718153031	-0.19968275251984963
Cytoplasm_Correlation_Correlation_ER_Golgi	0.18269707615810338	-0.0013034127543559708	0.12393549162928141
Cytoplasm_Correlation_Correlation_ER_Hoechst	0.06508080834379393	-0.0014712263271224081	0.024352860742908024
Cytoplasm_Correlation_Correlation_ER_Mitochondria	0.28497768427011805	-0.0011561495799856083	0.1723705233801117
Cytoplasm_Correlation_Correlation_Golgi_Hoechst	0.05931468916852878	-0.0011329383241109811	0.04890800782405059
Cytoplasm_Correlation_Correlation_Golgi_Mitochondria	0.09024176988553301	-0.0005538668823763593	0.09995021473393999
Cytoplasm_Correlation_Correlation_Hoechst_Mitochondria	0.09349176609890464	-0.001157653155488711	0.07786151410955704
Cytoplasm_Correlation_K_Actin_ER	0.3968343655678531	-0.0007292458191633794	0.22059732452332928
Cytoplasm_Correlation_K_Actin_Golgi	0.405884654444272	-0.000616461107090245	0.2256708837322666
Cytoplasm_Correlation_K_Actin_Mitochondria	0.3493496990304611	-0.0005093867663697627	0.21060779601092505
Cytoplasm_Correlation_K_ER_Actin	0.5034662446291065	0.0007849977093411105	-0.24927104923166063
Cytoplasm_Correlation_K_ER_Mitochondria	0.400606174184331	-0.00011459835342911337	0.2325441480800862
Cytoplasm_Correlation_K_Golgi_Mitochondria	0.05910400397617577	0.001232215930973862	0.06940018971711676
Cytoplasm_Correlation_K_Mitochondria_ER	0.44080992376789463	-0.0001388794692287631	-0.24690124510689665
Cytoplasm_Correlation_K_Mitochondria_Golgi	0.018427058155672138	-0.0007824633013205801	-0.0311290843866195
Cytoplasm_Correlation_Overlap_Actin_Golgi	0.3648251887904539	0.0010356481745849365	-0.20316492254540974
Cytoplasm_Correlation_Overlap_ER_Mitochondria	0.012099917855456499	0.0003896173330694535	0.03842023839067152
Cytoplasm_Correlation_Overlap_Golgi_Mitochondria	0.050767672682827114	0.00020215311387142322	-0.08012985480661224
Cytoplasm_Correlation_RWC_Actin_Golgi	0.010765996179059933	0.0002371611189390375	-0.03309398705919314
Cytoplasm_Correlation_RWC_Actin_Mitochondria	0.22900390279960625	0.0005871713153295085	-0.1668321871659635
Cytoplasm_Correlation_RWC_ER_Actin	0.07495486139608076	0.0010662039839268503	-0.06809792710785924
Cytoplasm_Correlation_RWC_ER_Hoechst	0.013738730267794041	-0.000518233051454702	-0.037408095570883
Cytoplasm_Correlation_RWC_ER_Mitochondria	0.020232784262566916	0.0003146355362439255	-0.04571532800622442
Cytoplasm_Correlation_RWC_Golgi_Actin	0.05090888198358845	0.000762748035625961	-0.062065647953109274
Cytoplasm_Correlation_RWC_Hoechst_Actin	0.007684324365397566	0.0005522589152100941	0.0002032278364285825
Cytoplasm_Correlation_RWC_Hoechst_ER	0.07767438695094708	0.0016602478544599025	-0.01912149009919061
Cytoplasm_Correlation_RWC_Hoechst_Golgi	0.0049386836339633255	0.000404815920946987	0.016143529938101336
Cytoplasm_Correlation_RWC_Hoechst_Mitochondria	0.07123876080518876	0.0007563663451085404	-0.07976611153811418
Cytoplasm_Granularity_1_Actin	0.14051532040353043	0.001390939400873251	-0.09695487723987042
Cytoplasm_Granularity_1_ER	0.3760925924886587	0.0017720391535634718	-0.18190160509808007
Cytoplasm_Granularity_1_Golgi	0.018685223605207524	0.0006839857004476542	-0.02372415750972164
Cytoplasm_Granularity_1_Hoechst	0.0838085584827366	-0.0006678301624120258	0.09212868197477903
Cytoplasm_Granularity_1_Mitochondria	0.2874212812162066	0.0008492627291935203	-0.1822111166982724
Cytoplasm_Intensity_IntegratedIntensity_Actin	0.31790954076332245	-0.0004093566406711657	-0.21182354644235868
Cytoplasm_Intensity_IntegratedIntensity_Hoechst	0.05382242733649001	-0.0013996516559069579	-0.045467314628707796
Cytoplasm_Intensity_MassDisplacement_Actin	0.02622287853708849	-0.0010275381120891723	-0.002904254482416291
Cytoplasm_Intensity_MassDisplacement_ER	0.05285074382997046	-0.0013749762800915203	0.014909992746420096
Cytoplasm_Intensity_MassDisplacement_Golgi	0.016779091788928113	-0.00082983033209937	-0.012531223252567789
Cytoplasm_Intensity_MassDisplacement_Hoechst	0.02887535134320207	-0.00023992830419676853	-0.06405297775693387
Cytoplasm_Intensity_MassDisplacement_Mitochondria	0.06233982348164546	-0.000863780627733786	0.0677369445893932
Cytoplasm_Intensity_StdIntensityEdge_Golgi	0.02441924783521021	-0.00010162224130161084	-0.05864332073532773
Cytoplasm_Intensity_StdIntensityEdge_Hoechst	0.07192170858080438	0.001646189353807718	-0.009895793392879281
Cytoplasm_Intensity_StdIntensityEdge_Mitochondria	0.005604706501247669	0.00041016209863915435	-0.009666004324473898
Cytoplasm_Intensity_StdIntensity_Hoechst	0.04546608588110124	0.0010118631846683644	-0.04135288136744972
Cytoplasm_RadialDistribution_FracAtD_Actin_1of4	0.0077711962053104156	-0.00021180077023562888	0.027764526601499796
Cytoplasm_RadialDistribution_FracAtD_Actin_4of4	0.022408921251582004	0.00032281632122459225	-0.04838036840483459
Cytoplasm_RadialDistribution_FracAtD_ER_1of4	4.4466468669734915e-05	7.139441854542259e-06	-0.0023477384585727243
Cytoplasm_RadialDistribution_FracAtD_ER_3of4	0.011703616210367418	-0.0002621266923537684	0.03399565793652983
Cytoplasm_RadialDistribution_FracAtD_ER_4of4	0.005551810761133424	0.0001910641649011749	-0.023036753341169284
Cytoplasm_RadialDistribution_FracAtD_Hoechst_1of4	0.00971397659050277	-0.00041126937859112055	0.022919661459725064
Cytoplasm_RadialDistribution_FracAtD_Hoechst_2of4	0.013541590442883389	-0.000462539191060208	0.028418306488491227
Cytoplasm_RadialDistribution_FracAtD_Mitochondria_1of4	0.002617681179654663	-0.00031747158631404554	0.0011577519815815507
Cytoplasm_RadialDistribution_FracAtD_Mitochondria_4of4	0.010639440813754342	0.0003891597832180407	-0.026339305523497898
Cytoplasm_RadialDistribution_MeanFrac_Actin_1of4	0.0009934553008335012	-0.00015843577666849694	-0.00907901861792191
Cytoplasm_RadialDistribution_MeanFrac_Actin_2of4	0.0013492298951682802	-0.00019980988467391942	-0.009519887535707058
Cytoplasm_RadialDistribution_MeanFrac_Actin_3of4	0.0013402009336326293	-0.00023486447690435348	-0.003112522848102332
Cytoplasm_RadialDistribution_MeanFrac_Actin_4of4	0.0012159298166410926	0.0002095839164272553	-0.002094739044794191
Cytoplasm_RadialDistribution_MeanFrac_ER_1of4	0.005495475478209166	0.00010600823346327133	-0.025486424668743762
Cytoplasm_RadialDistribution_MeanFrac_ER_3of4	0.002173718464069996	-5.419974720477956e-05	-0.017576759772231727
Cytoplasm_RadialDistribution_MeanFrac_ER_4of4	0.007918275003030661	-6.389237797568068e-05	0.03194689727313945
Cytoplasm_RadialDistribution_MeanFrac_Golgi_1of4	0.008673046133777174	-0.00016165231329616183	-0.03501409601003424
Cytoplasm_RadialDistribution_MeanFrac_Hoechst_1of4	0.004270901584220055	-0.000415437881063446	-0.00814169236541673
Cytoplasm_RadialDistribution_MeanFrac_Hoechst_2of4	0.008307276943145148	-0.0005701510392708463	-0.014140908544453656
Cytoplasm_RadialDistribution_MeanFrac_Hoechst_3of4	0.013934906542188097	-0.0007292372766565174	-0.02028117917485297
Cytoplasm_RadialDistribution_MeanFrac_Hoechst_4of4	0.013277509549391775	0.0006065371532488595	0.0313942735844742
Cytoplasm_RadialDistribution_MeanFrac_Mitochondria_1of4	0.0068464575506693715	-0.0002584593778257877	-0.02971204435907108
Cytoplasm_RadialDistribution_MeanFrac_Mitochondria_3of4	0.005738528407976506	-0.00023479073532145552	-0.02723924383930533
Cytoplasm_RadialDistribution_MeanFrac_Mitochondria_4of4	0.01303586144726554	0.0002585067409504729	0.04248461264278264
Cytoplasm_RadialDistribution_RadialCV_Actin_2of4	0.02302616959440895	-0.0004356256127550813	0.045124133446088864
Cytoplasm_RadialDistribution_RadialCV_Actin_3of4	0.0362670291184104	-0.0005736469285150551	0.055519097964854686
Cytoplasm_RadialDistribution_RadialCV_Actin_4of4	0.026336217613563084	-0.0006920818311107643	0.03681753462038815
Cytoplasm_RadialDistribution_RadialCV_ER_2of4	0.2015620219624885	-0.001337440553541945	0.13151158629172205
Cytoplasm_RadialDistribution_RadialCV_ER_3of4	0.2868610348945928	-0.0017089812919503186	0.15199434506055637
Cytoplasm_RadialDistribution_RadialCV_ER_4of4	0.27046909832492183	-0.0017948652326288377	0.14130145629060925
Cytoplasm_RadialDistribution_RadialCV_Golgi_2of4	0.09712181628550742	-0.0006316437695200471	0.10199050692005794
Cytoplasm_RadialDistribution_RadialCV_Golgi_3of4	0.1643024216957737	-0.0008108377512644174	0.13298290276957472
Cytoplasm_RadialDistribution_RadialCV_Golgi_4of4	0.06859840138955975	-0.0005859789647080404	0.0839585166365883
Cytoplasm_RadialDistribution_RadialCV_Hoechst_2of4	0.018269508968719594	-2.9815190390049234e-05	-0.05027934074135713
Cytoplasm_RadialDistribution_RadialCV_Hoechst_3of4	0.023304296847095785	-2.6920852822161008e-06	-0.05646076441696762
Cytoplasm_RadialDistribution_RadialCV_Hoechst_4of4	0.019465258354357973	0.000567915702616393	-0.03329792503096562
Cytoplasm_RadialDistribution_RadialCV_Mitochondria_2of4	0.2813727737543311	-0.0005236270239748077	0.18768316887958125
Cytoplasm_RadialDistribution_RadialCV_Mitochondria_3of4	0.38200739155688	-0.000635506444000623	0.21815925791329044
Cytoplasm_RadialDistribution_RadialCV_Mitochondria_4of4	0.30531451164324874	-0.000583724312386137	0.19470641529233923
Cytoplasm_Texture_AngularSecondMoment_ER_3_03_256	0.4049147413193256	-0.0013149969814647956	0.20746664002720164
Cytoplasm_Texture_AngularSecondMoment_Golgi_3_01_256	0.23099097016369474	-0.0008531687695888827	0.160850245000708
Cytoplasm_Texture_AngularSecondMoment_Mitochondria_3_01_256	0.10407502329653873	-0.0011395909648068134	0.08636984424477338
Cytoplasm_Texture_AngularSecondMoment_Mitochondria_3_02_256	0.12674858824793955	-0.0012035988050399828	0.09792894020390853
Cytoplasm_Texture_AngularSecondMoment_Mitochondria_3_03_256	0.10520632766585658	-0.0011560334573446807	0.08632688405618355
Cytoplasm_Texture_Contrast_Actin_3_00_256	0.21794638199000305	0.0011041627406418045	-0.14764063324474472
Cytoplasm_Texture_Contrast_ER_3_01_256	0.13969418800515299	0.0007702348995251222	-0.12192529997013718
Cytoplasm_Texture_Contrast_ER_3_03_256	0.1369282464273509	0.0006951317711710088	-0.1227456448677952
Cytoplasm_Texture_Contrast_Golgi_3_03_256	0.004841216081512667	0.00022556495491648783	-0.019585949530208924
Cytoplasm_Texture_Contrast_Hoechst_3_01_256	0.008442797052370499	0.0005137455633194988	-0.010729321722082694
Cytoplasm_Texture_Contrast_Hoechst_3_03_256	0.008785328363819844	0.000528216070174053	-0.010465271976887248
Cytoplasm_Texture_Contrast_Mitochondria_3_00_256	0.0044137567896405105	0.00033051024657665846	-0.011689422796653581
Cytoplasm_Texture_Contrast_Mitochondria_3_02_256	0.006412488371731251	0.00043846089553230776	-0.01036708337384445
Cytoplasm_Texture_Contrast_Mitochondria_3_03_256	0.003907260409503954	0.00034979058342824376	-0.00726536550140067
Cytoplasm_Texture_Correlation_Actin_3_00_256	0.19569351185459072	-0.00021655576362530302	-0.1655541073570239
Cytoplasm_Texture_Correlation_Actin_3_01_256	0.1480107598683288	-0.0004698388566955163	-0.14505435879634812
Cytoplasm_Texture_Correlation_Actin_3_02_256	0.20608215542861152	-0.0003579955161139523	-0.1706809578607063
Cytoplasm_Texture_Correlation_Actin_3_03_256	0.15572173456951888	-0.00043799531521510743	-0.1487434745616392
Cytoplasm_Texture_Correlation_ER_3_00_256	0.013745228039373503	-0.0007502675143709858	-0.005370685998006979
Cytoplasm_Texture_Correlation_ER_3_01_256	0.018836971023439508	-0.000869619752429462	-0.001980041181534791
Cytoplasm_Texture_Correlation_ER_3_02_256	0.01451662466127368	-0.000770885472170208	-0.005408642411694225
Cytoplasm_Texture_Correlation_ER_3_03_256	0.017757558756423153	-0.0008465779257888146	-0.0027943786450685204
Cytoplasm_Texture_Correlation_Golgi_3_00_256	0.019310078458853575	-0.0005757778905575935	0.03256177030184373
Cytoplasm_Texture_Correlation_Golgi_3_01_256	0.024279060295590238	-0.0007020557151283654	0.032890601287652
Cytoplasm_Texture_Correlation_Golgi_3_02_256	0.02048013135514759	-0.0006131784610825735	0.03228614704260753
Cytoplasm_Texture_Correlation_Golgi_3_03_256	0.021909136277404984	-0.0006625729858293645	0.03153911065665529
Cytoplasm_Texture_Correlation_Hoechst_3_00_256	0.011213936556339954	-0.0005540367250649739	-0.029088857395871432
Cytoplasm_Texture_Correlation_Hoechst_3_01_256	0.03725306958418151	-0.0008794817997280588	-0.06042892265486714
Cytoplasm_Texture_Correlation_Hoechst_3_02_256	0.012384862860252643	-0.0005984830184932944	-0.029383692015089738
Cytoplasm_Texture_Correlation_Hoechst_3_03_256	0.043007937337904756	-0.0009633749967999273	-0.06405223555548442
Cytoplasm_Texture_Correlation_Mitochondria_3_00_256	0.03942405695092899	-0.0005874931182340747	0.0583287089091085
Cytoplasm_Texture_Correlation_Mitochondria_3_01_256	0.046522579509707396	-0.0007205180732435118	0.059737071832681884
Cytoplasm_Texture_Correlation_Mitochondria_3_02_256	0.04192822773019278	-0.000667664037523251	0.057464788930515084
Cytoplasm_Texture_Correlation_Mitochondria_3_03_256	0.04491446705357971	-0.0006811927886300564	0.05992093853698485
Cytoplasm_Texture_DifferenceEntropy_Actin_3_02_256	0.6398795145599154	0.001315933193637492	-0.2705771651038878
Cytoplasm_Texture_DifferenceEntropy_ER_3_00_256	0.4654732866642436	0.0013977553247898325	-0.22281806111663366
Cytoplasm_Texture_DifferenceEntropy_Golgi_3_01_256	0.20446959161467138	0.0011514886704406383	-0.14009714924474892
Cytoplasm_Texture_DifferenceEntropy_Hoechst_3_02_256	0.12235443554689018	0.0014838375290000061	-0.07985118888611215
Cytoplasm_Texture_DifferenceEntropy_Mitochondria_3_01_256	0.15419264227306217	0.0017982304431133004	-0.08087892467134031
Cytoplasm_Texture_DifferenceVariance_Actin_3_01_256	0.7139562700452375	-0.0009689702161832694	0.29609351754774205
Cytoplasm_Texture_DifferenceVariance_ER_3_01_256	0.5010254560147944	-0.0009914977270348297	0.24386201500996046
Cytoplasm_Texture_DifferenceVariance_Golgi_3_01_256	0.2546203472003904	-0.0007797597119978475	0.17200922625024526
Cytoplasm_Texture_DifferenceVariance_Hoechst_3_00_256	0.13243084339604683	-0.0018978988700575528	0.05643024259136713
Cytoplasm_Texture_DifferenceVariance_Mitochondria_3_01_256	0.14950338079300518	-0.001496200801789482	0.09670518579112485
Cytoplasm_Texture_InfoMeas1_Actin_3_00_256	0.045845788651821984	0.0012064692269222236	0.05186742330733147
Cytoplasm_Texture_InfoMeas1_Actin_3_01_256	0.04902865025386094	0.0012443179463869324	0.053948573309606465
Cytoplasm_Texture_InfoMeas1_Actin_3_02_256	0.05436775162637297	0.0013193405435497525	0.05595866468299888
Cytoplasm_Texture_InfoMeas1_Actin_3_03_256	0.045211336683530834	0.0011997813604327865	0.051347907163292836
Cytoplasm_Texture_InfoMeas1_ER_3_00_256	0.1757656054074388	0.0020008132790541094	-0.08045651113887876
Cytoplasm_Texture_InfoMeas1_ER_3_01_256	0.1507522617886553	0.001984777425352173	-0.06380570497006574
Cytoplasm_Texture_InfoMeas1_ER_3_02_256	0.18162818780800827	0.002101542915642501	-0.07650419908139347
Cytoplasm_Texture_InfoMeas1_ER_3_03_256	0.15575169223530372	0.0020150359459341276	-0.06506322472897746
Cytoplasm_Texture_InfoMeas1_Golgi_3_00_256	0.12925579900129724	0.0016052375129144475	-0.07688228737186109
Cytoplasm_Texture_InfoMeas1_Golgi_3_01_256	0.10638858804095486	0.0016394855165253448	-0.05599092959510972
Cytoplasm_Texture_InfoMeas1_Golgi_3_02_256	0.13391821281584626	0.0017169853983937699	-0.07242297289089906
Cytoplasm_Texture_InfoMeas1_Golgi_3_03_256	0.11111770155124823	0.0016687464086337304	-0.057789698636419945
Cytoplasm_Texture_InfoMeas1_Hoechst_3_01_256	0.1823128438941909	0.0005786681252394838	0.1609750255597044
Cytoplasm_Texture_InfoMeas1_Hoechst_3_03_256	0.1840920353666189	0.0005896337745671274	0.16175082003534308
Cytoplasm_Texture_InfoMeas1_Mitochondria_3_00_256	0.17054985180351134	0.0017260216173764168	-0.09586867855288987
Cytoplasm_Texture_InfoMeas1_Mitochondria_3_01_256	0.14108873032832014	0.0017419044387032416	-0.07581957742768898
Cytoplasm_Texture_InfoMeas1_Mitochondria_3_02_256	0.17721649327201983	0.0018520462660962362	-0.09185750263544933
Cytoplasm_Texture_InfoMeas1_Mitochondria_3_03_256	0.14622172192987526	0.0017645868908026177	-0.07780969791407302
Cytoplasm_Texture_InfoMeas2_Actin_3_00_256	0.3898480510615635	-5.7392639926636457e-05	-0.23144216553100697
Cytoplasm_Texture_InfoMeas2_Actin_3_01_256	0.3664271981141465	-0.00021233125882723754	-0.22588514718436262
Cytoplasm_Texture_InfoMeas2_Actin_3_02_256	0.3885516147755018	-0.00014946122115979218	-0.23198695653031806
Cytoplasm_Texture_InfoMeas2_Actin_3_03_256	0.37254745791744037	-0.00022790928539588606	-0.22787874146625772
Cytoplasm_Texture_InfoMeas2_ER_3_00_256	0.06445536321335277	-0.0005542689617413958	-0.0946686336671625
Cytoplasm_Texture_InfoMeas2_ER_3_01_256	0.07076483792718846	-0.0008234393840962883	-0.09567541973666735
Cytoplasm_Texture_InfoMeas2_ER_3_02_256	0.06456074377899779	-0.0005653555028322819	-0.09464517877213016
Cytoplasm_Texture_InfoMeas2_ER_3_03_256	0.06045322843304646	-0.0007536722206910352	-0.08857806345447432
Cytoplasm_Texture_InfoMeas2_Golgi_3_00_256	0.008442185115481227	-0.0005764821796577066	-0.013829982095183832
Cytoplasm_Texture_InfoMeas2_Golgi_3_01_256	0.015516137564008159	-0.0007861746654856834	-0.017468438608179787
Cytoplasm_Texture_InfoMeas2_Golgi_3_02_256	0.008086728376532792	-0.0005624424125746139	-0.013973262865495576
Cytoplasm_Texture_InfoMeas2_Golgi_3_03_256	0.017302771971442366	-0.0008288276243214159	-0.01884974118162084
Cytoplasm_Texture_InfoMeas2_Hoechst_3_03_256	0.3159447183069769	0.0001393315798719259	-0.20600802470896012
Cytoplasm_Texture_InfoMeas2_Mitochondria_3_00_256	0.03354584021801632	-0.000624617759518448	0.050122718265560466
Cytoplasm_Texture_InfoMeas2_Mitochondria_3_01_256	0.04435588710131311	-0.0008945995700475121	0.04800406846563637
Cytoplasm_Texture_InfoMeas2_Mitochondria_3_02_256	0.03377951149955649	-0.0006927812189006094	0.04696628817654903
Cytoplasm_Texture_InfoMeas2_Mitochondria_3_03_256	0.04250686105502188	-0.0008613027485693978	0.0478843650409638
Cytoplasm_Texture_InverseDifferenceMoment_Actin_3_01_256	0.7426349853606606	-0.0011903452057298973	0.2973030284630251
Cytoplasm_Texture_InverseDifferenceMoment_ER_3_01_256	0.523720160460214	-0.0014588572032858936	0.2370807814555326
Cytoplasm_Texture_InverseDifferenceMoment_Golgi_3_01_256	0.2969147870595993	-0.001260609347163984	0.17328523745030167
Cytoplasm_Texture_InverseDifferenceMoment_Golgi_3_03_256	0.2963979767162319	-0.0012690197407886925	0.17281174170729954
Cytoplasm_Texture_InverseDifferenceMoment_Hoechst_3_02_256	0.12066376561357228	-0.0009526303343688318	0.10506180757734188
Cytoplasm_Texture_InverseDifferenceMoment_Mitochondria_3_00_256	0.2849796341342864	-0.001943659589408249	0.14000239055040492
Cytoplasm_Texture_InverseDifferenceMoment_Mitochondria_3_01_256	0.2657537706542521	-0.00202429996448563	0.12729362976405112
Cytoplasm_Texture_InverseDifferenceMoment_Mitochondria_3_02_256	0.2875215528738799	-0.0020477317200354103	0.13559505849710238
Cytoplasm_Texture_InverseDifferenceMoment_Mitochondria_3_03_256	0.2623124600299003	-0.002006603583079738	0.12672160967996388
Cytoplasm_Texture_SumEntropy_ER_3_01_256	0.4458049965573898	0.0007152112764835406	-0.23506717142951236
Cytoplasm_Texture_SumEntropy_Golgi_3_01_256	0.1595165174896911	0.0003568503889921129	-0.1420669184315381
Cytoplasm_Texture_SumEntropy_Hoechst_3_01_256	0.30763133907999474	0.0009423457432813767	-0.18679930423722546
Cytoplasm_Texture_SumEntropy_Mitochondria_3_01_256	0.061258653953953246	0.0009207514500676272	-0.06389287594853099
Cytoplasm_Texture_SumVariance_Actin_3_01_256	0.20244510669500704	0.0006590513311413214	-0.1542996464166564
Cytoplasm_Texture_SumVariance_Golgi_3_02_256	0.010264823439672277	0.00010926955745938913	-0.03565349162596837
Cytoplasm_Texture_SumVariance_Hoechst_3_02_256	0.005515662515900854	0.0003448134242805775	-0.014962205340184427
Cytoplasm_Texture_SumVariance_Mitochondria_3_01_256	0.0024680808761189388	0.0003039628707117308	0.009066533108141659
Cells_AreaShape_BoundingBoxArea	0.0943836811041433	-0.00191293920952999	0.005391967936107982
Cells_AreaShape_Compactness	0.009414182839188379	-0.0002506555100154842	-0.0357346166338352
Cells_AreaShape_Eccentricity	0.0004869306028888465	-5.596372200960556e-05	-0.008141057377227144
Cells_AreaShape_Extent	0.006514625879597835	0.00022579048692124488	0.029466929697595182
Cells_AreaShape_FormFactor	0.008569024350020826	0.00034540285456662837	0.03184085349982208
Cells_AreaShape_Orientation	4.872720672122188e-05	4.2526298684623976e-05	0.0013043963687761257
Cells_AreaShape_Solidity	0.03317101981398041	0.00021512391132526442	0.06866502328821465
Cells_AreaShape_Zernike_0_0	0.003394009050459723	0.0002522691258731246	0.018816458942015
Cells_AreaShape_Zernike_1_1	1.0584481148989688e-05	4.5446320868217204e-06	-0.0011211607931644893
Cells_AreaShape_Zernike_2_0	0.014313224488419984	0.00023334109766241456	0.04483456572805473
Cells_AreaShape_Zernike_2_2	0.0005063388560256898	0.00014436052492663965	0.0014269553667687494
Cells_AreaShape_Zernike_3_1	0.0008817806477943169	-0.00018901149673724183	-0.0007795500668641126
Cells_AreaShape_Zernike_3_3	0.0016508191187941668	-1.4262559470396279e-05	0.014831350659042467
Cells_AreaShape_Zernike_4_0	0.0016405260924813314	-8.07949746787444e-05	-0.015166120923925995
Cells_AreaShape_Zernike_4_2	0.0020707091821899892	-4.0860676405554985e-05	0.016182380625196384
Cells_AreaShape_Zernike_4_4	0.0015955180981508388	0.00019927952556187642	0.011596464864024505
Cells_AreaShape_Zernike_5_1	8.43631205658113e-05	-5.857686577074558e-05	-0.0002962910757233811
Cells_AreaShape_Zernike_5_3	0.0019061524214050163	-0.0001992718587796934	0.00903909336785189
Cells_AreaShape_Zernike_5_5	0.0027155674366328153	0.00014688118157697865	0.019006670969316634
Cells_AreaShape_Zernike_6_0	5.584315506756976e-05	-1.8041087768070303e-05	-0.0027683554573525106
Cells_AreaShape_Zernike_6_2	0.0019974797333208727	-8.80755395912202e-05	-0.01674261622368435
Cells_AreaShape_Zernike_6_4	0.0008175731227219041	-9.713615963531792e-05	0.007842790738760043
Cells_AreaShape_Zernike_6_6	0.0009188095880863223	0.00012226537014863934	0.010131276409147776
Cells_AreaShape_Zernike_7_1	2.0454247840806516e-05	-2.5310359102777536e-05	0.0005254395890188317
Cells_AreaShape_Zernike_7_3	0.00018666946166534526	-7.442582356091995e-05	-0.0035325323971765717
Cells_AreaShape_Zernike_7_5	0.0010245716369120528	-8.144177225749247e-05	0.009919657872811493
Cells_AreaShape_Zernike_7_7	0.0017152149774340986	-5.238082727004722e-06	0.015245482370545637
Cells_AreaShape_Zernike_8_0	0.00028018902870585727	6.281821775230801e-05	-0.004292185151103756
Cells_AreaShape_Zernike_8_2	0.001151137879068398	-0.00011851896872070148	-0.011893682198371527
Cells_AreaShape_Zernike_8_4	0.0008900710806318823	-0.0001320546487793981	-0.009515055487302096
Cells_AreaShape_Zernike_8_6	0.001168237489806101	-0.00020094835942732102	0.0027414351449726346
Cells_AreaShape_Zernike_8_8	0.003011318604670743	0.0002192151471077115	0.01841493657786202
Cells_AreaShape_Zernike_9_1	0.0002851346531332899	-6.913464916762823e-05	-0.005607475675288614
Cells_AreaShape_Zernike_9_3	0.0003440612803186083	-6.269278141767589e-05	-0.00655477710487188
Cells_AreaShape_Zernike_9_5	0.0001632625316213554	-7.744705833647591e-05	-0.002450017191838411
Cells_AreaShape_Zernike_9_7	0.002557835089883831	-0.00020397079901755388	0.012181392683660247
Cells_AreaShape_Zernike_9_9	0.001287479041622186	4.0856745415950844e-05	0.013526251818019554
Cells_Correlation_Correlation_Actin_Hoechst	0.0060716497532417035	-0.0002984381161327239	0.019657272723374843
Cells_Correlation_Correlation_ER_Golgi	0.17604313869903765	-0.0013176890967178238	0.12000289139922424
Cells_Correlation_Correlation_ER_Hoechst	0.2621359468092629	-0.0013909100937819757	0.1553628676415204
Cells_Correlation_Correlation_Golgi_Hoechst	0.23968594571604263	-0.0007893252575931779	0.16602986960845803
Cells_Correlation_Correlation_Hoechst_Mitochondria	0.2761573494062042	-0.000833325389754882	0.17858219531212075
Cells_Correlation_K_ER_Hoechst	0.3875305921672907	0.0001483963601065338	0.2316737619674764
Cells_Correlation_K_Hoechst_ER	0.2247867690426273	-0.00035634329170989855	-0.17817747223913777
Cells_Correlation_K_Mitochondria_Actin	0.6664501103155906	0.00036286126990948216	-0.29684278728293734
Cells_Correlation_Overlap_Actin_ER	0.07224964884478957	0.001229836980622235	-0.05543954277345876
Cells_Correlation_Overlap_Actin_Mitochondria	0.4641901032789172	0.0008603182194063374	-0.23696421610718404
Cells_Correlation_Overlap_ER_Hoechst	0.08394858323690291	-7.120426777177748e-05	0.1061989104606253
Cells_Correlation_RWC_Actin_ER	0.344309667115708	0.0016426597057402799	-0.17616276873724834
Cells_Correlation_RWC_ER_Golgi	0.0025581135829486623	0.00032061954628388197	0.0007862291129396107
Cells_Correlation_RWC_ER_Hoechst	0.12758450878284133	-0.0003710777527330563	-0.13459066518189472
Cells_Correlation_RWC_Golgi_ER	0.2556457952103781	0.0015794673628923071	-0.14498016899664357
Cells_Correlation_RWC_Golgi_Mitochondria	0.19947970450360786	0.0007824556777556851	-0.14976794125020304
Cells_Correlation_RWC_Hoechst_Actin	0.18666879267838576	0.00098033297561722	-0.13804352956279614
Cells_Correlation_RWC_Hoechst_ER	0.05901364739367454	0.0005958429240034342	-0.07608299372417769
Cells_Correlation_RWC_Hoechst_Golgi	0.007127725047265221	3.044453624726951e-05	-0.030806196372139855
Cells_Correlation_RWC_Hoechst_Mitochondria	0.01529726081161109	0.0003322423743735108	-0.03767508180162751
Cells_Correlation_RWC_Mitochondria_ER	0.10517521517579742	0.001515020642012442	-0.06466302139040517
Cells_Correlation_RWC_Mitochondria_Golgi	0.002544935087582356	0.0002297804265496654	-0.010477374875306464
Cells_Granularity_1_Hoechst	0.06742210896034928	-0.0010462312535803142	0.06259727745431662
Cells_Intensity_IntegratedIntensityEdge_ER	0.4978692473798525	0.0005936223069531177	-0.25170046330596163
Cells_Intensity_IntegratedIntensityEdge_Golgi	0.3375109858214709	-0.000210205048739389	-0.21684308023138665
Cells_Intensity_IntegratedIntensityEdge_Hoechst	0.15570484527697004	-0.0004251073375094113	-0.14871457334763785
Cells_Intensity_IntegratedIntensity_Hoechst	0.06305302850016736	-0.001128719181344995	-0.0793241633258919
Cells_Intensity_MassDisplacement_Hoechst	0.007934246041320425	-0.0005025865648549902	-0.02151280349206273
Cells_Intensity_StdIntensityEdge_Actin	0.4503163516828782	0.000827958528782433	-0.23384244403969268
Cells_Intensity_StdIntensityEdge_Golgi	0.1249136900886888	0.00036327672688277033	-0.12475329282795831
Cells_Intensity_StdIntensityEdge_Mitochondria	0.05695139118318859	0.0007291147080502078	-0.06913688417984926
Cells_Neighbors_AngleBetweenNeighbors_Adjacent	0.001707701191114408	0.00023124781288347374	0.010158356065488764
Cells_Neighbors_FirstClosestDistance_Adjacent	0.11521752418556841	-0.0020895859244465455	0.011302109056457784
Cells_Neighbors_PercentTouching_Adjacent	0.017211596416865205	0.0007298971096156906	0.03263116165112058
Cells_Neighbors_SecondClosestDistance_Adjacent	0.1448379994325144	-0.0023674470734239	0.007221228120091777
Cells_RadialDistribution_FracAtD_Actin_1of4	0.0024859578718883224	0.0001207587114542875	0.01846613354246496
Cells_RadialDistribution_FracAtD_Actin_3of4	0.011450632049949783	0.0001443821039639394	0.040343200760268344
Cells_RadialDistribution_FracAtD_Actin_4of4	0.008359166501516802	-0.00014934783310498805	-0.034412905919143054
Cells_RadialDistribution_FracAtD_Golgi_2of4	0.12553252515105628	-0.00026397556828031544	0.12702709353588398
Cells_RadialDistribution_FracAtD_Golgi_3of4	0.05411439235986237	2.9255194370093886e-05	0.08631203533478385
Cells_RadialDistribution_FracAtD_Golgi_4of4	0.10910653274108817	0.0001560880090284191	-0.11996136721924412
Cells_RadialDistribution_FracAtD_Hoechst_1of4	0.033187277507635726	0.0004035795411401434	0.06787487277559263
Cells_RadialDistribution_FracAtD_Hoechst_2of4	0.04262772419089578	0.0005833583905945502	0.0752811715126634
Cells_RadialDistribution_FracAtD_Hoechst_3of4	0.005595874770547682	0.00035462381752993365	0.022747025925159835
Cells_RadialDistribution_FracAtD_Hoechst_4of4	0.05084597705062366	-0.0006862539648433961	-0.08133206919154663
Cells_RadialDistribution_MeanFrac_Actin_1of4	0.003798743591690412	-0.0001769345311127739	-0.02242569362429287
Cells_RadialDistribution_MeanFrac_Actin_2of4	0.005068087836962443	-0.0002299840011464167	-0.025401955165967906
Cells_RadialDistribution_MeanFrac_Actin_3of4	0.0042042161532857	-0.0003609701707163143	-0.016106940340855008
Cells_RadialDistribution_MeanFrac_Actin_4of4	0.006960553430432004	0.00027041389135898077	0.029749569473494813
Cells_RadialDistribution_MeanFrac_ER_1of4	0.21667907904095485	-0.0012647488007872668	0.14124456556258888
Cells_RadialDistribution_MeanFrac_ER_2of4	0.2357391925743627	-0.0013397575382668003	0.14652950163383593
Cells_RadialDistribution_MeanFrac_ER_3of4	0.09366224711217919	-0.0009038698607946449	0.0899740026123718
Cells_RadialDistribution_MeanFrac_ER_4of4	0.3092895480085356	0.0013952050634965841	-0.17306642878660414
Cells_RadialDistribution_MeanFrac_Golgi_1of4	0.1801665382227463	-0.0006504770721313018	0.1448317064888573
Cells_RadialDistribution_MeanFrac_Golgi_3of4	0.03490488239053824	-0.0004218087034214897	0.059763155282464876
Cells_RadialDistribution_MeanFrac_Golgi_4of4	0.30949282319775806	0.0008345120876485717	-0.19028578211749297
Cells_RadialDistribution_MeanFrac_Hoechst_1of4	0.02442222659659976	0.00038655685111232334	0.057780925655774765
Cells_RadialDistribution_MeanFrac_Hoechst_2of4	0.02371907023088171	0.00051980359338316	0.054441357101978255
Cells_RadialDistribution_MeanFrac_Hoechst_3of4	0.0025535177350595184	0.0001940958748028315	-0.012717613831385779
Cells_RadialDistribution_MeanFrac_Hoechst_4of4	0.059275798619082276	-0.0008216460903469312	-0.08606547992148621
Cells_RadialDistribution_MeanFrac_Mitochondria_3of4	0.11995065129059712	-0.0005886828908181592	0.11663682356394212
Cells_RadialDistribution_RadialCV_Actin_1of4	0.0037048008973543656	-3.447071906205988e-05	0.022012614599967187
Cells_RadialDistribution_RadialCV_Actin_2of4	0.00132777760300129	-0.00023374325504320003	-0.0031534401526999737
Cells_RadialDistribution_RadialCV_Actin_3of4	0.005394581492749295	-0.00047098282810300305	-0.004304171077486131
Cells_RadialDistribution_RadialCV_Actin_4of4	0.009457927253762155	-0.0005953262593262226	0.003911420870351727
Cells_RadialDistribution_RadialCV_ER_1of4	0.07035827854590715	-0.000889380717091183	0.07330855293786481
Cells_RadialDistribution_RadialCV_ER_2of4	0.13370873407148276	-0.0013010509472757645	0.0974308264973817
Cells_RadialDistribution_RadialCV_ER_3of4	0.24366572462881286	-0.0017312568075073707	0.1327700791149167
Cells_RadialDistribution_RadialCV_ER_4of4	0.2144121900268825	-0.0016325768633057864	0.12412312795717313
Cells_RadialDistribution_RadialCV_Golgi_1of4	0.18559529431983124	-0.000829630289451005	0.14230451940661235
Cells_RadialDistribution_RadialCV_Golgi_2of4	0.3012337434648312	-0.0010104589257379816	0.18265563987542585
Cells_RadialDistribution_RadialCV_Golgi_3of4	0.24866588471124396	-0.0009449481557383146	0.165172426191675
Cells_RadialDistribution_RadialCV_Golgi_4of4	0.033277282432602306	-0.0004609692215900745	0.05664795190590611
Cells_RadialDistribution_RadialCV_Hoechst_1of4	0.04753495608685998	-6.276125259493693e-05	0.07978515419255676
Cells_RadialDistribution_RadialCV_Hoechst_2of4	0.10648730380284466	-2.3506282728450726e-05	0.12034582219894174
Cells_RadialDistribution_RadialCV_Hoechst_3of4	0.03438465117264611	0.00035413808740463387	0.06954020543467539
Cells_RadialDistribution_RadialCV_Hoechst_4of4	0.024088935571413783	0.0003817361913526695	-0.04857209729027846
Cells_RadialDistribution_RadialCV_Mitochondria_1of4	0.14917817129768185	-0.0006394204654337626	0.1305370177835179
Cells_RadialDistribution_RadialCV_Mitochondria_2of4	0.26730204816536784	-0.0008151733584683252	0.1758184143940319
Cells_RadialDistribution_RadialCV_Mitochondria_4of4	0.21604953757272327	-0.0004966911027606163	0.16366821154163694
Cells_Texture_AngularSecondMoment_Hoechst_3_01_256	0.4173323133449369	-0.0009213080778088799	0.2221609569973019
Cells_Texture_AngularSecondMoment_Mitochondria_3_01_256	0.11706860861025581	-0.0012788118658700997	0.08801221100468568
Cells_Texture_Contrast_Hoechst_3_00_256	0.025536166233170232	0.0007526816741492554	-0.03141072067784058
Cells_Texture_Contrast_Mitochondria_3_03_256	0.0023097641460452234	0.00029722467001108005	-0.0013096326889818681
Cells_Texture_Correlation_ER_3_00_256	0.045507190163429634	-0.0013524097710559868	-0.027957962887828276
Cells_Texture_Correlation_ER_3_02_256	0.046768433996037584	-0.0013683665881032427	-0.029245038882147696
Cells_Texture_Correlation_Hoechst_3_02_256	0.006591478082342728	-0.0002666059897471265	0.02269857467628242
Cells_Texture_Correlation_Mitochondria_3_00_256	0.08589262151612442	-0.0008029407939753909	0.08867181489531475
Cells_Texture_Correlation_Mitochondria_3_02_256	0.0870380887258857	-0.000886792510768536	0.08608781975100885
Cells_Texture_DifferenceVariance_Hoechst_3_02_256	0.09289893297681773	-0.0014214542031059092	0.0609468016521307
Cells_Texture_InfoMeas1_Actin_3_00_256	0.053541833784452764	0.001401641009716533	0.044502664071682886
Cells_Texture_InfoMeas1_Actin_3_01_256	0.06115748155802836	0.001531710437107804	0.041702278368989265
Cells_Texture_InfoMeas1_Actin_3_02_256	0.06577931661183267	0.0015464522157637886	0.05039341393457479
Cells_Texture_InfoMeas1_Actin_3_03_256	0.05551965300683781	0.0014574557653542065	0.04011996141735343
Cells_Texture_InfoMeas1_ER_3_01_256	0.2500468426548932	0.0021228583111029837	-0.11404997280634159
Cells_Texture_InfoMeas1_ER_3_03_256	0.25442692370071474	0.0021579479606653133	-0.11400474324667882
Cells_Texture_InfoMeas1_Golgi_3_01_256	0.1912143306952837	0.0015077303655607248	-0.11887732952793918
Cells_Texture_InfoMeas1_Golgi_3_03_256	0.1933894777344145	0.001525819242686398	-0.11908970564537649
Cells_Texture_InfoMeas1_Hoechst_3_03_256	0.056067725664807555	0.0005452038393196803	0.08801457710862619
Cells_Texture_InfoMeas1_Mitochondria_3_00_256	0.28442512363149497	0.00182333577639563	-0.14573052221167465
Cells_Texture_InfoMeas1_Mitochondria_3_01_256	0.267222503313053	0.001940468966709109	-0.132526823147142
Cells_Texture_InfoMeas1_Mitochondria_3_02_256	0.2871275373904121	0.0019550764800475556	-0.1403183126675223
Cells_Texture_InfoMeas1_Mitochondria_3_03_256	0.26463867206445213	0.0019201281036256592	-0.1324634120902413
Cells_Texture_InfoMeas2_ER_3_01_256	0.021257447916784633	-0.000785178711173886	-0.038411615121219385
Cells_Texture_InfoMeas2_ER_3_03_256	0.023601390778368203	-0.0008126713303756104	-0.04156933621566277
Cells_Texture_InfoMeas2_Golgi_3_00_256	0.012943124853418642	-0.00025356073696249315	0.03650133966756891
Cells_Texture_InfoMeas2_Hoechst_3_01_256	0.16479104902906583	0.0005503636768678072	-0.14029876779104775
Cells_Texture_InfoMeas2_Mitochondria_3_00_256	0.046742068104203116	-0.00045680178703821645	0.07017415625423942
Cells_Texture_InfoMeas2_Mitochondria_3_02_256	0.04792652324037072	-0.0005335209563959874	0.06868599409193127
Cells_Texture_SumVariance_ER_3_01_256	0.14911741201215445	-0.00015690872864545282	-0.14427345012160853
Cells_Texture_SumVariance_Golgi_3_01_256	0.0011618517486372548	-3.460722506583985e-05	-0.012841932002348991
Cells_Texture_SumVariance_Hoechst_3_01_256	0.043045273522951066	0.0009513488485977256	-0.042646549180334024
Cells_Texture_SumVariance_Mitochondria_3_01_256	0.002641689306143058	0.00015840638026838627	0.018499407402543366
Nuclei_AreaShape_Area	0.09208546572442633	-0.0011792079965747845	-0.10292995430543024
Nuclei_AreaShape_Compactness	0.00980033141137815	0.00019627988924972992	-0.03253155205733369
Nuclei_AreaShape_Eccentricity	0.0026320008507699777	0.00022749706212925425	0.01634424887986078
Nuclei_AreaShape_Extent	0.010653296711508053	-0.00028259904098791664	0.031235381714718305
Nuclei_AreaShape_FormFactor	0.017218960507901837	-0.00019041918836959775	0.04504494890163154
Nuclei_AreaShape_Orientation	0.0005130880915005243	0.00014155576847811165	0.0035474733305212803
Nuclei_AreaShape_Solidity	0.011655215035828892	-0.0004182167042803769	0.02697597675439942
Nuclei_AreaShape_Zernike_0_0	0.002457763776603006	-0.0002498699544835064	0.00845281767334611
Nuclei_AreaShape_Zernike_1_1	0.014204663930820649	0.00023012281301616852	-0.03935068789437497
Nuclei_AreaShape_Zernike_2_0	0.0006469586473213385	0.00015231874992502282	0.005146371284208572
Nuclei_AreaShape_Zernike_3_1	0.013998055234759166	0.0002662060382535972	-0.03787669696706024
Nuclei_AreaShape_Zernike_3_3	0.012535281200938386	0.000358544257453863	-0.03171510030362727
Nuclei_AreaShape_Zernike_4_0	0.002839786870041605	-0.00034052121576098925	-0.0020973695113686336
Nuclei_AreaShape_Zernike_4_2	0.0027085882617613466	-0.00013628248522715123	-0.019142089168723442
Nuclei_AreaShape_Zernike_4_4	0.0024804647498302135	0.00031280193170491214	-0.00016993535912285712
Nuclei_AreaShape_Zernike_5_1	0.008517662295790318	0.00021725563445595969	-0.029222384049644844
Nuclei_AreaShape_Zernike_5_3	0.010894359133898801	0.00029614974567533333	-0.03117867952241274
Nuclei_AreaShape_Zernike_5_5	0.017152255173356057	0.00046795714374200454	-0.03479756067608974
Nuclei_AreaShape_Zernike_6_0	0.002145456835175197	-0.00017885815946046128	0.011605453331862088
Nuclei_AreaShape_Zernike_6_2	0.0054025948221649855	0.00013624267812658254	0.027589939917339327
Nuclei_AreaShape_Zernike_6_4	0.016035167335493372	6.736457138837467e-05	0.04742771825615826
Nuclei_AreaShape_Zernike_6_6	0.012851936156970778	0.0003865602396449741	-0.031026762463654562
Nuclei_AreaShape_Zernike_7_1	0.008852833186795306	0.0001491277159583488	-0.031976272308817714
Nuclei_AreaShape_Zernike_7_3	0.010353901626848683	0.00027782739317870435	-0.030823229434791342
Nuclei_AreaShape_Zernike_7_5	0.007539566735906278	0.00036016294495863974	-0.020323337303985105
Nuclei_AreaShape_Zernike_7_7	0.0183005845107298	0.00042505999159391905	-0.03868220910666923
Nuclei_AreaShape_Zernike_8_0	0.0007312145312612373	-0.00013304172073205317	0.004878411567200678
Nuclei_AreaShape_Zernike_8_2	0.003457008452592669	-0.00037177190650929234	-0.0005754120096724388
Nuclei_AreaShape_Zernike_8_4	0.0001360216840728956	-2.3672970367275967e-06	-0.0043364190409529105
Nuclei_AreaShape_Zernike_8_6	0.012180057307668246	0.00025930466497685296	0.0409664108216953
Nuclei_AreaShape_Zernike_8_8	0.018208736277221527	0.00036046564093090473	-0.04118103759693559
Nuclei_AreaShape_Zernike_9_1	0.006359069990694688	0.0002489600402807436	-0.022872253670749073
Nuclei_AreaShape_Zernike_9_3	0.004983271281414403	0.0001982573055324642	-0.0211679948042416
Nuclei_AreaShape_Zernike_9_5	0.009707692492414544	0.0003246932494767771	-0.027493712878945958
Nuclei_AreaShape_Zernike_9_7	0.008396018086530566	0.0004147563128046552	-0.019210817641000945
Nuclei_AreaShape_Zernike_9_9	0.015230512710846522	0.0003815196286348594	-0.0355611099630133
Nuclei_Correlation_Correlation_Actin_ER	0.004312560043300939	0.00015832745277719973	0.024330423160365208
Nuclei_Correlation_Correlation_Actin_Golgi	0.14032538346951073	0.0005765510946280121	-0.12775478352942476
Nuclei_Correlation_Correlation_Actin_Hoechst	0.0066613870938972974	0.00010624059599041885	-0.028312689968218965
Nuclei_Correlation_Correlation_Actin_Mitochondria	0.3049276923385694	0.0006584111581207443	-0.19294473438875653
Nuclei_Correlation_Correlation_ER_Golgi	0.0077282394236768415	-3.446903108967528e-05	-0.03283448753464504
Nuclei_Correlation_Correlation_ER_Hoechst	0.010946368548069407	3.453793089547961e-05	0.039023300184034354
Nuclei_Correlation_Correlation_ER_Mitochondria	0.042980530823083396	-0.0006207173894949082	0.060598362905177935
Nuclei_Correlation_Correlation_Golgi_Hoechst	0.22298533446345126	-0.0008610542060655011	0.15739079431148664
Nuclei_Correlation_Correlation_Golgi_Mitochondria	0.002414913167524957	0.00030589162234846224	-0.0008855858514660958
Nuclei_Correlation_Correlation_Hoechst_Mitochondria	0.09176171114292597	-3.30082958795435e-05	0.11157672312568671
Nuclei_Correlation_K_Actin_ER	0.45297672667460587	-0.0009412646759514345	0.2319105664949859
Nuclei_Correlation_K_ER_Actin	0.5042660425611709	0.0010202251035093188	-0.24402060576079407
Nuclei_Correlation_K_ER_Hoechst	0.5068116621121436	0.00021896946449030262	0.2653894126130837
Nuclei_Correlation_K_ER_Mitochondria	0.45622263624143977	0.00016737233583859892	0.25142907973361406
Nuclei_Correlation_K_Golgi_Hoechst	0.2615793468835659	0.001166865164258823	0.1902200217094996
Nuclei_Correlation_K_Golgi_Mitochondria	0.08665605638922169	0.0017549613754593695	0.06062776198160122
Nuclei_Correlation_K_Hoechst_Actin	0.49729868330683014	0.0004789557961646143	-0.2536654936825601
Nuclei_Correlation_K_Hoechst_ER	0.27456241426619754	-0.00028614051992210607	-0.19630257148337374
Nuclei_Correlation_K_Hoechst_Golgi	0.12956590081630648	-0.0009647632369335675	-0.13207012458546552
Nuclei_Correlation_K_Hoechst_Mitochondria	0.04595601297365792	-9.557751069057063e-06	-0.07935190551784753
Nuclei_Correlation_K_Mitochondria_ER	0.38522696278678137	-0.0004201155649416652	-0.23301433006671612
Nuclei_Correlation_K_Mitochondria_Golgi	0.11013592104276426	-0.0020174223018067394	-0.06271407845670224
Nuclei_Correlation_K_Mitochondria_Hoechst	0.1354698515544671	0.00013553441841083227	0.13739940253306537
Nuclei_Correlation_Overlap_Actin_ER	0.012280015980042802	0.0007072146123706538	0.012539786276630651
Nuclei_Correlation_Overlap_Actin_Golgi	0.1387163359941126	0.0006082037943365362	-0.1261017129242151
Nuclei_Correlation_Overlap_Actin_Hoechst	0.020419039482949763	0.0005131241710434303	-0.03783890902322748
Nuclei_Correlation_Overlap_Actin_Mitochondria	0.18942253084617322	0.0006973479516322688	-0.1477132829157181
Nuclei_Correlation_Overlap_ER_Golgi	0.039369746766390934	0.0006782355907062292	0.06993118600740095
Nuclei_Correlation_Overlap_ER_Hoechst	0.05025961977722149	0.0008392535295674404	0.07703169203431248
Nuclei_Correlation_Overlap_ER_Mitochondria	0.06441074735743557	0.000308244936638506	0.09568852438745244
Nuclei_Correlation_Overlap_Golgi_Hoechst	0.014740458397962564	0.00018587629465447234	0.04573604130065023
Nuclei_Correlation_Overlap_Golgi_Mitochondria	0.013140584112396936	0.00037563599939736785	-0.03208545184891619
Nuclei_Correlation_Overlap_Hoechst_Mitochondria	0.006722926288076803	0.00043178749604755177	0.02232584856828576
Nuclei_Correlation_RWC_Actin_ER	0.0137938012443245	0.00033085100571080277	0.04283996848696196
Nuclei_Correlation_RWC_Actin_Golgi	0.1025711358939907	0.0006631243801422407	-0.10437895192109028
Nuclei_Correlation_RWC_Actin_Hoechst	0.1473390982677858	0.0005041119292987177	-0.13304999706445594
Nuclei_Correlation_RWC_Actin_Mitochondria	0.027509607479434872	0.0002373419191256984	-0.05701879945978306
Nuclei_Correlation_RWC_ER_Actin	0.01099295599061978	0.0006684216885823451	0.0032585403735478067
Nuclei_Correlation_RWC_ER_Golgi	0.09627504060691561	0.0011605068731091064	-0.07977110530764202
Nuclei_Correlation_RWC_ER_Hoechst	0.06877120485329102	0.0007118477926983236	-0.07959914623966094
Nuclei_Correlation_RWC_ER_Mitochondria	0.010683204975664218	0.0005934198228307374	-0.010207522317185318
Nuclei_Correlation_RWC_Golgi_Actin	0.13915065426814666	0.0008438524486237378	-0.1192704951270641
Nuclei_Correlation_RWC_Golgi_ER	0.11433008843971115	0.0011462298434230635	-0.0928605065054171
Nuclei_Correlation_RWC_Golgi_Mitochondria	0.022310579535494757	0.0009003555742593582	0.029388759102545584
Nuclei_Correlation_RWC_Hoechst_Golgi	0.01667131656262999	0.0001416146147235936	-0.04538646409862534
Nuclei_Correlation_RWC_Hoechst_Mitochondria	0.011562233934221844	0.00040138942561192856	-0.027685885668749105
Nuclei_Correlation_RWC_Mitochondria_Actin	0.048988549645918034	0.000373888247357127	-0.07460209084725312
Nuclei_Correlation_RWC_Mitochondria_ER	0.014367969512656065	0.0005592586308757576	-0.023951127437992895
Nuclei_Correlation_RWC_Mitochondria_Golgi	0.044197922271153045	0.0010789120123767943	0.05916220576739976
Nuclei_Granularity_1_Actin	0.10376505069410358	0.001111582970661307	-0.08752822910077228
Nuclei_Granularity_1_Golgi	0.37530194797042693	0.0015119562233905737	-0.1915359854010398
Nuclei_Granularity_1_Hoechst	0.0861356985803653	0.0004328511317519092	-0.10057306233896136
Nuclei_Intensity_IntegratedIntensityEdge_Hoechst	0.1585006744571329	0.001165801352484911	-0.11745757858878098
Nuclei_Intensity_IntegratedIntensity_Actin	0.3569780273418083	0.00042829879184190734	-0.21451599102826488
Nuclei_Intensity_IntegratedIntensity_Golgi	0.14538862894553461	-0.0005007549712348768	-0.1437629826909138
Nuclei_Intensity_IntegratedIntensity_Hoechst	0.06416511332360408	0.00011410702594392386	-0.0920832534691064
Nuclei_Intensity_MassDisplacement_Actin	0.03036513535197849	-0.00022709337509162688	-0.0657013432742395
Nuclei_Intensity_MassDisplacement_ER	0.039636297380536534	-0.0008259333537975254	-0.06571653974416519
Nuclei_Intensity_MassDisplacement_Golgi	0.00807031139943759	-0.0004488872894368751	-0.02603877397185617
Nuclei_Intensity_MassDisplacement_Hoechst	0.01871456742266131	0.00019140560914502518	-0.047136088715634517
Nuclei_Intensity_MassDisplacement_Mitochondria	0.005358819854170194	-0.0004600026793830358	0.0001820655346029584
Nuclei_Intensity_MeanIntensityEdge_Hoechst	0.17680622136060997	0.0022195378589539576	-0.06272039511459983
Nuclei_Intensity_StdIntensityEdge_Actin	0.39393308333329624	0.0010148132474977298	-0.21277440682094367
Nuclei_Intensity_StdIntensityEdge_ER	0.2304151183300055	-0.00016150986412924876	-0.17906387165219687
Nuclei_Intensity_StdIntensityEdge_Golgi	0.016887204787679244	-0.00011812655926333254	-0.04891984402330476
Nuclei_Intensity_StdIntensityEdge_Hoechst	0.023010728387411916	0.0007655098017153672	-0.025783199902196238
Nuclei_Intensity_StdIntensityEdge_Mitochondria	0.0005424890433032292	0.00013771609646233597	-0.0017544808143638213
Nuclei_Intensity_StdIntensity_Golgi	0.009249166243175844	-0.00013218783855736686	-0.036256009047252694
Nuclei_Neighbors_FirstClosestDistance_Adjacent	0.05713460768874434	-0.0015274410413371757	-0.009437386721877362
Nuclei_RadialDistribution_FracAtD_Actin_1of4	0.0017216529058318164	-0.00024819615631037237	-0.008433936485704308
Nuclei_RadialDistribution_FracAtD_Actin_2of4	0.0011396360386187743	-0.00020977630716484033	-0.005551688421033662
Nuclei_RadialDistribution_FracAtD_Actin_3of4	0.001521650041108713	8.08955133016742e-05	-0.012709304847178533
Nuclei_RadialDistribution_FracAtD_Actin_4of4	0.0011191643404192542	0.00014919539092869469	0.010620717008756542
Nuclei_RadialDistribution_FracAtD_ER_1of4	0.09411886360613542	3.0091054147358523e-05	0.11373931329094689
Nuclei_RadialDistribution_FracAtD_ER_2of4	0.13290195685101924	2.1028830288017927e-05	0.13499657116630318
Nuclei_RadialDistribution_FracAtD_ER_3of4	0.049699093405357164	1.1749089080327787e-05	0.08254039304382096
Nuclei_RadialDistribution_FracAtD_ER_4of4	0.12697570686400306	-2.2663843328885593e-05	-0.13197569750113655
Nuclei_RadialDistribution_FracAtD_Golgi_1of4	0.04949797457914973	-0.000657552253862688	0.0653880093983056
Nuclei_RadialDistribution_FracAtD_Golgi_2of4	0.09424261991057226	-0.0006881642583170044	0.09836414394428021
Nuclei_RadialDistribution_FracAtD_Golgi_3of4	0.10463923268826414	-0.00025691618774325155	0.11568044871495846
Nuclei_RadialDistribution_FracAtD_Hoechst_1of4	0.03375113479386782	-0.0011059362110895357	0.010747491171310188
Nuclei_RadialDistribution_FracAtD_Hoechst_2of4	0.037141942208515855	-0.0011094473656597264	0.018654084525520958
Nuclei_RadialDistribution_FracAtD_Hoechst_3of4	0.00683699831374851	-6.755343861130943e-05	0.02953409463413593
Nuclei_RadialDistribution_FracAtD_Hoechst_4of4	0.030603461685085764	0.0009331797229599163	-0.025155013908171982
Nuclei_RadialDistribution_FracAtD_Mitochondria_3of4	0.03445649141659479	1.1993978507087462e-05	0.06875150787004972
Nuclei_RadialDistribution_FracAtD_Mitochondria_4of4	0.09857592549503102	0.00027782207354468174	-0.1117330782742326
Nuclei_RadialDistribution_MeanFrac_Actin_1of4	0.004307476571436042	-1.9190356065785974e-05	-0.024457640695159488
Nuclei_RadialDistribution_MeanFrac_Actin_2of4	0.011479277257558596	9.281506059940633e-06	-0.039493723310930894
Nuclei_RadialDistribution_MeanFrac_Actin_3of4	0.021633449549566586	-5.139775413884761e-05	-0.05488374603745085
Nuclei_RadialDistribution_MeanFrac_Actin_4of4	0.022183073491099492	5.903470105522818e-06	0.05512289492183198
Nuclei_RadialDistribution_MeanFrac_ER_1of4	0.11531233515886563	0.0002886634077620093	0.12776104080121747
Nuclei_RadialDistribution_MeanFrac_ER_4of4	0.10574922589543079	-0.00015402707001416647	-0.12166251703576308
Nuclei_RadialDistribution_MeanFrac_Golgi_1of4	0.11115062172695711	-0.0007098805591312421	0.10803949282769632
Nuclei_RadialDistribution_MeanFrac_Golgi_3of4	0.16203363145584038	-0.0006665764766941046	0.13604063153899376
Nuclei_RadialDistribution_MeanFrac_Golgi_4of4	0.2186929192940128	0.0008707371663577108	-0.1553491148290351
Nuclei_RadialDistribution_MeanFrac_Hoechst_1of4	0.028536765197732628	-0.0010473567762191585	0.004017528109975569
Nuclei_RadialDistribution_MeanFrac_Hoechst_3of4	0.0017275190822528819	-0.00018720143993445582	0.00877803839703983
Nuclei_RadialDistribution_MeanFrac_Mitochondria_2of4	0.12448531119918316	-0.00018418748544709438	0.12785681600400922
Nuclei_RadialDistribution_MeanFrac_Mitochondria_3of4	0.022966396858313587	-0.00015264297631773893	0.053557655603091274
Nuclei_RadialDistribution_MeanFrac_Mitochondria_4of4	0.122322394342117	0.00020408393667022468	-0.12638514953508956
Nuclei_RadialDistribution_RadialCV_Actin_1of4	0.03483950268814373	0.0002495807505653097	0.0703723477680547
Nuclei_RadialDistribution_RadialCV_Actin_2of4	0.003419019430243697	0.0002615131422407028	-0.012474530603433882
Nuclei_RadialDistribution_RadialCV_Actin_3of4	0.009480873776783971	0.00012705551809227914	-0.033769854401264746
Nuclei_RadialDistribution_RadialCV_Actin_4of4	0.011831429259366089	4.249011561577816e-05	-0.03964116586641303
Nuclei_RadialDistribution_RadialCV_ER_1of4	0.0014253200585844228	0.00011374851066558619	-0.011005217742892554
Nuclei_RadialDistribution_RadialCV_ER_2of4	0.011674824531410333	-0.00012414690472619126	-0.040732982273134266
Nuclei_RadialDistribution_RadialCV_ER_3of4	0.0133208472551688	-0.00040169355682593454	-0.04049729403249673
Nuclei_RadialDistribution_RadialCV_ER_4of4	0.01852437446661659	-0.000851424733572489	0.0013927836270452645
Nuclei_RadialDistribution_RadialCV_Golgi_1of4	0.0017221984751057962	0.00020117594875210555	-0.007724303880768515
Nuclei_RadialDistribution_RadialCV_Golgi_2of4	0.0041276780271254365	-5.3548109712457565e-06	-0.02380889818062842
Nuclei_RadialDistribution_RadialCV_Golgi_3of4	0.00167764763762146	-0.0001862425254159435	-0.012841981293809899
Nuclei_RadialDistribution_RadialCV_Golgi_4of4	0.00881667173100964	-0.00041710154988856347	0.020223227654479852
Nuclei_RadialDistribution_RadialCV_Hoechst_1of4	0.03586810594727996	0.0007331479422002364	-0.04735118823832268
Nuclei_RadialDistribution_RadialCV_Hoechst_2of4	0.06620138816828303	0.0005682292685009751	-0.08272231853590378
Nuclei_RadialDistribution_RadialCV_Hoechst_3of4	0.02384721846075144	0.0002674680294328755	-0.05186856156383859
Nuclei_RadialDistribution_RadialCV_Hoechst_4of4	0.013123635092791575	0.00032586238755208136	-0.034187431656876974
Nuclei_RadialDistribution_RadialCV_Mitochondria_1of4	0.005254922884590174	0.0003340710315886596	-0.01478245476854641
Nuclei_RadialDistribution_RadialCV_Mitochondria_2of4	0.0018861145376810606	9.415248720897447e-05	-0.014019954087173676
Nuclei_RadialDistribution_RadialCV_Mitochondria_3of4	0.002363764172350291	-0.00018370976174366855	0.01240005266670527
Nuclei_RadialDistribution_RadialCV_Mitochondria_4of4	0.03627958578440438	-0.0003971347063586385	0.06199089506956705
Nuclei_Texture_AngularSecondMoment_Actin_3_01_256	0.698076490398676	-0.0009093236589998347	0.29384440039032256
Nuclei_Texture_AngularSecondMoment_ER_3_01_256	0.4628386005538403	-0.00015842448920076703	0.2494811393507079
Nuclei_Texture_AngularSecondMoment_Golgi_3_03_256	0.01893045064503751	0.00023584672902321864	0.051742783388460896
Nuclei_Texture_AngularSecondMoment_Hoechst_3_01_256	0.005826097378809236	-0.0004173562525035835	0.009942543132796635
Nuclei_Texture_AngularSecondMoment_Mitochondria_3_01_256	0.06050682359169368	-0.0009779248444735755	0.060059590795612294
Nuclei_Texture_Contrast_Actin_3_03_256	0.11619366170075973	0.000839279857661069	-0.10664502285715592
Nuclei_Texture_Contrast_ER_3_00_256	0.0686428734822917	0.00025950813727419384	-0.09268243203433472
Nuclei_Texture_Contrast_Golgi_3_03_256	5.1175431916461456e-05	-2.8008782239191356e-05	-0.002419656934700315
Nuclei_Texture_Contrast_Hoechst_3_02_256	0.006662989454041535	0.0003996143354409261	-0.014885355374451311
Nuclei_Texture_Contrast_Mitochondria_3_03_256	0.0003340850159387898	-6.095550491166531e-05	0.005066988057732222
Nuclei_Texture_Correlation_Actin_3_00_256	0.485827383932247	0.00028095392346708467	-0.2538890898337417
Nuclei_Texture_Correlation_Actin_3_01_256	0.37866537685585333	-7.633904419115252e-05	-0.2283084019664791
Nuclei_Texture_Correlation_Actin_3_02_256	0.49515798198118466	0.00018589931351109336	-0.257740285339268
Nuclei_Texture_Correlation_Actin_3_03_256	0.3909344332858886	3.23067444620214e-05	-0.23074108975586047
Nuclei_Texture_Correlation_ER_3_00_256	0.17857039857223156	-0.0007057771110305933	-0.15899570241658786
Nuclei_Texture_Correlation_ER_3_01_256	0.1219049908571197	-0.0007733473167443646	-0.130088376917625
Nuclei_Texture_Correlation_ER_3_02_256	0.1786019760511387	-0.0007303260431509386	-0.1589061163460538
Nuclei_Texture_Correlation_ER_3_03_256	0.1217076800085406	-0.0007589686571203437	-0.13011211609592854
Nuclei_Texture_Correlation_Golgi_3_00_256	0.015794878040410465	-0.0004560857866248116	-0.04359855690733171
Nuclei_Texture_Correlation_Golgi_3_01_256	0.019559029885758195	-0.00048522399374378866	-0.04911082931324153
Nuclei_Texture_Correlation_Golgi_3_02_256	0.016352119990215574	-0.0005066162610265764	-0.04305503154836594
Nuclei_Texture_Correlation_Golgi_3_03_256	0.024381134197652088	-0.0005646318123362662	-0.054223888391258294
Nuclei_Texture_Correlation_Hoechst_3_00_256	0.06426298313902246	-0.0011868908929274545	-0.07783827655941596
Nuclei_Texture_Correlation_Hoechst_3_01_256	0.06790377320430963	-0.0012895619870073032	-0.07626938386563008
Nuclei_Texture_Correlation_Hoechst_3_02_256	0.06922909567235269	-0.0012379130512995575	-0.08048814027236074
Nuclei_Texture_Correlation_Hoechst_3_03_256	0.07160339749128819	-0.001347851500436467	-0.07690827985538821
Nuclei_Texture_Correlation_Mitochondria_3_00_256	0.006147439757247741	-0.00017068302389164363	-0.029240916509655428
Nuclei_Texture_Correlation_Mitochondria_3_01_256	0.006930614457506534	-0.0003903458365769009	-0.025533817108275465
Nuclei_Texture_Correlation_Mitochondria_3_02_256	0.008410261461511026	-0.0002791625512242264	-0.03307672827510096
Nuclei_Texture_Correlation_Mitochondria_3_03_256	0.007283609623305876	-0.00038511777746493947	-0.026892950670333714
Nuclei_Texture_DifferenceEntropy_ER_3_00_256	0.38337000947918765	0.0006620846870516899	-0.21801062867081394
Nuclei_Texture_DifferenceEntropy_Golgi_3_03_256	0.0196051352872727	0.00019470084629566106	-0.04827401372293185
Nuclei_Texture_DifferenceEntropy_Hoechst_3_02_256	0.03815994184242655	0.0012532630526403204	0.016574093367780176
Nuclei_Texture_DifferenceEntropy_Mitochondria_3_02_256	0.06073410097263854	0.0010271053376980626	-0.05738556171692241
Nuclei_Texture_DifferenceVariance_ER_3_01_256	0.5346176256025952	-0.00045937827226863714	0.26366179332978573
Nuclei_Texture_DifferenceVariance_Golgi_3_01_256	0.09928520491845527	-2.447688232665837e-05	0.11618308216197146
Nuclei_Texture_DifferenceVariance_Hoechst_3_01_256	0.039453106569153906	-0.0012738602011816522	-0.017630405525543024
Nuclei_Texture_DifferenceVariance_Mitochondria_3_01_256	0.11684083672581713	-0.0011628001624199452	0.0936821367663085
Nuclei_Texture_Entropy_Hoechst_3_02_256	0.02066887241173887	0.0007296134283716656	-0.024085580234247148
Nuclei_Texture_InfoMeas1_Actin_3_00_256	0.3039274242153217	3.8566963441201414e-05	0.20422099887304476
Nuclei_Texture_InfoMeas1_Actin_3_01_256	0.279164939506377	0.00018055750717746165	0.19712204769696065
Nuclei_Texture_InfoMeas1_Actin_3_02_256	0.31132711405444746	0.00015498377967943715	0.20785370672995182
Nuclei_Texture_InfoMeas1_Actin_3_03_256	0.28708178770707826	7.897285932047617e-05	0.1989206351483654
Nuclei_Texture_InfoMeas1_ER_3_00_256	0.08748124519371814	0.0012381410158121909	0.09721292328856998
Nuclei_Texture_InfoMeas1_ER_3_01_256	0.07428885439991528	0.0011940573359044504	0.08745714717758016
Nuclei_Texture_InfoMeas1_ER_3_02_256	0.08926640906119432	0.0012856846206069229	0.09682851655873849
Nuclei_Texture_InfoMeas1_ER_3_03_256	0.07451329185308697	0.0012014874616064497	0.08735025637912759
Nuclei_Texture_InfoMeas1_Golgi_3_00_256	0.015419839232578392	0.0005901547481043137	0.03768324940187868
Nuclei_Texture_InfoMeas1_Golgi_3_02_256	0.01845440565786538	0.0006766056092946419	0.03950620013863481
Nuclei_Texture_InfoMeas1_Hoechst_3_02_256	0.023017579203268856	0.0008054882723717816	0.0408388182278232
Nuclei_Texture_InfoMeas1_Mitochondria_3_00_256	0.016877560182957496	0.0006817076085931305	-0.019759042685252245
Nuclei_Texture_InfoMeas1_Mitochondria_3_01_256	0.02174494436470964	0.0008236910286132699	-0.017309450482620347
Nuclei_Texture_InfoMeas1_Mitochondria_3_02_256	0.020080289317392364	0.0008077799103078612	-0.01471753275524731
Nuclei_Texture_InfoMeas1_Mitochondria_3_03_256	0.01998099572699219	0.0008151154112523661	-0.013504053720618449
Nuclei_Texture_InfoMeas2_ER_3_01_256	0.2391553714831316	-0.000500115831283068	-0.18425307939152397
Nuclei_Texture_InfoMeas2_ER_3_03_256	0.2362159050090531	-0.0005041264702231277	-0.18313296238878066
Nuclei_Texture_InfoMeas2_Hoechst_3_02_256	0.012679239852660174	-0.0006819688075835761	-0.02167372221010362
Nuclei_Texture_InfoMeas2_Mitochondria_3_01_256	0.0015637541408417555	-0.00016125474043469974	-0.013155188865245892
Nuclei_Texture_InfoMeas2_Mitochondria_3_03_256	0.001852138704612205	-0.00018332903076254454	-0.014022079947333036
Nuclei_Texture_InverseDifferenceMoment_Golgi_3_01_256	0.016266901582929316	-0.00011942835110212618	0.04525849648557779
Nuclei_Texture_InverseDifferenceMoment_Golgi_3_03_256	0.015202110150524306	-0.0001269994288216926	0.04351539797956649
Nuclei_Texture_InverseDifferenceMoment_Mitochondria_3_01_256	0.07855608440165196	-0.0011978323540470506	0.06342661173807755
Nuclei_Texture_InverseDifferenceMoment_Mitochondria_3_03_256	0.07418827551946638	-0.0011895614958996813	0.06000542982343758
Nuclei_Texture_SumEntropy_ER_3_03_256	0.4497507895781957	3.889494792755702e-05	-0.24743951695260744
Nuclei_Texture_SumEntropy_Golgi_3_01_256	0.03413422970540514	-0.00023957450166826774	-0.06966011484184706
Nuclei_Texture_SumEntropy_Mitochondria_3_03_256	0.03640093986873583	0.00056827070760281	-0.0558915529788937
Nuclei_Texture_SumVariance_Actin_3_01_256	0.124733043527267	0.0007435632716130283	-0.11471802073131028
Nuclei_Texture_SumVariance_ER_3_03_256	0.07008008851286651	-0.00013586933247444654	-0.0991159285759746
Nuclei_Texture_SumVariance_Golgi_3_01_256	0.00031020762290112636	-0.00011292186946732653	-0.0016082430143089601
Nuclei_Texture_SumVariance_Hoechst_3_01_256	0.010333272254079429	0.00019703008158139212	-0.033540099151473525
Nuclei_Texture_SumVariance_Mitochondria_3_03_256	0.001347551951605075	-3.369901889649402e-05	0.013039768932029593
