feature	r2_score	cell_neighbors_coef	failing_coef	healthy_coef
Cytoplasm_AreaShape_Compactness	0.2142696819230947	-0.250543283057317	3750157242843.205	3750157242842.9844
Cytoplasm_AreaShape_Extent	0.4680851228025973	0.33729076689425114	-329051868805.79645	-329051868805.7385
Cytoplasm_AreaShape_FormFactor	0.24799886829972184	0.26765689274640836	-5876503477176.687	-5876503477176.558
Cytoplasm_AreaShape_MajorAxisLength	0.06517088942753146	0.10451212634762118	2431706577743.629	2431706577743.5674
Cytoplasm_AreaShape_MinorAxisLength	0.274698628064573	0.26439450918037927	3266122908431.7417	3266122908431.633
Cytoplasm_AreaShape_Perimeter	0.09684804260457136	0.14043687681512015	6544815170277.004	6544815170276.861
Cytoplasm_AreaShape_Zernike_0_0	0.45192478172245487	0.3546844675411692	-656682719219.8566	-656682719219.8026
Cytoplasm_AreaShape_Zernike_1_1	0.18458215432870828	0.22023077631246554	-5813499444984.921	-5813499444984.915
Cytoplasm_AreaShape_Zernike_2_0	0.25420733743421	0.25240217379847674	2664458624518.879	2664458624518.911
Cytoplasm_AreaShape_Zernike_2_2	0.19410168579666098	0.2133094707794011	1835017366203.5295	1835017366203.6455
Cytoplasm_AreaShape_Zernike_3_1	0.07816040895922471	0.13922967124762659	-3548324854917.4487	-3548324854917.407
Cytoplasm_AreaShape_Zernike_4_0	0.0541797301366298	0.11880557114456616	2527543006768.5327	2527543006768.551
Cytoplasm_AreaShape_Zernike_4_2	0.03262522512664512	0.08699393029655925	2805058938093.559	2805058938093.6475
Cytoplasm_AreaShape_Zernike_4_4	0.15120860256327684	0.1865644292793992	-4302792484099.985	-4302792484099.836
Cytoplasm_AreaShape_Zernike_5_1	0.09879974063430563	0.15968789250840396	-5246163198949.222	-5246163198949.172
Cytoplasm_AreaShape_Zernike_5_3	0.05797414954123303	0.11586915152858202	-6070108779992.665	-6070108779992.586
Cytoplasm_AreaShape_Zernike_6_0	0.040341729374285484	0.10797067862968904	-3494341449043.6484	-3494341449043.658
Cytoplasm_AreaShape_Zernike_6_2	0.020221823362412517	0.06836482381056617	-5401498029690.169	-5401498029690.147
Cytoplasm_AreaShape_Zernike_6_4	0.021703053965694052	0.06947246397811152	-4904885282833.883	-4904885282833.757
Cytoplasm_AreaShape_Zernike_7_1	0.08758961133839016	0.1618603155998766	-9481591504349.67	-9481591504349.652
Cytoplasm_AreaShape_Zernike_7_3	0.036941138907719884	0.09779149391409458	-1455242997779.7397	-1455242997779.6758
Cytoplasm_AreaShape_Zernike_8_0	0.02317893551240302	0.08032016366299047	-987987321568.2472	-987987321568.228
Cytoplasm_AreaShape_Zernike_8_2	0.04208776584418994	0.10723281225805027	4625971269181.679	4625971269181.723
Cytoplasm_AreaShape_Zernike_8_4	0.00036079083264106693	0.0028415070840815664	-1957130765959.5222	-1957130765959.4834
Cytoplasm_AreaShape_Zernike_9_1	0.05273749943904171	0.12304312077160923	-7175311610391.632	-7175311610391.566
Cytoplasm_AreaShape_Zernike_9_3	0.03042171667839555	0.08862283648830088	-9244506756093.191	-9244506756093.145
Cytoplasm_AreaShape_Zernike_9_5	0.012375428370844044	0.05395081797780594	-4623079692396.847	-4623079692396.792
Cytoplasm_Correlation_Correlation_Actin_ER	0.014576688609883814	0.056421678796328124	-5422560189529.935	-5422560189529.81
Cytoplasm_Correlation_Correlation_Actin_Hoechst	0.16690868308275486	0.18721296961651762	-4396070176438.04	-4396070176437.938
Cytoplasm_Correlation_Correlation_ER_Hoechst	0.21251577399438548	0.19485508934178145	-265966776737.14725	-265966776737.04288
Cytoplasm_Correlation_Correlation_ER_Mitochondria	0.035327588638097596	0.06733370394459862	349751707955.7223	349751707955.96216
Cytoplasm_Correlation_Correlation_Hoechst_Mitochondria	0.18323690507061385	0.17844158083074285	-1039186735946.5355	-1039186735946.4746
Cytoplasm_Correlation_K_ER_Hoechst	0.08424890575073518	-0.17403548397670837	-87623869720.7702	-87623869720.76105
Cytoplasm_Correlation_K_ER_PM	0.07930459768367848	-0.15627018846292334	-1747500153198.8245	-1747500153198.998
Cytoplasm_Correlation_K_Hoechst_ER	0.15996890855195922	0.1782280120190231	-1921439114445.6758	-1921439114445.838
Cytoplasm_Correlation_K_Hoechst_Mitochondria	0.0759030238910764	0.16230620761046866	-4754592437340.625	-4754592437340.937
Cytoplasm_Correlation_K_Hoechst_PM	0.14281394627828936	0.1844099855674735	-3416400939013.904	-3416400939014.243
Cytoplasm_Correlation_K_Mitochondria_ER	0.024728510873757603	0.06943710185547101	947398518671.9869	947398518672.0966
Cytoplasm_Correlation_K_Mitochondria_Hoechst	0.1425122201992447	-0.14363363236048965	1264742452854.8298	1264742452854.9187
Cytoplasm_Correlation_K_Mitochondria_PM	0.019509020369929964	-0.042662996282900656	742420871623.4744	742420871623.4629
Cytoplasm_Correlation_K_PM_ER	0.07513233734627311	0.10867365417090213	328567859841.9804	328567859842.1193
Cytoplasm_Correlation_K_PM_Hoechst	0.08425861604679241	-0.12467157895679161	738001535041.0536	738001535041.2161
Cytoplasm_Correlation_Overlap_ER_Hoechst	0.05440204141852778	0.020082277968333444	-4974626489545.216	-4974626489545.624
Cytoplasm_Correlation_Overlap_ER_Mitochondria	0.02346537828340589	-0.06582368749274031	-30549198340.108566	-30549198340.105045
Cytoplasm_Correlation_Overlap_ER_PM	0.008187349853797876	-0.03205088105685625	-2904278522426.9824	-2904278522427.207
Cytoplasm_Correlation_Overlap_Hoechst_Mitochondria	0.044782640055305745	0.017417441569087314	-3274207457951.9404	-3274207457952.3213
Cytoplasm_Correlation_Overlap_Hoechst_PM	0.02598647580464586	-0.05639020419368163	-817248964583.5217	-817248964583.8848
Cytoplasm_Correlation_Overlap_Mitochondria_PM	0.007840060797302373	0.02321672028830066	-4993642159542.807	-4993642159543.042
Cytoplasm_Correlation_RWC_Actin_ER	0.09935548054652976	-0.14757673239485364	-2959277777072.1665	-2959277777072.3926
Cytoplasm_Correlation_RWC_Actin_Mitochondria	0.04080086165522312	-0.11077388641025153	7723862198209.311	7723862198209.256
Cytoplasm_Correlation_RWC_Actin_PM	0.01722761252296201	-0.059043028379971316	-12110911473671.643	-12110911473671.836
Cytoplasm_Correlation_RWC_ER_Actin	0.10166397820334017	-0.10291745851861815	239813979860.9223	239813979860.4209
Cytoplasm_Correlation_RWC_ER_Hoechst	0.09004546753388454	-0.11137872370004186	-4751445553405.644	-4751445553406.185
Cytoplasm_Correlation_RWC_ER_PM	0.009880162977514817	-0.0548037071554649	-12455752745674.771	-12455752745674.951
Cytoplasm_Correlation_RWC_Hoechst_ER	0.0812511929506965	-0.1401831683215246	1830731457991.6455	1830731457991.8108
Cytoplasm_Correlation_RWC_Hoechst_Mitochondria	0.03043959031621546	-0.09794288082967978	3756907238831.4604	3756907238831.649
Cytoplasm_Correlation_RWC_Hoechst_PM	0.06397905843602181	-0.15867562474668728	2123154769642.4873	2123154769642.4004
Cytoplasm_Correlation_RWC_Mitochondria_Actin	0.05553128326424717	-0.06426832465397864	2115783927891.5732	2115783927891.1455
Cytoplasm_Correlation_RWC_Mitochondria_ER	0.08656878916574551	-0.1402860471587441	-8413010012453.416	-8413010012453.509
Cytoplasm_Correlation_RWC_Mitochondria_Hoechst	0.06794644491369606	-0.06495171569835934	-7667559258454.657	-7667559258455.232
Cytoplasm_Correlation_RWC_Mitochondria_PM	0.014990194592528594	-0.06030577959714598	-21874719986815.574	-21874719986815.805
Cytoplasm_Correlation_RWC_PM_Actin	0.074092207897831	-0.0655795758002084	-1913303481516.3767	-1913303481516.9026
Cytoplasm_Correlation_RWC_PM_ER	0.03279404803800723	-0.08522633915958837	6955490817663.401	6955490817663.318
Cytoplasm_Correlation_RWC_PM_Hoechst	0.10797297187130228	-0.13369723919789606	3016131401072.9097	3016131401072.422
Cytoplasm_Granularity_1_Actin	0.09909563972814706	-0.11702216485838998	3931757661090.5273	3931757661089.9785
Cytoplasm_Granularity_1_ER	0.0986960074854315	0.10357015000816305	4775932050708.024	4775932050707.508
Cytoplasm_Granularity_1_Mitochondria	0.043211360319953096	0.08325375528608342	7535724478067.767	7535724478067.631
Cytoplasm_Intensity_IntegratedIntensity_ER	0.39743195190888647	0.36385940957203544	-969830684747.7635	-969830684747.9911
Cytoplasm_Intensity_MADIntensity_Actin	0.07572898638887204	0.13113200065795294	-2941708452911.06	-2941708452911.122
Cytoplasm_Intensity_MADIntensity_ER	0.02859932666482512	0.06864672374562224	-3505455699966.574	-3505455699966.522
Cytoplasm_Intensity_MADIntensity_Hoechst	0.04735851646847766	-0.0905178934507492	-808783429234.2416	-808783429234.1873
Cytoplasm_Intensity_MADIntensity_Mitochondria	0.0018606842809961721	0.01704575968970916	-5216497312181.223	-5216497312181.167
Cytoplasm_Intensity_MADIntensity_PM	0.004809725129763742	0.027151399353617572	-3178773014509.5933	-3178773014509.5146
Cytoplasm_Intensity_MassDisplacement_ER	0.014216263773943472	0.04885344533801506	766544333348.6573	766544333348.6876
Cytoplasm_Intensity_MassDisplacement_Hoechst	0.0029658242572885296	-0.02139397611062942	-1953057739655.7744	-1953057739655.7617
Cytoplasm_Intensity_MassDisplacement_Mitochondria	0.010667041685480716	0.0431750839703618	-2271160441128.112	-2271160441128.125
Cytoplasm_Intensity_MaxIntensityEdge_Hoechst	0.020766110671642912	0.03485629813325009	-2502489297201.177	-2502489297200.957
Cytoplasm_Intensity_MaxIntensityEdge_Mitochondria	0.017367684150507934	0.07451889492201838	-5656230417963.984	-5656230417964.0
Cytoplasm_Intensity_MaxIntensity_Actin	0.12410749015475508	0.18188443525315817	-4280835432834.3975	-4280835432834.449
Cytoplasm_Intensity_MaxIntensity_ER	0.09527160663866885	0.1373986916407819	-3607348711805.585	-3607348711805.529
Cytoplasm_Intensity_MaxIntensity_Hoechst	0.02227146815089409	0.061989264051719416	-2939247702573.483	-2939247702573.2896
Cytoplasm_Intensity_StdIntensityEdge_Hoechst	0.04965660690275442	0.06926505462532215	-5052388206726.5205	-5052388206726.213
Cytoplasm_Intensity_StdIntensityEdge_Mitochondria	0.010106224494602967	0.0541342600489521	-5755166577871.631	-5755166577871.582
Cytoplasm_Intensity_StdIntensity_Hoechst	0.017476343226798585	-0.03665469086771039	-2855405049863.151	-2855405049862.9956
Cytoplasm_Intensity_StdIntensity_Mitochondria	0.00607871714183672	0.04271064119520431	-5836212393188.965	-5836212393188.9
Cytoplasm_Intensity_StdIntensity_PM	0.01745301580935754	0.06052124945339418	-4721458750322.319	-4721458750322.186
Cytoplasm_Location_MaxIntensity_X_PM	0.007946996055573474	-0.04162584014815347	-5360742522518.415	-5360742522518.502
Cytoplasm_RadialDistribution_FracAtD_Actin_1of4	0.04695507127005172	0.10228236348242226	-5986881102209.484	-5986881102209.469
Cytoplasm_RadialDistribution_FracAtD_Actin_2of4	0.09806606119596517	0.1479344057271364	-4149825900018.321	-4149825900018.304
Cytoplasm_RadialDistribution_FracAtD_Actin_3of4	0.17499097452530032	0.1915905006235896	-5242125765265.532	-5242125765265.51
Cytoplasm_RadialDistribution_FracAtD_Actin_4of4	0.15197758490570346	-0.1810758258883128	5288786963005.198	5288786963005.178
Cytoplasm_RadialDistribution_FracAtD_ER_1of4	0.041204169908087174	0.0983990512930776	-8649682899259.983	-8649682899259.946
Cytoplasm_RadialDistribution_FracAtD_ER_3of4	0.14236943398243995	0.17199594573691804	-7629413513078.139	-7629413513078.071
Cytoplasm_RadialDistribution_FracAtD_ER_4of4	0.12314144349646894	-0.160770453848564	8473068102931.395	8473068102931.33
Cytoplasm_RadialDistribution_FracAtD_Hoechst_1of4	0.1262983715377639	0.1795071461339446	-6711161211869.994	-6711161211869.989
Cytoplasm_RadialDistribution_FracAtD_Hoechst_2of4	0.20190794160044323	0.21553664373946502	-7416195896058.764	-7416195896058.753
Cytoplasm_RadialDistribution_FracAtD_Mitochondria_1of4	0.04284015281150655	0.10143370881404694	-7811957039539.373	-7811957039539.323
Cytoplasm_RadialDistribution_FracAtD_Mitochondria_2of4	0.08393804108259206	0.13724968684732283	-8366506018423.805	-8366506018423.743
Cytoplasm_RadialDistribution_FracAtD_PM_1of4	0.08978889492902864	0.15397412705743324	-8617981175364.443	-8617981175364.418
Cytoplasm_RadialDistribution_MeanFrac_Actin_1of4	0.02490818498279579	-0.0610021875803178	-1407107778554.7793	-1407107778554.789
Cytoplasm_RadialDistribution_MeanFrac_Actin_2of4	0.03055829502639329	-0.06849061704451477	8613242992212.509	8613242992212.498
Cytoplasm_RadialDistribution_MeanFrac_Actin_3of4	0.031024538482624653	-0.0688901008272504	2869140749162.6094	2869140749162.595
Cytoplasm_RadialDistribution_MeanFrac_Actin_4of4	0.024888500082846488	0.06973289346916971	-2801233290845.3276	-2801233290845.317
Cytoplasm_RadialDistribution_MeanFrac_ER_1of4	0.01038159273221717	-0.04359795365959424	-6778920850094.871	-6778920850094.836
Cytoplasm_RadialDistribution_MeanFrac_ER_3of4	0.009270910251857889	-0.0360849293117497	-3995585847390.7573	-3995585847390.699
Cytoplasm_RadialDistribution_MeanFrac_ER_4of4	0.01530912769688686	0.053412724256055664	2781476352042.043	2781476352041.989
Cytoplasm_RadialDistribution_MeanFrac_Hoechst_1of4	0.004397665865103262	0.03847830754680463	-1061725677676.904	-1061725677676.914
Cytoplasm_RadialDistribution_MeanFrac_Hoechst_2of4	0.007900585599655008	0.045158487680569064	-455084133843.35956	-455084133843.3657
Cytoplasm_RadialDistribution_MeanFrac_Hoechst_3of4	0.014496207230400793	0.04772491494722399	476086190114.0469	476086190114.0289
Cytoplasm_RadialDistribution_MeanFrac_Hoechst_4of4	0.0004400417302526938	0.0026900183132240437	-1847962101850.5854	-1847962101850.5474
Cytoplasm_RadialDistribution_MeanFrac_Mitochondria_1of4	0.011546794513063952	-0.05105537589867285	-5308168949439.6045	-5308168949439.556
Cytoplasm_RadialDistribution_MeanFrac_Mitochondria_2of4	0.015727082704221518	-0.055724972597446715	-4175222841643.988	-4175222841643.9287
Cytoplasm_RadialDistribution_MeanFrac_Mitochondria_3of4	0.013164628541826096	-0.047124118173389566	-2847649374553.331	-2847649374553.284
Cytoplasm_RadialDistribution_MeanFrac_Mitochondria_4of4	0.019810587581997052	0.06459494292978463	2387223662127.4053	2387223662127.3403
Cytoplasm_RadialDistribution_MeanFrac_PM_1of4	0.006335561200298434	-0.041999282523492186	-4794592097770.258	-4794592097770.242
Cytoplasm_RadialDistribution_MeanFrac_PM_3of4	0.005341723311548363	-0.02966103547699484	-1657113342163.8376	-1657113342163.8003
Cytoplasm_RadialDistribution_MeanFrac_PM_4of4	0.016244664817644527	0.06050217631928369	604427197970.5552	604427197970.54
Cytoplasm_RadialDistribution_RadialCV_Actin_2of4	0.06745790176935362	0.11489024954913217	3207396178231.66	3207396178231.823
Cytoplasm_RadialDistribution_RadialCV_Actin_3of4	0.07372117931084077	0.11338977202980373	-2592013382277.3154	-2592013382277.161
Cytoplasm_RadialDistribution_RadialCV_Actin_4of4	0.09211341610774149	0.1335765874915129	-3372508324203.3115	-3372508324203.1875
Cytoplasm_RadialDistribution_RadialCV_ER_2of4	0.11101524045754829	0.13905197007489248	-153125015992.38956	-153125015992.22052
Cytoplasm_RadialDistribution_RadialCV_ER_3of4	0.1414431166173642	0.1473891474927877	-411313250178.9903	-411313250178.74207
Cytoplasm_RadialDistribution_RadialCV_ER_4of4	0.05559795075797258	0.07881621101832459	2282332019711.6323	2282332019711.912
Cytoplasm_RadialDistribution_RadialCV_Hoechst_2of4	0.0042585472015530534	-0.026512431247742073	-1888262012727.1106	-1888262012727.0352
Cytoplasm_RadialDistribution_RadialCV_Hoechst_3of4	0.00615164711527616	-0.022406945472563937	-1337418619789.426	-1337418619789.349
Cytoplasm_RadialDistribution_RadialCV_Hoechst_4of4	0.02109859825253868	-0.049601431072333876	-1732168519241.5903	-1732168519241.4912
Cytoplasm_RadialDistribution_RadialCV_Mitochondria_2of4	0.06096280544057098	0.10540784844245756	-4834111454201.322	-4834111454201.152
Cytoplasm_RadialDistribution_RadialCV_Mitochondria_3of4	0.06224503050668784	0.10302067890550279	-4461292985032.507	-4461292985032.322
Cytoplasm_RadialDistribution_RadialCV_Mitochondria_4of4	0.009315246043460679	0.033379536936603636	-2897238993452.5747	-2897238993452.426
Cytoplasm_RadialDistribution_RadialCV_PM_2of4	0.049106466033471796	0.0973383312381604	-4892910203671.038	-4892910203670.839
Cytoplasm_RadialDistribution_RadialCV_PM_3of4	0.06199040255622068	0.09669044628906674	-5353001922579.414	-5353001922579.153
Cytoplasm_RadialDistribution_RadialCV_PM_4of4	0.019745125781110096	0.035641667449874626	-3518505067949.286	-3518505067949.059
Cytoplasm_Texture_AngularSecondMoment_ER_3_03_256	0.016515725152239757	-0.04899742463719195	6570893140827.036	6570893140827.137
Cytoplasm_Texture_AngularSecondMoment_Hoechst_3_02_256	0.06317085748237705	0.128532692930823	4917338805792.171	4917338805792.065
Cytoplasm_Texture_AngularSecondMoment_Mitochondria_3_00_256	0.010792128509272692	-0.05175152665082223	3318365826671.2207	3318365826671.138
Cytoplasm_Texture_AngularSecondMoment_Mitochondria_3_01_256	0.019699751138202548	-0.07120143685024949	3616259799911.3247	3616259799911.21
Cytoplasm_Texture_AngularSecondMoment_Mitochondria_3_02_256	0.013406003561110658	-0.05243772627985922	5659825230446.87	5659825230446.772
Cytoplasm_Texture_AngularSecondMoment_Mitochondria_3_03_256	0.017165651175326424	-0.06614684349160607	4674288274079.521	4674288274079.424
Cytoplasm_Texture_AngularSecondMoment_PM_3_01_256	0.0013157976633942914	0.012881434618294966	6169450577095.276	6169450577095.33
Cytoplasm_Texture_Contrast_ER_3_00_256	0.012579027100801943	0.04375496694579877	-2091487376959.1924	-2091487376959.1184
Cytoplasm_Texture_Contrast_ER_3_01_256	0.01386010646174285	0.034916865112686116	-1627622125409.386	-1627622125409.3242
Cytoplasm_Texture_Contrast_ER_3_03_256	0.013830812065168008	0.04360524853048183	-2038943387630.162	-2038943387630.0908
Cytoplasm_Texture_Contrast_Hoechst_3_00_256	0.004719414344213413	-0.051805188544669555	-784115742408.7261	-784115742408.7054
Cytoplasm_Texture_Contrast_Hoechst_3_01_256	0.017087560284499537	-0.04066442096240909	-940570537749.4293	-940570537749.3657
Cytoplasm_Texture_Contrast_Hoechst_3_02_256	0.03198712970873896	-0.06173288924589887	-916779412242.8896	-916779412242.8344
Cytoplasm_Texture_Contrast_Hoechst_3_03_256	0.01897658066952357	-0.02652326668109079	-655734997004.7467	-655734997004.7051
Cytoplasm_Texture_Contrast_Mitochondria_3_00_256	0.004756247979166184	-0.03414311713314354	-1833356982303.5728	-1833356982303.5554
Cytoplasm_Texture_Contrast_Mitochondria_3_01_256	0.0024410752616801368	-0.024487736033853947	-2410717396455.6714	-2410717396455.6484
Cytoplasm_Texture_Contrast_Mitochondria_3_02_256	0.004142323124133873	-0.03303429048423031	-2557888868857.521	-2557888868857.5054
Cytoplasm_Texture_Contrast_Mitochondria_3_03_256	0.0029011726594527776	-0.030138587285775686	-2369924804930.8228	-2369924804930.8135
Cytoplasm_Texture_Contrast_PM_3_00_256	0.00141625863788708	-0.006210805442348457	-2205572569488.579	-2205572569488.4863
Cytoplasm_Texture_Contrast_PM_3_01_256	0.0022582987655888065	0.0036570566260241298	-2462405283961.71	-2462405283961.5996
Cytoplasm_Texture_Contrast_PM_3_02_256	0.001962334492072726	0.002066552830177976	-2996507839035.584	-2996507839035.4697
Cytoplasm_Texture_Contrast_PM_3_03_256	0.0015320613090622492	-0.000692127416464943	-2414195776648.479	-2414195776648.382
Cytoplasm_Texture_Correlation_Actin_3_00_256	0.08232653697196912	0.10847010201247809	-8212148086947.462	-8212148086947.577
Cytoplasm_Texture_Correlation_Actin_3_01_256	0.0661026503310429	0.09268711185479524	-7020193229370.597	-7020193229370.742
Cytoplasm_Texture_Correlation_Actin_3_02_256	0.08834848109441173	0.11175861077820026	875546319431.674	875546319431.5508
Cytoplasm_Texture_Correlation_Actin_3_03_256	0.06735673899385497	0.09535107403316183	-3843530420044.5234	-3843530420044.665
Cytoplasm_Texture_Correlation_ER_3_00_256	0.17432642191805903	0.17523202455120918	-863412799264.8835	-863412799264.7784
Cytoplasm_Texture_Correlation_ER_3_01_256	0.1749342789399907	0.17738882562747427	-442489376454.31445	-442489376454.21155
Cytoplasm_Texture_Correlation_ER_3_02_256	0.16973807753010817	0.1691882964092028	337130190289.55035	337130190289.65173
Cytoplasm_Texture_Correlation_ER_3_03_256	0.1757599909190789	0.17038636891505204	102715386146.14214	102715386146.26237
Cytoplasm_Texture_Correlation_Hoechst_3_00_256	0.11498371416928399	0.13559161384793944	-802004745358.9045	-802004745358.8047
Cytoplasm_Texture_Correlation_Hoechst_3_01_256	0.06505828471222685	0.10269162285041865	320704443565.74774	320704443565.8429
Cytoplasm_Texture_Correlation_Hoechst_3_02_256	0.11793300356935921	0.13857353314989	352811275560.78485	352811275560.88416
Cytoplasm_Texture_Correlation_Hoechst_3_03_256	0.06838524031663074	0.10309559028509599	194350784306.45096	194350784306.5417
Cytoplasm_Texture_Correlation_Mitochondria_3_00_256	0.15425474801506667	0.1607082435738988	-4009210054010.3027	-4009210054010.227
Cytoplasm_Texture_Correlation_Mitochondria_3_01_256	0.16181044048622129	0.17025904433202577	-2858458965541.5244	-2858458965541.4795
Cytoplasm_Texture_Correlation_Mitochondria_3_02_256	0.15017044547211378	0.1521017617670438	-236267366662.59674	-236267366662.53857
Cytoplasm_Texture_Correlation_Mitochondria_3_03_256	0.16614532537781745	0.16167186448952095	-1403210123856.8618	-1403210123856.7915
Cytoplasm_Texture_Correlation_PM_3_00_256	0.11525219896133432	0.12659421898713283	-3465185172848.081	-3465185172848.0327
Cytoplasm_Texture_Correlation_PM_3_01_256	0.10632124682973543	0.1199369621720889	-2429967689343.5483	-2429967689343.5107
Cytoplasm_Texture_Correlation_PM_3_02_256	0.10457951957045886	0.11478558692551892	-1305106128969.3196	-1305106128969.2756
Cytoplasm_Texture_Correlation_PM_3_03_256	0.12437095823455468	0.12721022679654323	-2330524156491.9087	-2330524156491.8584
Cytoplasm_Texture_DifferenceEntropy_Hoechst_3_02_256	0.15379411639179075	-0.15999591109228353	-4106188702429.929	-4106188702429.8213
Cytoplasm_Texture_DifferenceEntropy_Mitochondria_3_00_256	0.006153570761121441	-0.027012993139734487	-4442929716452.067	-4442929716451.974
Cytoplasm_Texture_DifferenceEntropy_Mitochondria_3_01_256	0.004276039391336139	-0.00916040854636185	-5720018215104.873	-5720018215104.747
Cytoplasm_Texture_DifferenceEntropy_Mitochondria_3_02_256	0.006699626998369235	-0.024366608913043115	-8084250616685.37	-8084250616685.259
Cytoplasm_Texture_DifferenceEntropy_Mitochondria_3_03_256	0.00374102447015201	-0.013038008547079026	-6440549328550.824	-6440549328550.723
Cytoplasm_Texture_DifferenceEntropy_PM_3_02_256	0.0035445391304473883	-0.01931291688862764	-6852098953353.179	-6852098953353.093
Cytoplasm_Texture_DifferenceVariance_Actin_3_01_256	0.1583427859664247	-0.14208696198586138	4132224721288.411	4132224721288.5894
Cytoplasm_Texture_DifferenceVariance_ER_3_03_256	0.039767573045482396	-0.1005229116854559	6296614722284.881	6296614722284.846
Cytoplasm_Texture_DifferenceVariance_Hoechst_3_02_256	0.07433451586498618	0.11462835331720383	7576651932231.8955	7576651932231.585
Cytoplasm_Texture_DifferenceVariance_Mitochondria_3_00_256	0.04231213374271414	-0.11306200061199545	7447416120193.645	7447416120193.604
Cytoplasm_Texture_DifferenceVariance_Mitochondria_3_01_256	0.04759042187499063	-0.1211447712830339	7983485774865.004	7983485774864.934
Cytoplasm_Texture_DifferenceVariance_Mitochondria_3_02_256	0.044105613148157974	-0.114209350269437	12123571814996.76	12123571814996.7
Cytoplasm_Texture_DifferenceVariance_Mitochondria_3_03_256	0.04491840974411587	-0.116286158032424	9472019418390.162	9472019418390.111
Cytoplasm_Texture_DifferenceVariance_PM_3_00_256	0.007107395626415491	-0.04242058370555751	-1209047258286.0803	-1209047258286.107
Cytoplasm_Texture_Entropy_Mitochondria_3_01_256	0.030702678119944093	0.08310108609300514	-6302772977966.953	-6302772977966.82
Cytoplasm_Texture_InfoMeas1_ER_3_00_256	0.05316743249820843	-0.10328968747193301	-416314316303.2744	-416314316303.373
Cytoplasm_Texture_InfoMeas1_ER_3_01_256	0.03452173641583467	-0.08443502759899611	-1069212290781.1296	-1069212290781.2039
Cytoplasm_Texture_InfoMeas1_ER_3_02_256	0.050864212867016145	-0.09938771537732251	-4825170172023.277	-4825170172023.363
Cytoplasm_Texture_InfoMeas1_ER_3_03_256	0.03295313588329796	-0.08250290744075812	-3514277882350.2476	-3514277882350.333
Cytoplasm_Texture_InfoMeas1_Hoechst_3_00_256	0.015785947213925677	0.05538959879920444	-4436400009441.975	-4436400009442.055
Cytoplasm_Texture_InfoMeas1_Hoechst_3_01_256	0.034332109345114215	0.07911904766575881	-5014038863088.905	-5014038863088.98
Cytoplasm_Texture_InfoMeas1_Hoechst_3_02_256	0.013254615705997397	0.04915085076343634	-5186973608607.898	-5186973608607.974
Cytoplasm_Texture_InfoMeas1_Hoechst_3_03_256	0.0370731234175975	0.08194268399594146	-5407439835461.593	-5407439835461.66
Cytoplasm_Texture_InfoMeas1_Mitochondria_3_00_256	0.01271121360907268	-0.05028028906671284	5692761944554.527	5692761944554.525
Cytoplasm_Texture_InfoMeas1_Mitochondria_3_01_256	0.003041730583649871	-0.019575037755076907	3687259363790.6846	3687259363790.741
Cytoplasm_Texture_InfoMeas1_Mitochondria_3_02_256	0.01019984448069644	-0.04285999848879841	-3081054639801.4277	-3081054639801.409
Cytoplasm_Texture_InfoMeas1_Mitochondria_3_03_256	0.002307557275024741	-0.019385852912321047	885294370385.1927	885294370385.2107
Cytoplasm_Texture_InfoMeas1_PM_3_00_256	0.012657575888907036	-0.044412610880225196	3303088360331.145	3303088360331.082
Cytoplasm_Texture_InfoMeas1_PM_3_01_256	0.00048500510434312805	-0.009530205155674426	1717428286386.7344	1717428286386.728
Cytoplasm_Texture_InfoMeas1_PM_3_02_256	0.012202294630048405	-0.04358428248191139	-2602237146871.922	-2602237146871.9556
Cytoplasm_Texture_InfoMeas1_PM_3_03_256	0.0039226765477683445	-0.02739182634319276	-288936825939.93536	-288936825939.9728
Cytoplasm_Texture_InfoMeas2_ER_3_00_256	0.13785528267160263	0.1677856736083172	-2782388780366.7124	-2782388780366.633
Cytoplasm_Texture_InfoMeas2_ER_3_01_256	0.14028941519096916	0.17094539032891384	-2545848485062.452	-2545848485062.372
Cytoplasm_Texture_InfoMeas2_ER_3_02_256	0.1353098295574897	0.1724408245082074	-1667573483206.3547	-1667573483206.273
Cytoplasm_Texture_InfoMeas2_ER_3_03_256	0.14052638161921516	0.1696148769579155	-1710055487304.9656	-1710055487304.8809
Cytoplasm_Texture_InfoMeas2_Hoechst_3_03_256	0.08777928182483707	-0.1324466784708391	1445850277815.0173	1445850277815.159
Cytoplasm_Texture_InfoMeas2_Mitochondria_3_00_256	0.0818817654087709	0.13763291577622563	-7796332482758.862	-7796332482758.786
Cytoplasm_Texture_InfoMeas2_Mitochondria_3_01_256	0.07382674385876575	0.14724449801298853	-7453730642891.772	-7453730642891.719
Cytoplasm_Texture_InfoMeas2_Mitochondria_3_02_256	0.07814111754093944	0.12698211756288721	-1778203796329.595	-1778203796329.5225
Cytoplasm_Texture_InfoMeas2_Mitochondria_3_03_256	0.07217272018397758	0.13207625202595047	-4251259613609.181	-4251259613609.109
Cytoplasm_Texture_InfoMeas2_PM_3_00_256	0.045626508824892276	0.07681356154763656	-6164415475624.579	-6164415475624.523
Cytoplasm_Texture_InfoMeas2_PM_3_01_256	0.03043449712126578	0.07648613937390286	-6714461860900.611	-6714461860900.564
Cytoplasm_Texture_InfoMeas2_PM_3_02_256	0.04376588201236675	0.07612400663275352	-3376921888592.0034	-3376921888591.9614
Cytoplasm_Texture_InfoMeas2_PM_3_03_256	0.04250570289349853	0.09135734012950952	-5206185618160.651	-5206185618160.586
Cytoplasm_Texture_InverseDifferenceMoment_Actin_3_02_256	0.05371947108172537	-0.06622162589311788	3937054042393.486	3937054042393.677
Cytoplasm_Texture_InverseDifferenceMoment_ER_3_01_256	0.0007547446417215387	-0.007294243787762124	3737110664683.0415	3737110664683.0
Cytoplasm_Texture_InverseDifferenceMoment_ER_3_03_256	0.00046761766233771596	-0.006924412191389634	4296426936137.4546	4296426936137.4243
Cytoplasm_Texture_InverseDifferenceMoment_Hoechst_3_02_256	0.2022971511111057	0.1801169480893959	2081477540627.9165	2081477540627.8813
Cytoplasm_Texture_InverseDifferenceMoment_Mitochondria_3_00_256	0.032863890967392284	0.07364184909447782	1763149329994.1086	1763149329994.04
Cytoplasm_Texture_InverseDifferenceMoment_Mitochondria_3_01_256	0.028933855789222918	0.06685090986714598	2486860838161.709	2486860838161.5996
Cytoplasm_Texture_InverseDifferenceMoment_Mitochondria_3_02_256	0.03261774313194876	0.07159756599651326	5926613919509.211	5926613919509.122
Cytoplasm_Texture_InverseDifferenceMoment_Mitochondria_3_03_256	0.029613064181415738	0.07020766557295778	4140845062988.6143	4140845062988.5273
Cytoplasm_Texture_InverseDifferenceMoment_PM_3_00_256	0.03397421251492916	0.08024891836113054	3193200445726.7	3193200445726.6685
Cytoplasm_Texture_InverseDifferenceMoment_PM_3_01_256	0.028734116897352613	0.07106753621212199	3725480734553.856	3725480734553.8013
Cytoplasm_Texture_InverseDifferenceMoment_PM_3_02_256	0.032467069278063754	0.08038598547346833	4924138244745.895	4924138244745.844
Cytoplasm_Texture_InverseDifferenceMoment_PM_3_03_256	0.030130322987051983	0.07553727256380707	4313785201124.5625	4313785201124.5156
Cytoplasm_Texture_SumEntropy_ER_3_03_256	0.07844817213312205	0.12491096327495788	-5601711436668.823	-5601711436668.8125
Cytoplasm_Texture_SumEntropy_PM_3_01_256	0.04127446018998837	0.09559435138901967	-7172546432414.523	-7172546432414.462
Cytoplasm_Texture_SumVariance_ER_3_03_256	0.03263764122661794	0.06472923575584123	-1915357749629.8628	-1915357749629.7893
Cytoplasm_Texture_SumVariance_Hoechst_3_03_256	0.0018359428052228122	0.012545866085087386	-1066791738584.4486	-1066791738584.3806
Cytoplasm_Texture_SumVariance_Mitochondria_3_00_256	0.0009533307472946451	0.022291440035030082	-3184001451199.305	-3184001451199.283
Cytoplasm_Texture_SumVariance_PM_3_02_256	0.014267424049711375	0.05446317282313128	-2491209466120.382	-2491209466120.286
Cells_AreaShape_BoundingBoxArea	0.08305889556448465	0.12119219369207511	2652830605491.731	2652830605491.6196
Cells_AreaShape_Compactness	0.01874684218881939	-0.06822712188759723	3956926054455.5273	3956926054455.39
Cells_AreaShape_Eccentricity	0.008047901413355874	-0.04066508555672551	1168046157593.4272	1168046157593.4795
Cells_AreaShape_Extent	0.0067223955729007745	0.034868115637527286	396711472627.833	396711472627.80676
Cells_AreaShape_FormFactor	0.008789167796673603	-0.04072189940300273	-2826217448052.08	-2826217448052.0527
Cells_AreaShape_MedianRadius	0.32905001892738106	0.31449141137205977	-2415495559918.52	-2415495559918.6035
Cells_AreaShape_Orientation	0.00037591126666813857	-0.0028284855025727924	-1901361585786.6611	-1901361585786.7021
Cells_AreaShape_Solidity	0.021086399767186625	0.06690176600551334	-1557845541869.0027	-1557845541869.0137
Cells_AreaShape_Zernike_0_0	0.0016236628777861473	0.0159730722733287	312686117038.0031	312686117037.9795
Cells_AreaShape_Zernike_1_1	0.04182790559682503	0.10296504068271004	-5080675618134.373	-5080675618134.396
Cells_AreaShape_Zernike_2_0	0.12953951960415533	0.17673107512464303	1657850598086.3467	1657850598086.3555
Cells_AreaShape_Zernike_2_2	0.0006225347900181699	0.002002356270199509	2464061088441.433	2464061088441.482
Cells_AreaShape_Zernike_3_1	0.03470185819392213	0.09398712088752974	-2223862319379.6934	-2223862319379.676
Cells_AreaShape_Zernike_3_3	0.049237505275579796	0.11135696976059406	-5810928975102.564	-5810928975102.514
Cells_AreaShape_Zernike_4_0	0.05347089686833684	-0.11189315611225396	6060198446962.525	6060198446962.529
Cells_AreaShape_Zernike_4_2	0.03658999630691706	0.08973059113900919	1897449495059.7886	1897449495059.8625
Cells_AreaShape_Zernike_4_4	0.03411435295162668	0.08834267949748935	-4342700194357.013	-4342700194356.8955
Cells_AreaShape_Zernike_5_1	0.0018485589720699247	0.020677865478015006	-232363997525.508	-232363997525.48615
Cells_AreaShape_Zernike_5_3	0.030562687095992747	0.08761783443871848	-6053948777135.038	-6053948777134.977
Cells_AreaShape_Zernike_5_5	0.045155227151521204	0.11078679458029107	2112010235368.0352	2112010235368.0981
Cells_AreaShape_Zernike_6_0	0.0024458342596309635	-0.023700621982901276	-245460222570.262	-245460222570.25684
Cells_AreaShape_Zernike_6_2	0.002429557973404717	-0.022394644692112435	-7330677573096.199	-7330677573096.191
Cells_AreaShape_Zernike_6_4	0.0037877941771297108	0.023912398871141376	-5384692359578.474	-5384692359578.379
Cells_AreaShape_Zernike_6_6	0.050581840710965054	0.1083764616488302	1675411229415.5415	1675411229415.6592
Cells_AreaShape_Zernike_7_1	0.002225430009827001	0.022938235095482602	-3757355824870.88	-3757355824870.8916
Cells_AreaShape_Zernike_7_3	0.007714590905063989	0.04278642929422431	423611904845.6491	423611904845.7046
Cells_AreaShape_Zernike_7_5	0.01712084315115503	0.06586268483824063	-302010801131.20905	-302010801131.12616
Cells_AreaShape_Zernike_7_7	0.050534125425026555	0.11176395980483551	1211174900471.7693	1211174900471.851
Cells_AreaShape_Zernike_8_0	0.0005087717488810872	-0.011012994425802145	117501349422.20767	117501349422.18936
Cells_AreaShape_Zernike_8_2	0.0020213894488716466	-0.022449038334664637	845401456632.7737	845401456632.7734
Cells_AreaShape_Zernike_8_4	0.00410675959110729	0.03130047385040153	-1708785501282.5017	-1708785501282.458
Cells_AreaShape_Zernike_8_6	0.00475927765416162	0.02769059570732112	2613980652329.876	2613980652329.9683
Cells_AreaShape_Zernike_8_8	0.053045741567083526	0.11777147608316882	5490609883633.587	5490609883633.719
Cells_AreaShape_Zernike_9_1	0.0014053027280169772	0.01808298952969162	-6699075276741.392	-6699075276741.402
Cells_AreaShape_Zernike_9_3	0.0021178065931846124	0.023190547115496226	-6840927027389.393	-6840927027389.389
Cells_AreaShape_Zernike_9_5	0.007004269170404975	0.040814005699737685	-4286511782585.6455	-4286511782585.6035
Cells_AreaShape_Zernike_9_7	0.019525843345603477	0.06886069958655304	2753893234932.5615	2753893234932.6523
Cells_AreaShape_Zernike_9_9	0.04142165246962137	0.10258386944919276	-5300041328980.96	-5300041328980.868
Cells_Correlation_Correlation_Actin_Hoechst	0.1413037809025518	0.1710153002432591	-4870332283140.943	-4870332283140.898
Cells_Correlation_Correlation_Actin_Mitochondria	0.04429569518131715	0.10353905348244663	-7156287100747.8955	-7156287100747.809
Cells_Correlation_Correlation_ER_Hoechst	0.1706422575480051	0.17472561066901274	-437113825896.4653	-437113825896.33105
Cells_Correlation_Correlation_Hoechst_Mitochondria	0.14946092685556944	0.16641791702920694	-1852843253567.7969	-1852843253567.635
Cells_Correlation_K_ER_Hoechst	0.15320895956288694	-0.19956920410392512	1480679127614.4932	1480679127614.6157
Cells_Correlation_K_ER_Mitochondria	0.007936129333108166	-0.07397447671973756	-3960944686998.7554	-3960944686998.884
Cells_Correlation_K_Hoechst_ER	0.06702418542386768	0.10019352507987202	-2109692014331.9785	-2109692014332.0798
Cells_Correlation_K_Hoechst_PM	0.0531841532256343	0.0800989406842699	-3731153481519.6123	-3731153481519.8877
Cells_Correlation_K_PM_Mitochondria	0.04186438704013651	0.11792462559607435	-4625704659602.635	-4625704659602.619
Cells_Correlation_Manders_Actin_Hoechst	0.20237493246767513	-0.1881400859849019	-1417348201372.6792	-1417348201372.795
Cells_Correlation_Overlap_ER_Hoechst	0.12966885228893932	-0.1788604380430666	-881451639448.4631	-881451639448.448
Cells_Correlation_Overlap_ER_PM	0.028889575648834542	-0.01536977575612391	-3967732224300.032	-3967732224300.383
Cells_Correlation_Overlap_Hoechst_PM	0.0920807778272883	-0.18755140509007728	2655535216569.299	2655535216569.4404
Cells_Correlation_Overlap_Mitochondria_PM	0.016638979874642246	-0.004033845109467949	-4032246070195.515	-4032246070195.793
Cells_Correlation_RWC_ER_Hoechst	0.1708929994422549	-0.19530817251342208	-1328695345361.6062	-1328695345361.7185
Cells_Correlation_RWC_ER_Mitochondria	0.09447947188673633	-0.1817662417888978	4978388351506.417	4978388351506.505
Cells_Correlation_RWC_Hoechst_ER	0.004651103156237624	-0.023459000370177487	-917432596923.6947	-917432596923.8042
Cells_Correlation_RWC_Hoechst_Mitochondria	0.012903040399914523	-0.06810865402651695	-856328018363.3505	-856328018363.3779
Cells_Correlation_RWC_Hoechst_PM	0.04366576922662735	-0.08620920089738884	-2463643854008.4707	-2463643854008.705
Cells_Correlation_RWC_PM_ER	0.017177717838706696	-0.06451004386128759	6096917404385.807	6096917404385.771
Cells_Correlation_RWC_PM_Hoechst	0.2516940051904397	-0.234161773211229	2392879166625.9404	2392879166625.9136
Cells_Correlation_RWC_PM_Mitochondria	0.05080967951097248	-0.1307462583242347	5879659632650.3545	5879659632650.408
Cells_Granularity_2_Hoechst	0.034922654393905184	-0.08029558997468692	-1151579917926.095	-1151579917926.0144
Cells_Intensity_IntegratedIntensityEdge_Actin	0.19370504005444	0.2274839634747558	-1683152756377.2158	-1683152756377.844
Cells_Intensity_IntegratedIntensityEdge_ER	0.11685785840794671	0.14200408097402903	-2292571773804.5396	-2292571773804.7686
Cells_Intensity_IntegratedIntensityEdge_Hoechst	0.010709823346650715	0.028970468280968786	1825918815151.5613	1825918815151.4065
Cells_Intensity_IntegratedIntensityEdge_PM	0.11935150812915818	0.15574325220493881	3004994447944.547	3004994447944.141
Cells_Intensity_IntegratedIntensity_Actin	0.27753136796382194	0.37088279381759665	-2085856139725.5393	-2085856139726.1992
Cells_Intensity_IntegratedIntensity_Hoechst	0.25146014625967095	0.24379975621603775	-659442534323.1638	-659442534323.244
Cells_Intensity_IntegratedIntensity_PM	0.33406116854594203	0.33205901603892446	-146739678993.0357	-146739678993.31628
Cells_Intensity_MADIntensity_Hoechst	0.018930352747974055	-0.04479451747320139	-1035081946685.516	-1035081946685.4546
Cells_Intensity_MADIntensity_Mitochondria	0.020642934406021052	0.06739362860292976	-5819229016355.781	-5819229016355.685
Cells_Intensity_MADIntensity_PM	0.007665385135478431	0.036627089234117456	-3565951647709.801	-3565951647709.717
Cells_Intensity_MassDisplacement_Actin	0.05336428517378644	0.10838741511871432	-1717917700875.594	-1717917700875.5835
Cells_Intensity_MassDisplacement_Hoechst	0.0023212969785489923	-0.019058881463921627	-1979922489039.2324	-1979922489039.2976
Cells_Intensity_MassDisplacement_PM	0.002834123394722887	0.02252209701552354	-2460033672494.2383	-2460033672494.2144
Cells_Intensity_MaxIntensityEdge_Actin	0.1360648209669565	0.17327127367104334	-3242636542740.701	-3242636542740.8306
Cells_Intensity_MaxIntensityEdge_ER	0.04661496639464302	0.08990282809383666	-3176443660359.6714	-3176443660359.672
Cells_Intensity_MaxIntensityEdge_Mitochondria	0.011866231330781463	0.05546139929748675	-4088559980165.702	-4088559980165.7524
Cells_Intensity_MinIntensityEdge_Actin	0.037495377072608305	0.05379320464221694	-1488127570279.0344	-1488127570279.2266
Cells_Intensity_MinIntensityEdge_ER	0.0007632152264334113	0.007489194855743486	-721254818520.6718	-721254818520.7012
Cells_Intensity_MinIntensityEdge_Hoechst	0.17147617616184674	-0.1423800786378274	-25711640388.803673	-25711640388.78888
Cells_Intensity_MinIntensityEdge_PM	0.023649345040328562	-0.05566389004934122	-256565991462.65845	-256565991462.75647
Cells_Intensity_StdIntensityEdge_Hoechst	0.01493141090064043	-0.04602116340015025	-2796705843523.253	-2796705843523.1865
Cells_Intensity_StdIntensityEdge_Mitochondria	0.005308983674001677	0.03658037724408887	-4434311688923.503	-4434311688923.512
Cells_Intensity_StdIntensityEdge_PM	0.01120428099159354	0.047837122503335744	-1662408074731.661	-1662408074731.602
Cells_Neighbors_AngleBetweenNeighbors_Adjacent	0.01920745956052261	0.05937917106915375	-5741086712886.786	-5741086712886.865
Cells_Neighbors_FirstClosestDistance_Adjacent	0.024975778208248367	-0.05345163505691248	4621450584470.871	4621450584470.803
Cells_Neighbors_PercentTouching_Adjacent	0.45953336217342755	0.36011982905754925	-5356786951436.223	-5356786951436.197
Cells_Neighbors_SecondClosestDistance_Adjacent	0.09172928894843624	-0.09702013187829499	5135000691773.321	5135000691773.269
Cells_RadialDistribution_FracAtD_Actin_1of4	0.0025400877012999867	-0.022199941743934012	-4020980371835.6973	-4020980371835.7397
Cells_RadialDistribution_FracAtD_Actin_3of4	0.01792074666470389	0.06388491966137912	-3527482114681.7695	-3527482114681.741
Cells_RadialDistribution_FracAtD_Actin_4of4	0.005185533388840091	-0.033663152929985535	3644231516836.0757	3644231516836.073
Cells_RadialDistribution_FracAtD_ER_1of4	0.01440898326158968	0.05233058395707484	-1659244625075.8723	-1659244625075.7568
Cells_RadialDistribution_FracAtD_ER_3of4	0.06729123449715546	0.12395058838530706	1784495435980.8877	1784495435981.0947
Cells_RadialDistribution_FracAtD_ER_4of4	0.05096494218991188	-0.10614473124253292	-904609073356.4567	-904609073356.6461
Cells_RadialDistribution_FracAtD_Hoechst_1of4	0.020694013158487623	0.07515063237352679	8430187305995.091	8430187305995.191
Cells_RadialDistribution_FracAtD_Hoechst_2of4	0.02041280820967528	0.06828225074933332	5516586135149.551	5516586135149.666
Cells_RadialDistribution_FracAtD_Hoechst_3of4	0.0014147572601415082	-0.003365607668731558	-8969409902333.771	-8969409902333.695
Cells_RadialDistribution_FracAtD_Hoechst_4of4	0.01328649923106695	-0.052304280149802894	94701423352.94191	94701423352.81497
Cells_RadialDistribution_FracAtD_Mitochondria_1of4	0.007282453439491632	0.03923361961377762	-2522388783498.459	-2522388783498.385
Cells_RadialDistribution_FracAtD_PM_1of4	0.004111964987541072	0.021073727088854455	1170902001289.3186	1170902001289.4268
Cells_RadialDistribution_FracAtD_PM_3of4	0.0051011384965010675	0.022445251880622897	-5470976523440.539	-5470976523440.416
Cells_RadialDistribution_MeanFrac_Actin_1of4	0.003840016109093125	0.025566759460681834	-7120313625540.369	-7120313625540.379
Cells_RadialDistribution_MeanFrac_Actin_2of4	0.008091349819728144	0.038826195884276174	-5263624263069.502	-5263624263069.497
Cells_RadialDistribution_MeanFrac_Actin_3of4	0.013540249342784638	0.04727026192151801	-247582563982.0029	-247582563981.95682
Cells_RadialDistribution_MeanFrac_Actin_4of4	0.01167955890993666	-0.043992718177880155	2326566626500.952	2326566626500.927
Cells_RadialDistribution_MeanFrac_ER_1of4	0.03132899545465784	0.06502121790254306	378325145549.51544	378325145549.6948
Cells_RadialDistribution_MeanFrac_ER_2of4	0.04242094376143546	0.07138089317285641	3969412968495.119	3969412968495.3257
Cells_RadialDistribution_MeanFrac_ER_3of4	0.02341981107958635	0.04361781042220715	7915394304563.393	7915394304563.594
Cells_RadialDistribution_MeanFrac_ER_4of4	0.11979485685101987	-0.1349177407776164	-2928492457132.087	-2928492457132.333
Cells_RadialDistribution_MeanFrac_Hoechst_1of4	0.00870539272922255	0.03781491062041315	13921975705222.184	13921975705222.303
Cells_RadialDistribution_MeanFrac_Hoechst_2of4	0.004308742537201371	0.014709856373753421	8895301048443.969	8895301048444.09
Cells_RadialDistribution_MeanFrac_Hoechst_3of4	0.029354513897475787	-0.08589154296233645	-6715522044787.221	-6715522044787.18
Cells_RadialDistribution_MeanFrac_Hoechst_4of4	0.0350162401908205	-0.08636320264310944	-1533733536081.3545	-1533733536081.548
Cells_RadialDistribution_MeanFrac_Mitochondria_1of4	0.021608414349828964	0.05675083006674078	-1037042866023.956	-1037042866023.8114
Cells_RadialDistribution_MeanFrac_Mitochondria_2of4	0.029844243719848174	0.061451640941876357	1969389267513.8376	1969389267514.012
Cells_RadialDistribution_MeanFrac_Mitochondria_3of4	0.012620482036804437	0.029412793590545085	2927701194134.9507	2927701194135.123
Cells_RadialDistribution_MeanFrac_Mitochondria_4of4	0.08992634100577823	-0.12498208835445473	-17577620742.758392	-17577620742.98244
Cells_RadialDistribution_MeanFrac_PM_1of4	0.009806903049887516	0.019227757442928418	5265047413887.91	5265047413888.084
Cells_RadialDistribution_MeanFrac_PM_2of4	0.01056671357395722	-0.004235390994099369	3373482176882.5337	3373482176882.714
Cells_RadialDistribution_MeanFrac_PM_4of4	0.02234244647503081	-0.020226628481230587	869957478983.3292	869957478983.0486
Cells_RadialDistribution_RadialCV_Actin_1of4	0.04493617208583767	0.09414157497349232	641168246025.9125	641168246026.0
Cells_RadialDistribution_RadialCV_Actin_2of4	0.05097270908286855	0.09862138329669787	4192892249459.475	4192892249459.585
Cells_RadialDistribution_RadialCV_Actin_3of4	0.04549248092446534	0.08959009606060843	-177148804946.8613	-177148804946.71942
Cells_RadialDistribution_RadialCV_Actin_4of4	0.04772730268376524	0.09628698400650787	-4647555084858.63	-4647555084858.513
Cells_RadialDistribution_RadialCV_ER_1of4	0.05927334065850631	0.09977451263109276	-3550235714177.7197	-3550235714177.624
Cells_RadialDistribution_RadialCV_ER_2of4	0.08222164963085044	0.1169541833015743	-593921401624.8817	-593921401624.705
Cells_RadialDistribution_RadialCV_ER_3of4	0.08759734136393282	0.11757054951497899	5533633318702.549	5533633318702.76
Cells_RadialDistribution_RadialCV_ER_4of4	0.042801543779290796	0.07586251325358905	-1740560322563.941	-1740560322563.7244
Cells_RadialDistribution_RadialCV_Hoechst_1of4	0.07329096883366015	0.13534597281072372	-1039333648612.8076	-1039333648612.7126
Cells_RadialDistribution_RadialCV_Hoechst_2of4	0.1804122745922263	0.1988037400640413	2181162731592.266	2181162731592.4395
Cells_RadialDistribution_RadialCV_Hoechst_3of4	0.127572466034776	0.16243871521431552	-7450639148694.03	-7450639148693.823
Cells_RadialDistribution_RadialCV_Hoechst_4of4	0.004967512907778082	-0.03133472463534637	-6918445605585.474	-6918445605585.436
Cells_RadialDistribution_RadialCV_Mitochondria_1of4	0.0716839231793831	0.13063739003348934	-6119409035946.58	-6119409035946.492
Cells_RadialDistribution_RadialCV_Mitochondria_2of4	0.0834313701100553	0.1355223947234994	-4399730554115.06	-4399730554114.923
Cells_RadialDistribution_RadialCV_Mitochondria_3of4	0.07312079541743799	0.12379468718396125	566438577021.2297	566438577021.3911
Cells_RadialDistribution_RadialCV_Mitochondria_4of4	0.006878063094663989	0.035877920585580744	-6538663758051.121	-6538663758051.039
Cells_RadialDistribution_RadialCV_PM_1of4	0.12060404469702712	0.16411205163409828	518490719708.7547	518490719708.8967
Cells_RadialDistribution_RadialCV_PM_2of4	0.19101769189591167	0.18986770553334348	1145858725065.7546	1145858725065.9683
Cells_RadialDistribution_RadialCV_PM_3of4	0.13829279716273923	0.154345629212282	-2875226577848.711	-2875226577848.4507
Cells_RadialDistribution_RadialCV_PM_4of4	0.01078650007798565	0.03429059867166805	-6273113392944.525	-6273113392944.377
Cells_Texture_AngularSecondMoment_Mitochondria_3_01_256	0.06984210482036501	-0.14133154122944372	4104618585754.2637	4104618585754.0938
Cells_Texture_Contrast_Hoechst_3_00_256	0.006634456502134456	-0.025987483968703536	-1583104041918.3892	-1583104041918.285
Cells_Texture_Contrast_Mitochondria_3_01_256	0.0006554784339556363	-0.0010872205245101958	-2664214442856.5347	-2664214442856.4873
Cells_Texture_Contrast_PM_3_03_256	0.004282358857440327	0.00014928163092543014	-2643817008709.5444	-2643817008709.419
Cells_Texture_Correlation_ER_3_01_256	0.2365755374787114	0.21852839611782393	-416331877289.76404	-416331877289.6085
Cells_Texture_Correlation_ER_3_03_256	0.23613288937101606	0.22549905449866992	321874105972.69244	321874105972.85846
Cells_Texture_Correlation_Hoechst_3_03_256	0.229297913635089	0.18747061541126825	-1016817100787.3223	-1016817100787.2764
Cells_Texture_Correlation_Mitochondria_3_00_256	0.1899905857721529	0.20716260792857688	-5882418297944.88	-5882418297944.775
Cells_Texture_Correlation_Mitochondria_3_01_256	0.1972455315451731	0.20905355385581453	-4056022622311.881	-4056022622311.794
Cells_Texture_Correlation_Mitochondria_3_02_256	0.1924866005965865	0.2096007393683239	-446825297497.51666	-446825297497.4199
Cells_Texture_Correlation_Mitochondria_3_03_256	0.20165873694825298	0.20366761240712267	-2006484856163.846	-2006484856163.7476
Cells_Texture_Correlation_PM_3_01_256	0.2114285131587389	0.1834442221796497	-1825035770403.211	-1825035770403.1765
Cells_Texture_Correlation_PM_3_03_256	0.21610265835654185	0.18236933127241325	-1816906123351.0613	-1816906123351.0198
Cells_Texture_DifferenceEntropy_Hoechst_3_02_256	0.13412429536771575	-0.14779934694623376	-4718139419696.798	-4718139419696.694
Cells_Texture_DifferenceEntropy_Mitochondria_3_00_256	0.004808640716075785	0.013620704285462248	-5031072682354.191	-5031072682354.05
Cells_Texture_DifferenceEntropy_Mitochondria_3_02_256	0.005066052456005887	0.011941524937053501	-9023156734852.303	-9023156734852.156
Cells_Texture_DifferenceVariance_Hoechst_3_02_256	0.09427287838254916	0.1470340851788892	10279021051075.309	10279021051075.031
Cells_Texture_InfoMeas1_ER_3_01_256	0.1355934376616451	-0.1722802653994279	-1029275006136.8679	-1029275006136.9585
Cells_Texture_InfoMeas1_ER_3_02_256	0.13373388744786452	-0.17041780476554802	-5149714264007.529	-5149714264007.646
Cells_Texture_InfoMeas1_ER_3_03_256	0.13483845894524438	-0.17397663242449352	-3321171651828.0913	-3321171651828.199
Cells_Texture_InfoMeas1_Hoechst_3_03_256	0.13775220353523487	-0.17006113688274435	-2803645823871.4146	-2803645823871.4336
Cells_Texture_InfoMeas1_Mitochondria_3_00_256	0.15281379864610312	-0.18535419416881407	7611568273703.979	7611568273703.943
Cells_Texture_InfoMeas1_Mitochondria_3_01_256	0.13999946405597186	-0.1808203270053482	5657434028890.584	5657434028890.586
Cells_Texture_InfoMeas1_Mitochondria_3_02_256	0.15661729015190262	-0.18484443149721597	-2861969862600.2295	-2861969862600.246
Cells_Texture_InfoMeas1_Mitochondria_3_03_256	0.14686696006679356	-0.18189932372121076	2115260449352.1475	2115260449352.1233
Cells_Texture_InfoMeas1_PM_3_00_256	0.19637786230501442	-0.18568909687369303	2567951253850.905	2567951253850.841
Cells_Texture_InfoMeas1_PM_3_01_256	0.18951006101824175	-0.184893164289678	1459414129242.6067	1459414129242.5737
Cells_Texture_InfoMeas1_PM_3_02_256	0.19930557101572166	-0.18262962764042037	-1659599111545.0508	-1659599111545.0981
Cells_Texture_InfoMeas2_Hoechst_3_03_256	0.03456617890732816	0.08250164603425254	-2737792757316.87	-2737792757316.7554
Cells_Texture_InfoMeas2_PM_3_00_256	0.14900421122629104	0.16044075491698945	-5808670445668.09	-5808670445668.039
Cells_Texture_InverseDifferenceMoment_Hoechst_3_02_256	0.19893436826773625	0.17791999608902853	3210087640355.9995	3210087640355.9487
Cells_Texture_InverseDifferenceMoment_Mitochondria_3_00_256	0.005063398451621515	-0.00545196769660065	2576460910624.077	2576460910623.9385
Cells_Texture_InverseDifferenceMoment_Mitochondria_3_01_256	0.007739527467687912	-0.012166689367476287	3445382660725.0	3445382660724.826
Cells_Texture_InverseDifferenceMoment_Mitochondria_3_02_256	0.005845724031255273	-0.004920322894826853	7560095239917.414	7560095239917.264
Cells_Texture_InverseDifferenceMoment_Mitochondria_3_03_256	0.006027745428448861	-0.00979336259109947	5233146960216.143	5233146960215.991
Cells_Texture_SumVariance_Hoechst_3_03_256	0.015123155106770758	0.03804498705968294	-2828128210136.5396	-2828128210136.387
Cells_Texture_SumVariance_Mitochondria_3_01_256	0.002668427859946254	0.031037179209409578	-3074124525955.7427	-3074124525955.6914
Cells_Texture_SumVariance_PM_3_03_256	0.01947784960352894	0.06023721259974558	-3404020670451.3354	-3404020670451.1895
Nuclei_AreaShape_BoundingBoxMinimum_Y	0.004827382767050414	0.03239621488754506	-3966233917968.2305	-3966233917968.203
Nuclei_AreaShape_Compactness	0.006657372379867965	0.04907357792737089	-2106330703937.839	-2106330703937.847
Nuclei_AreaShape_Extent	0.008401604074283364	-0.04272618508709161	5469090004278.141	5469090004278.119
Nuclei_AreaShape_FormFactor	0.0157213019108583	-0.05492604323599631	2538806169167.605	2538806169167.619
Nuclei_AreaShape_MinorAxisLength	0.07806738076634345	0.10655056252003732	-1598684169245.5662	-1598684169246.0508
Nuclei_AreaShape_Orientation	7.959828784764866e-06	-0.0011794686717518043	-379814039293.0262	-379814039293.0237
Nuclei_AreaShape_Solidity	0.011976760337380377	-0.049382794132788045	2706312861728.3647	2706312861728.2744
Nuclei_AreaShape_Zernike_0_0	0.004959520133096418	-0.03263302455539237	124734227074.32582	124734227074.31519
Nuclei_AreaShape_Zernike_1_1	0.0013893074915098946	0.019154058673652018	-2789494563125.8276	-2789494563125.8047
Nuclei_AreaShape_Zernike_2_0	0.0012090238584336888	0.016833446767754303	2220340445122.5435	2220340445122.541
Nuclei_AreaShape_Zernike_2_2	0.00025193416232638377	-0.005406991699793665	2373625209975.818	2373625209975.838
Nuclei_AreaShape_Zernike_3_1	0.002982656133272532	0.02619260432930154	-5575065066767.476	-5575065066767.443
Nuclei_AreaShape_Zernike_3_3	0.0016939794027857058	0.020308430189882078	-5174232640388.446	-5174232640388.417
Nuclei_AreaShape_Zernike_4_0	0.002272880093455165	-0.022330869359371126	3649764724703.1313	3649764724703.0957
Nuclei_AreaShape_Zernike_4_2	0.0015338551085346541	0.017193370918364977	-428349108326.41547	-428349108326.4271
Nuclei_AreaShape_Zernike_4_4	0.0029854358396849134	0.026045971485253706	-630191532256.5204	-630191532256.5076
Nuclei_AreaShape_Zernike_5_1	0.0005253803682847558	0.01067189713258915	430780174264.7089	430780174264.7339
Nuclei_AreaShape_Zernike_5_3	0.002310315284751119	0.024103711333635355	-1101581685142.287	-1101581685142.2434
Nuclei_AreaShape_Zernike_5_5	0.0011790670515382518	0.017116231006157785	-6230080796182.306	-6230080796182.29
Nuclei_AreaShape_Zernike_6_0	6.60475240933378e-05	-0.0012314280603810859	-8232305309059.701	-8232305309059.718
Nuclei_AreaShape_Zernike_6_2	7.0567382975395e-05	-0.0013233649445720274	2659073088920.8647	2659073088920.882
Nuclei_AreaShape_Zernike_6_4	0.002208113416978019	-0.01911145858492185	6347223203319.781	6347223203319.824
Nuclei_AreaShape_Zernike_6_6	0.005470949492315413	0.03483632477678577	-216250786779.68045	-216250786779.66486
Nuclei_AreaShape_Zernike_7_1	0.00024225061465832365	0.007640332974826731	-2698316057378.8804	-2698316057378.874
Nuclei_AreaShape_Zernike_7_3	0.001153995913464101	0.015946984966768704	-3099990785677.2734	-3099990785677.246
Nuclei_AreaShape_Zernike_7_5	0.0017147843791370798	0.018651008392126942	-6590786509956.276	-6590786509956.232
Nuclei_AreaShape_Zernike_7_7	0.003041197799197981	0.02616836821604592	-4251357238025.1377	-4251357238025.0967
Nuclei_AreaShape_Zernike_8_0	4.334275122985787e-05	-0.0006402809787498069	4819188321771.111	4819188321771.098
Nuclei_AreaShape_Zernike_8_2	0.0007117465163701819	-0.003926835816879746	7617281484239.459	7617281484239.4
Nuclei_AreaShape_Zernike_8_4	0.00018389648895600352	0.006360910246055701	-1536845248235.8345	-1536845248235.826
Nuclei_AreaShape_Zernike_8_6	0.000324582168614751	-0.007118343373819292	689910764742.6989	689910764742.7168
Nuclei_AreaShape_Zernike_8_8	0.00626311345190822	0.037128069084715255	-5295254176411.49	-5295254176411.449
Nuclei_AreaShape_Zernike_9_1	0.000375709728682172	0.005883935859807187	63153765967.10063	63153765967.13676
Nuclei_AreaShape_Zernike_9_3	0.00019590402265168283	0.004318605822580706	1857543113471.249	1857543113471.2754
Nuclei_AreaShape_Zernike_9_5	0.0004700211333368287	0.0075753534755268115	-358973909847.51874	-358973909847.4823
Nuclei_AreaShape_Zernike_9_7	0.0010180092217859649	0.01429779240323735	-7134296041648.367	-7134296041648.339
Nuclei_AreaShape_Zernike_9_9	0.0033539353555467333	0.02134644559137261	-5584476254228.006	-5584476254227.916
Nuclei_Correlation_Correlation_Actin_ER	0.009193840372197282	-0.02297800416144091	3178825199470.828	3178825199470.993
Nuclei_Correlation_Correlation_Actin_Hoechst	0.0075496606329023	-0.012914924676893962	-9027236364591.904	-9027236364592.076
Nuclei_Correlation_Correlation_Actin_Mitochondria	0.0034860789758214272	0.018101133407671638	276599528053.0846	276599528053.1923
Nuclei_Correlation_Correlation_ER_Hoechst	0.00028561110134683876	0.0047848286387489215	-1521968155179.53	-1521968155179.5547
Nuclei_Correlation_Correlation_ER_Mitochondria	0.012504702320088046	-0.014556228640921404	5780654646108.629	5780654646108.852
Nuclei_Correlation_Correlation_Hoechst_Mitochondria	0.008854307326625954	-0.020708964374885522	-4816026032926.947	-4816026032926.779
Nuclei_Correlation_K_Actin_ER	0.07961102940026388	-0.038174304812914533	4733853612970.4795	4733853612970.732
Nuclei_Correlation_K_Actin_Hoechst	0.22553072364177285	-0.08808822167866873	8466870080286.258	8466870080286.65
Nuclei_Correlation_K_Actin_Mitochondria	0.06711370845348563	-0.07333888942927723	2935200702926.6455	2935200702926.966
Nuclei_Correlation_K_Actin_PM	0.1981846858307944	-0.08543271712794732	6250258835978.343	6250258835978.658
Nuclei_Correlation_K_ER_Actin	0.09893097062276346	0.10771050784486738	-6264193780384.678	-6264193780385.43
Nuclei_Correlation_K_ER_Hoechst	0.04641765798267927	-0.10122254687886169	1715448093190.6226	1715448093190.7705
Nuclei_Correlation_K_ER_Mitochondria	0.017048801397076097	-0.08440201302896126	-4234921439366.3584	-4234921439366.415
Nuclei_Correlation_K_ER_PM	0.027961836122700312	-0.07697354939693847	-1050377989597.985	-1050377989598.0625
Nuclei_Correlation_K_Hoechst_ER	0.05643745447972037	0.10661067832244035	-2433831856877.8955	-2433831856877.9727
Nuclei_Correlation_K_Hoechst_Mitochondria	0.015880845552193157	0.06178340211397116	-5588703539590.878	-5588703539591.117
Nuclei_Correlation_K_Mitochondria_Actin	0.11860401843458379	0.15285930160056987	-4243329916784.809	-4243329916785.254
Nuclei_Correlation_K_Mitochondria_ER	0.039530244905123135	0.07985505632121111	1550228382002.466	1550228382002.5215
Nuclei_Correlation_K_Mitochondria_Hoechst	0.03647129407029215	-0.060501001529395	7484192395874.863	7484192395875.102
Nuclei_Correlation_K_Mitochondria_PM	0.0006582473216037998	-0.007938029810036894	2856599435008.7007	2856599435008.7314
Nuclei_Correlation_K_PM_Actin	0.12808705538793053	0.13638674185239139	-4232906919834.8125	-4232906919835.228
Nuclei_Correlation_K_PM_ER	0.04220521486356721	0.08550809746456779	-778641360309.6758	-778641360309.6301
Nuclei_Correlation_K_PM_Hoechst	0.045438343195604136	-0.06233949560534827	4103057444820.78	4103057444821.0786
Nuclei_Correlation_K_PM_Mitochondria	0.000734631789216178	0.01358151753860949	-3642063961329.28	-3642063961329.2393
Nuclei_Correlation_Overlap_Actin_ER	0.010875515961884963	-0.011778706966131458	2793657690962.66	2793657690962.476
Nuclei_Correlation_Overlap_Actin_Hoechst	0.024593404889265313	-0.05330185176426757	3166854804545.64	3166854804545.421
Nuclei_Correlation_Overlap_Actin_Mitochondria	0.00212868971596325	-0.0038002437188922574	3952573229590.853	3952573229590.7637
Nuclei_Correlation_Overlap_Actin_PM	0.018684150425434254	-0.017490237865224825	3623906264743.5044	3623906264743.254
Nuclei_Correlation_Overlap_ER_Hoechst	0.011963398842679052	-0.020468543902239778	555986065395.1423	555986065394.9277
Nuclei_Correlation_Overlap_ER_Mitochondria	0.00022007534217616254	0.004908649967802571	2979081550077.872	2979081550077.8555
Nuclei_Correlation_Overlap_ER_PM	0.03752283578464455	0.0334467183674969	-299816837692.6916	-299816837693.0024
Nuclei_Correlation_Overlap_Hoechst_Mitochondria	0.0026339178220586845	-0.026241408263804736	3254075351253.3687	3254075351253.325
Nuclei_Correlation_Overlap_Hoechst_PM	0.011661255108376123	-0.06610965102093883	3217777546916.522	3217777546916.449
Nuclei_Correlation_Overlap_Mitochondria_PM	0.007091773731156992	0.04117889037515911	4541190829056.225	4541190829056.1875
Nuclei_Correlation_RWC_Actin_ER	0.025727769381910126	-0.06812507008607047	-1897496448327.4678	-1897496448327.57
Nuclei_Correlation_RWC_Actin_Hoechst	0.010005544134347844	0.0017088175648243375	-3095919515382.03	-3095919515382.2314
Nuclei_Correlation_RWC_Actin_Mitochondria	0.0028187055443514852	-0.008131276252958178	-233571967292.5876	-233571967292.70056
Nuclei_Correlation_RWC_Actin_PM	0.03621742437701636	-0.07590458921133185	3282444358252.815	3282444358252.619
Nuclei_Correlation_RWC_ER_Actin	0.028008667226212758	-0.05524369321278924	-1394657895587.613	-1394657895587.8145
Nuclei_Correlation_RWC_ER_Hoechst	0.013458715186236314	-0.05095790242473245	-1877815596965.4126	-1877815596965.538
Nuclei_Correlation_RWC_ER_Mitochondria	0.031220707824222482	-0.09170344789330681	1737248845785.737	1737248845785.7432
Nuclei_Correlation_RWC_ER_PM	0.02763682758885544	-0.07692349483919197	4924847311964.042	4924847311963.988
Nuclei_Correlation_RWC_Hoechst_Actin	0.020069495571909957	0.002265196944043225	-1712198771906.2644	-1712198771906.5356
Nuclei_Correlation_RWC_Hoechst_Mitochondria	0.005074837260811371	-0.03543300914905691	-2622506945239.7505	-2622506945239.8013
Nuclei_Correlation_RWC_Hoechst_PM	0.034154375099687106	-0.07788882702239322	-4298175197861.415	-4298175197861.6094
Nuclei_Correlation_RWC_Mitochondria_Actin	0.013920574668593089	0.0026334362999787166	338060693305.5302	338060693305.3109
Nuclei_Correlation_RWC_Mitochondria_ER	0.03796357609448242	-0.09383673297210299	2538939659954.143	2538939659954.086
Nuclei_Correlation_RWC_Mitochondria_Hoechst	0.007874803607503589	-0.03969948262562156	-4082734788396.345	-4082734788396.4346
Nuclei_Correlation_RWC_Mitochondria_PM	0.0821962661135639	-0.1381044747259064	3802576323089.6597	3802576323089.5957
Nuclei_Correlation_RWC_PM_Actin	0.03696729299006285	-0.0643301786166044	3544242814750.6885	3544242814750.4336
Nuclei_Correlation_RWC_PM_Mitochondria	0.05486177889757626	-0.11879696503830944	3874300738564.342	3874300738564.3335
Nuclei_Granularity_1_Actin	0.10156207632020098	-0.12261918443633411	8587287734175.35	8587287734174.79
Nuclei_Granularity_1_ER	0.09147619862453826	0.02660468714157508	-2807809799742.3604	-2807809799743.167
Nuclei_Granularity_1_Hoechst	0.022074441981878135	-0.0038830326359509076	-5801784643505.811	-5801784643506.139
Nuclei_Granularity_1_Mitochondria	0.027441124334006806	-0.016765234293422356	6549453927206.174	6549453927205.779
Nuclei_Granularity_1_PM	0.11221485704106615	0.012700089153228058	8369643902430.857	8369643902430.004
Nuclei_Intensity_IntegratedIntensityEdge_Hoechst	0.008191891991803923	0.022061868786913387	-2817710280753.1387	-2817710280753.008
Nuclei_Intensity_IntegratedIntensity_Actin	0.05740736358011922	0.1212417679625114	-2357504420897.3667	-2357504420897.468
Nuclei_Intensity_IntegratedIntensity_ER	0.04891018430148908	0.09381482580478401	-1862415522665.861	-1862415522665.8376
Nuclei_Intensity_IntegratedIntensity_Hoechst	0.018772917214862406	0.05199697347137356	-1836723524350.9875	-1836723524350.9795
Nuclei_Intensity_IntegratedIntensity_Mitochondria	0.023957036414279154	0.08815916318623791	-3451544820043.095	-3451544820043.1084
Nuclei_Intensity_IntegratedIntensity_PM	0.03742730247423609	0.08098232328216608	-2587487116082.9326	-2587487116082.957
Nuclei_Intensity_LowerQuartileIntensity_Hoechst	0.0742487647815161	-0.028811914684905616	-3295156442732.437	-3295156442731.9775
Nuclei_Intensity_LowerQuartileIntensity_Mitochondria	0.018840619670250747	0.06920433982871477	-4947536962153.9795	-4947536962153.901
Nuclei_Intensity_MADIntensity_Actin	0.05772644632571111	0.10975844328635596	-3006868018091.272	-3006868018091.3384
Nuclei_Intensity_MADIntensity_ER	0.027873655044590273	0.06561102640331647	-2509672719993.0664	-2509672719992.946
Nuclei_Intensity_MADIntensity_Hoechst	0.021363420629478047	0.05034522218224474	-2893277928005.9126	-2893277928005.7407
Nuclei_Intensity_MADIntensity_Mitochondria	0.005298175692366236	0.025895304391504306	-3798224303921.4595	-3798224303921.337
Nuclei_Intensity_MassDisplacement_Actin	0.012551186408200077	0.0529796616116755	-4605056168834.894	-4605056168834.844
Nuclei_Intensity_MassDisplacement_ER	0.003049081161880962	0.016951788338368315	809031607153.395	809031607153.5049
Nuclei_Intensity_MassDisplacement_Hoechst	0.013433366527137003	0.07250215106176586	-4703419059475.523	-4703419059475.532
Nuclei_Intensity_MassDisplacement_Mitochondria	0.000835994451852673	0.015559435644298035	-2327350504800.727	-2327350504800.69
Nuclei_Intensity_MassDisplacement_PM	0.001367424659405314	0.020361045922677266	-2457879495536.1133	-2457879495536.072
Nuclei_Intensity_MaxIntensityEdge_PM	0.020504778159432857	0.07211609036616133	-5048283942521.011	-5048283942520.905
Nuclei_Intensity_MaxIntensity_Hoechst	0.02200368473790215	0.04115085288867099	-3676943098511.7954	-3676943098511.549
Nuclei_Intensity_MinIntensityEdge_ER	0.05381015779903131	0.09873251285119902	-2242539805511.6943	-2242539805511.6587
Nuclei_Intensity_MinIntensityEdge_Hoechst	0.1263230322976323	-0.06337858637328814	-5649122678738.799	-5649122678738.305
Nuclei_Intensity_MinIntensityEdge_Mitochondria	0.031151875173528354	0.08185969516543275	-3830713152352.9897	-3830713152353.0054
Nuclei_Intensity_MinIntensity_PM	0.03256750008160292	0.07967900469503249	-3576701289438.0234	-3576701289437.9893
Nuclei_Intensity_StdIntensityEdge_ER	0.025482872886662067	0.062064646963272005	-2062562839224.6565	-2062562839224.5215
Nuclei_Intensity_StdIntensityEdge_Hoechst	0.013628569957321202	0.049453587622278895	-1015317021726.0962	-1015317021725.8994
Nuclei_Intensity_StdIntensityEdge_Mitochondria	0.001642411600192406	0.02077402926928024	-4382413781186.928	-4382413781186.869
Nuclei_Intensity_StdIntensityEdge_PM	0.007927157253778017	0.040715797419743495	-4153647255891.006	-4153647255890.866
Nuclei_Neighbors_FirstClosestDistance_Adjacent	0.07652222740877279	-0.10099989245153786	2837697411794.567	2837697411794.5176
Nuclei_RadialDistribution_FracAtD_Actin_1of4	0.004362918405121929	-0.026263633624199027	1503095997219.796	1503095997219.7183
Nuclei_RadialDistribution_FracAtD_Actin_2of4	0.00673215333354138	-0.03047016461263265	-372986511474.8086	-372986511474.9044
Nuclei_RadialDistribution_FracAtD_Actin_3of4	0.004930135382444467	-0.02747161528033953	-3567096847219.6006	-3567096847219.677
Nuclei_RadialDistribution_FracAtD_Actin_4of4	0.009167665279250503	0.03661944118106843	1404148223316.4233	1404148223316.5327
Nuclei_RadialDistribution_FracAtD_ER_1of4	0.011060858693506592	-0.033310447367723095	-1585602483780.6675	-1585602483780.8623
Nuclei_RadialDistribution_FracAtD_ER_2of4	0.01374218689839124	-0.031210544361313996	-695289861833.3507	-695289861833.5637
Nuclei_RadialDistribution_FracAtD_ER_3of4	3.0178121034341032e-06	9.797939886429647e-05	-2506040270874.3013	-2506040270874.3057
Nuclei_RadialDistribution_FracAtD_ER_4of4	0.00872288624085038	0.02571202894465511	1845674065448.1982	1845674065448.3674
Nuclei_RadialDistribution_FracAtD_Hoechst_1of4	0.003538046391784899	-0.0062478076925405295	-393572379751.10284	-393572379750.9811
Nuclei_RadialDistribution_FracAtD_Hoechst_2of4	0.004472749156599343	-0.008210733963574413	-266149032193.83176	-266149032193.70535
Nuclei_RadialDistribution_FracAtD_Hoechst_3of4	0.002083881272811783	0.00524817250338025	-649488540575.828	-649488540575.7268
Nuclei_RadialDistribution_FracAtD_Hoechst_4of4	0.004681640231744444	0.003452900422770848	552633847585.0382	552633847584.8911
Nuclei_RadialDistribution_FracAtD_Mitochondria_1of4	0.0033119374110874844	-0.028262432240570765	378919710597.5316	378919710597.535
Nuclei_RadialDistribution_FracAtD_Mitochondria_2of4	0.0056594152801512365	-0.03424076718446202	1123844075755.1938	1123844075755.2295
Nuclei_RadialDistribution_FracAtD_Mitochondria_3of4	0.009835362375189116	-0.02560942375483741	-1882530109072.4224	-1882530109072.2354
Nuclei_RadialDistribution_FracAtD_Mitochondria_4of4	0.00835238924384707	0.036398383597839305	188737667073.78802	188737667073.68213
Nuclei_RadialDistribution_FracAtD_PM_1of4	0.008951601624114236	-0.037052888764027625	880774287916.6809	880774287916.743
Nuclei_RadialDistribution_FracAtD_PM_2of4	0.017441665686454666	-0.05339540037095478	653792104076.4344	653792104076.4993
Nuclei_RadialDistribution_FracAtD_PM_3of4	0.016297969884736196	-0.058156907779259304	-2526326625503.336	-2526326625503.2334
Nuclei_RadialDistribution_FracAtD_PM_4of4	0.023309399291564392	0.0649851280024376	389859688949.58704	389859688949.4907
Nuclei_RadialDistribution_MeanFrac_Actin_1of4	0.0025964402948847054	-0.005062648867845326	384983334541.2043	384983334541.10364
Nuclei_RadialDistribution_MeanFrac_Actin_2of4	0.003985443394588173	0.00030962409134432917	-2612054349261.497	-2612054349261.6143
Nuclei_RadialDistribution_MeanFrac_Actin_3of4	0.00442292214471296	-0.004942797037456965	-3427718587880.8237	-3427718587880.9414
Nuclei_RadialDistribution_MeanFrac_Actin_4of4	0.007138012323421594	0.002270686612568893	3264744390530.277	3264744390530.4307
Nuclei_RadialDistribution_MeanFrac_ER_1of4	0.011361975437594207	-0.014598564879726817	-3190839953101.16	-3190839953101.3926
Nuclei_RadialDistribution_MeanFrac_ER_2of4	0.01349527696869679	-0.0030215536178057837	-2533862124959.213	-2533862124959.448
Nuclei_RadialDistribution_MeanFrac_ER_3of4	0.0030907586003851018	0.02413942378102827	-2259273607063.427	-2259273607063.4565
Nuclei_RadialDistribution_MeanFrac_ER_4of4	0.012181095947206955	-0.0077529701377995934	3306785490538.3403	3306785490538.548
Nuclei_RadialDistribution_MeanFrac_Hoechst_1of4	0.007870606931442925	0.033213014123446905	-2219243236165.602	-2219243236165.461
Nuclei_RadialDistribution_MeanFrac_Hoechst_2of4	0.009794391164346217	0.03790754386562249	-2583043729022.653	-2583043729022.508
Nuclei_RadialDistribution_MeanFrac_Hoechst_3of4	0.005827290661864937	0.03482396970620389	-73882928349.28072	-73882928349.19391
Nuclei_RadialDistribution_MeanFrac_Hoechst_4of4	0.007631923707196564	-0.02972612094908463	1791807094550.2747	1791807094550.119
Nuclei_RadialDistribution_MeanFrac_Mitochondria_1of4	0.00014106411346703762	-0.006049659272983606	-1041174679895.4308	-1041174679895.4288
Nuclei_RadialDistribution_MeanFrac_Mitochondria_2of4	0.0006179371912562459	-0.0040230674581221695	-747114815316.965	-747114815316.916
Nuclei_RadialDistribution_MeanFrac_Mitochondria_4of4	0.003128839403608419	0.004542504686270397	1573147384603.6116	1573147384603.4927
Nuclei_RadialDistribution_MeanFrac_PM_1of4	0.003633195707052672	-0.011187732615563	-1064357485371.5596	-1064357485371.4602
Nuclei_RadialDistribution_MeanFrac_PM_2of4	0.0062689942649991615	-0.02100377980562828	-2604272850545.597	-2604272850545.48
Nuclei_RadialDistribution_MeanFrac_PM_3of4	0.009174590573134744	-0.039836251635239725	-2712414478910.748	-2712414478910.6455
Nuclei_RadialDistribution_MeanFrac_PM_4of4	0.016568737061954608	0.046110030209507054	2728860667026.7295	2728860667026.5864
Nuclei_RadialDistribution_RadialCV_Actin_1of4	0.0078759348222176	0.034608334718060005	-768546877.879085	-768546877.7737577
Nuclei_RadialDistribution_RadialCV_Actin_2of4	0.01132634432468882	0.03910974763746511	-3814943449560.614	-3814943449560.5127
Nuclei_RadialDistribution_RadialCV_Actin_3of4	0.008813703729182554	0.0338797378795172	-5867527654782.164	-5867527654782.053
Nuclei_RadialDistribution_RadialCV_Actin_4of4	0.009153751148856637	0.03167424654682426	-6043246155344.788	-6043246155344.651
Nuclei_RadialDistribution_RadialCV_ER_1of4	0.0014957950107016282	-0.013461946011548624	-6941363610191.419	-6941363610191.492
Nuclei_RadialDistribution_RadialCV_ER_2of4	0.00010542077386710424	-0.00012395571514870295	-4534751741774.9	-4534751741774.881
Nuclei_RadialDistribution_RadialCV_ER_3of4	0.008534368913629575	-0.00650891460825622	33028784537.59639	33028784537.768444
Nuclei_RadialDistribution_RadialCV_ER_4of4	0.01767321856193138	-0.022696759462851074	1316237989684.4854	1316237989684.7246
Nuclei_RadialDistribution_RadialCV_Hoechst_1of4	0.0029537574102097564	0.0251320619183231	-924909413250.8477	-924909413250.8983
Nuclei_RadialDistribution_RadialCV_Hoechst_2of4	0.009100018454149206	0.049314523520292156	-2825507888296.325	-2825507888296.341
Nuclei_RadialDistribution_RadialCV_Hoechst_3of4	0.009017662001855609	0.04901990064804798	-4280012984634.7227	-4280012984634.6646
Nuclei_RadialDistribution_RadialCV_Hoechst_4of4	0.013549282719140354	0.06526420782798607	-4359527128407.933	-4359527128407.8486
Nuclei_RadialDistribution_RadialCV_Mitochondria_1of4	5.0091325873857784e-05	0.0004036021703318218	-3635324562709.784	-3635324562709.7686
Nuclei_RadialDistribution_RadialCV_Mitochondria_2of4	0.0013486858844692362	0.004472696745033693	-5016499035362.848	-5016499035362.766
Nuclei_RadialDistribution_RadialCV_Mitochondria_3of4	0.00479613741795637	-0.00462269831540542	-3376214357369.4326	-3376214357369.286
Nuclei_RadialDistribution_RadialCV_Mitochondria_4of4	0.005995181926391369	-0.02610726593017901	-2182588265552.0159	-2182588265551.8896
Nuclei_RadialDistribution_RadialCV_PM_2of4	0.0006659103382066212	0.010651371359764707	-4239320717694.696	-4239320717694.656
Nuclei_RadialDistribution_RadialCV_PM_3of4	0.0024020145960651496	0.009055361889842913	-2790573732696.2046	-2790573732696.0923
Nuclei_RadialDistribution_RadialCV_PM_4of4	0.005601234465877902	-0.01716401402213148	-2481952049508.3813	-2481952049508.235
Nuclei_Texture_AngularSecondMoment_ER_3_01_256	0.006709571332390474	-0.035641984240372016	1208158028622.2427	1208158028622.1484
Nuclei_Texture_AngularSecondMoment_Hoechst_3_01_256	0.022810375571571173	-0.0009490189948082025	3678261918950.364	3678261918950.041
Nuclei_Texture_AngularSecondMoment_Mitochondria_3_01_256	0.0046761850585747	-0.008701123618010039	5726735335762.159	5726735335761.996
Nuclei_Texture_AngularSecondMoment_PM_3_01_256	0.0002964495932553657	-0.004811516284524008	12264060735372.87	12264060735372.84
Nuclei_Texture_Contrast_ER_3_01_256	0.016525375660586095	0.04061442425886393	-1525704229031.529	-1525704229031.4565
Nuclei_Texture_Contrast_ER_3_03_256	0.01737543142624265	0.043528124299873155	-1549709128852.1382	-1549709128852.0654
Nuclei_Texture_Contrast_Hoechst_3_00_256	0.008385996371243265	0.032415642768622674	-1899993383798.5518	-1899993383798.405
Nuclei_Texture_Contrast_Mitochondria_3_01_256	0.0004002016222239835	0.004723969486154608	-1794292832661.8003	-1794292832661.7632
Nuclei_Texture_Contrast_Mitochondria_3_03_256	0.0005918628329367737	0.009553437652311984	-1907974815803.2307	-1907974815803.1934
Nuclei_Texture_Contrast_PM_3_00_256	0.004599251788714787	0.01698523699418321	-2544946664224.2837	-2544946664224.169
Nuclei_Texture_Contrast_PM_3_01_256	0.0039782067733985516	0.018881013287800584	-2878386361912.402	-2878386361912.2764
Nuclei_Texture_Contrast_PM_3_02_256	0.003512081386741861	0.015147208330641985	-2577365080307.6914	-2577365080307.585
Nuclei_Texture_Contrast_PM_3_03_256	0.0035369810807388546	0.011513976544136996	-1882641836262.3015	-1882641836262.221
Nuclei_Texture_Correlation_ER_3_00_256	0.01192380588034625	0.03815433653963562	-1467181148845.61	-1467181148845.416
Nuclei_Texture_Correlation_ER_3_01_256	0.010574732328006431	0.038656755267499	-55769615216.05519	-55769615215.88997
Nuclei_Texture_Correlation_ER_3_02_256	0.012073146303586024	0.03576837979240299	3133867701483.2715	3133867701483.471
Nuclei_Texture_Correlation_ER_3_03_256	0.009742105960271807	0.03461878692572058	1513887318266.5764	1513887318266.7427
Nuclei_Texture_Correlation_Hoechst_3_00_256	0.012040906491131542	0.05247966012064784	-10139136420516.629	-10139136420516.594
Nuclei_Texture_Correlation_Hoechst_3_01_256	0.011413669247904545	0.050911617882427596	-7049877945736.486	-7049877945736.483
Nuclei_Texture_Correlation_Hoechst_3_02_256	0.011732450455919752	0.05204260722536745	-1311340389902.2588	-1311340389902.2222
Nuclei_Texture_Correlation_Hoechst_3_03_256	0.013209163770476096	0.05571280606835908	-6823777413538.218	-6823777413538.197
Nuclei_Texture_Correlation_Mitochondria_3_00_256	0.0032763865079806775	0.01105872366364375	-7392758873817.746	-7392758873817.619
Nuclei_Texture_Correlation_Mitochondria_3_01_256	0.0038516408328710394	0.02015783213378606	-6323239172639.41	-6323239172639.293
Nuclei_Texture_Correlation_Mitochondria_3_02_256	0.003562605993788104	0.013959842788405353	-1649952545214.454	-1649952545214.3237
Nuclei_Texture_Correlation_Mitochondria_3_03_256	0.004092281955245469	0.018381202490736877	-2219306724503.379	-2219306724503.2476
Nuclei_Texture_Correlation_PM_3_00_256	0.0017465169399469849	0.02031960339122054	-5912344582126.936	-5912344582126.954
Nuclei_Texture_Correlation_PM_3_01_256	0.0027231602283566136	0.023314624997147926	-2680894298661.528	-2680894298661.5703
Nuclei_Texture_Correlation_PM_3_02_256	0.0013832277748204724	0.01785211986852871	-5012005134075.086	-5012005134075.102
Nuclei_Texture_Correlation_PM_3_03_256	0.00424055760017461	0.03127073274458919	-4062899464898.4326	-4062899464898.458
Nuclei_Texture_DifferenceEntropy_ER_3_01_256	0.022650176852119674	0.06317097034164518	-2447131897044.896	-2447131897044.786
Nuclei_Texture_DifferenceEntropy_Hoechst_3_02_256	0.026090860569207286	0.024660408216136548	-3424740842974.3403	-3424740842974.0303
Nuclei_Texture_DifferenceEntropy_Mitochondria_3_02_256	0.0026866301824624017	0.010254243040100393	-6123503299172.271	-6123503299172.168
Nuclei_Texture_DifferenceEntropy_PM_3_00_256	0.008729317419833738	0.02395398632283139	-6176916431360.646	-6176916431360.49
Nuclei_Texture_DifferenceVariance_Hoechst_3_01_256	0.030474178738655766	-0.00010925798136477592	2151247942433.4395	2151247942432.9824
Nuclei_Texture_DifferenceVariance_Mitochondria_3_01_256	0.0012821509050238156	-0.01324396170312048	8558128280455.604	8558128280455.533
Nuclei_Texture_DifferenceVariance_PM_3_03_256	0.002401568204757676	-0.01941261206913128	11293374955693.068	11293374955693.004
Nuclei_Texture_InfoMeas1_ER_3_00_256	0.008068940310611672	-0.013645830975004427	826696757793.247	826696757793.0487
Nuclei_Texture_InfoMeas1_ER_3_01_256	0.006766882994625578	-0.017834539266395492	-842566869758.6798	-842566869758.8462
Nuclei_Texture_InfoMeas1_ER_3_02_256	0.00899841581899341	-0.010673280318151667	-5627807849254.697	-5627807849254.9
Nuclei_Texture_InfoMeas1_ER_3_03_256	0.007492443416588501	-0.015132035545860624	-1487892398962.3164	-1487892398962.4983
Nuclei_Texture_InfoMeas1_Hoechst_3_00_256	0.01202500545297358	-0.05210431218099736	7493776029031.808	7493776029031.75
Nuclei_Texture_InfoMeas1_Hoechst_3_01_256	0.011661642796662597	-0.04879053986789447	5913948798038.0	5913948798037.893
Nuclei_Texture_InfoMeas1_Hoechst_3_02_256	0.011616595695635445	-0.050467878836726356	2892224167693.198	2892224167693.1406
Nuclei_Texture_InfoMeas1_Hoechst_3_03_256	0.011772180244568275	-0.04885214756566001	5665794198506.901	5665794198506.797
Nuclei_Texture_InfoMeas1_Mitochondria_3_00_256	0.005065984531677503	0.0015038124143423976	7324062818084.463	7324062818084.303
Nuclei_Texture_InfoMeas1_Mitochondria_3_01_256	0.00386154573882036	-0.002560928686635025	6210154200581.739	6210154200581.605
Nuclei_Texture_InfoMeas1_Mitochondria_3_02_256	0.004565087822473002	0.0009371677849258654	-255173726549.36362	-255173726549.5138
Nuclei_Texture_InfoMeas1_Mitochondria_3_03_256	0.004982566232266894	-0.0017102022527781444	2395966788235.739	2395966788235.5796
Nuclei_Texture_InfoMeas1_PM_3_00_256	0.0006744876939863698	-0.013890604409598979	5336194967764.262	5336194967764.26
Nuclei_Texture_InfoMeas1_PM_3_01_256	0.00081667096809801	-0.015225073236749076	3880430444685.422	3880430444685.409
Nuclei_Texture_InfoMeas1_PM_3_02_256	0.0005465103470798649	-0.012201047840834818	3730419079563.7246	3730419079563.721
Nuclei_Texture_InfoMeas1_PM_3_03_256	0.0015586714263379209	-0.020322933281199704	4560582391697.056	4560582391697.024
Nuclei_Texture_InfoMeas2_Hoechst_3_00_256	0.010864156674194048	0.0390882379434103	-10805181927612.053	-10805181927611.889
Nuclei_Texture_InfoMeas2_Hoechst_3_02_256	0.009702493496231757	0.03723441391751963	-3483785257021.293	-3483785257021.131
Nuclei_Texture_InfoMeas2_PM_3_00_256	0.001090213536842688	0.013838588327460424	-8585398086932.221	-8585398086932.17
Nuclei_Texture_InfoMeas2_PM_3_01_256	0.0012818890280045236	0.014801658601045103	-6509632686439.468	-6509632686439.412
Nuclei_Texture_InfoMeas2_PM_3_02_256	0.0009590683207999495	0.01184878615341423	-7138786514062.701	-7138786514062.65
Nuclei_Texture_InverseDifferenceMoment_ER_3_01_256	0.021572416321744448	-0.05908397207392099	2899643871944.1045	2899643871943.9697
Nuclei_Texture_InverseDifferenceMoment_ER_3_03_256	0.021866652694340516	-0.060915546677600955	2996674613934.1143	2996674613933.992
Nuclei_Texture_InverseDifferenceMoment_Hoechst_3_02_256	0.03448613482500751	-0.01465644672012376	4131467705732.0566	4131467705731.6777
Nuclei_Texture_InverseDifferenceMoment_Mitochondria_3_00_256	0.004318053409313016	-0.01569649547285942	4177407554659.203	4177407554659.082
Nuclei_Texture_InverseDifferenceMoment_Mitochondria_3_02_256	0.004231853425754384	-0.015020625260623383	5552134204989.545	5552134204989.424
Nuclei_Texture_InverseDifferenceMoment_PM_3_01_256	0.006950801175612975	-0.018491936849211608	7050632500145.718	7050632500145.568
Nuclei_Texture_InverseDifferenceMoment_PM_3_03_256	0.005984780767929854	-0.01672094372301602	7449423887568.162	7449423887568.021
Nuclei_Texture_SumVariance_ER_3_01_256	0.017555635577070072	0.05262371392219165	-1602949149230.9111	-1602949149230.836
Nuclei_Texture_SumVariance_Hoechst_3_03_256	0.016616280200057343	0.05166842612909795	-1790691660522.5444	-1790691660522.4536
Nuclei_Texture_SumVariance_Mitochondria_3_03_256	0.0006905415480669141	0.015346268834554309	-1665080291501.9727	-1665080291501.965
Nuclei_Texture_SumVariance_PM_3_03_256	0.006373806489183287	0.03664636760399624	-2342654398865.477	-2342654398865.385
