feature	r2_score	cell_count_coef	DMSO_coef	none_coef
Cytoplasm_AreaShape_Compactness	0.0032071875446731957	0.0013289626114588423	0.06301075473362688	-0.0630107547336269
Cytoplasm_AreaShape_Extent	0.008416893954054205	-0.0027120457357179112	-0.27081636137472054	0.27081636137472065
Cytoplasm_AreaShape_FormFactor	0.00240466090320568	-0.0014931901466154356	-0.0969927831354663	0.09699278313546635
Cytoplasm_AreaShape_MajorAxisLength	0.022872809087564283	-0.004844972994749756	-0.39462122550149736	0.39462122550149753
Cytoplasm_AreaShape_MinorAxisLength	0.012719292928049963	-0.0036444907852456305	-0.33200217193793574	0.33200217193793585
Cytoplasm_AreaShape_Perimeter	0.01834929575853761	-0.004260729400702005	-0.39609453618453294	0.39609453618453305
Cytoplasm_AreaShape_Zernike_0_0	0.004916794110051637	-0.0017455347142541894	-0.19445405532371057	0.19445405532371066
Cytoplasm_AreaShape_Zernike_1_1	0.003904326028964289	-0.0018698953555728707	-0.18654377215969148	0.18654377215969156
Cytoplasm_AreaShape_Zernike_2_0	0.0059049048554140615	-0.0020768896046210127	-0.21955292959810507	0.21955292959810513
Cytoplasm_AreaShape_Zernike_2_2	0.002958406709478889	-0.0017646301678681795	-0.15848099632465684	0.15848099632465687
Cytoplasm_AreaShape_Zernike_3_1	0.0023418366497316434	-0.0014843397192665355	-0.102470143221502	0.10247014322150202
Cytoplasm_AreaShape_Zernike_4_0	0.000757639201171667	0.00036893092040684043	0.055084270839357324	-0.05508427083935734
Cytoplasm_AreaShape_Zernike_4_2	0.0008015218854012796	-0.000910790048286133	-0.08271655536366218	0.08271655536366221
Cytoplasm_AreaShape_Zernike_4_4	0.005660751283150356	-0.0025002054843244275	-0.2220061053204483	0.22200610532044837
Cytoplasm_AreaShape_Zernike_5_1	0.0006680186659582255	-0.0008751653405036254	-0.07277387044666254	0.07277387044666257
Cytoplasm_AreaShape_Zernike_5_3	0.0012105702753362202	-0.001110021615340294	-0.10365082263766628	0.1036508226376663
Cytoplasm_AreaShape_Zernike_6_0	0.0003007209099479269	0.0004685218085837608	0.049237505843076665	-0.04923750584307668
Cytoplasm_AreaShape_Zernike_6_2	0.00033549785660591525	0.00010695953368919907	0.02670150846993599	-0.026701508469936002
Cytoplasm_AreaShape_Zernike_6_4	0.0018408027317333708	-0.0014745236722360532	-0.12070999970545848	0.12070999970545852
Cytoplasm_AreaShape_Zernike_7_1	0.0011996748945208857	-0.0011858500715987506	-0.10568079172547515	0.10568079172547519
Cytoplasm_AreaShape_Zernike_7_3	0.0005423104742383611	-0.0007605770413898939	-0.07096008419500022	0.07096008419500024
Cytoplasm_AreaShape_Zernike_8_0	0.00077927787551757	-0.0002690495698517529	-0.04993601197052548	0.049936011970525496
Cytoplasm_AreaShape_Zernike_8_2	4.278631819421008e-05	-0.0001747269619920369	-0.009983572586384612	0.009983572586384614
Cytoplasm_AreaShape_Zernike_8_4	0.0009400657110401056	0.0010414155003336681	0.08256844672119683	-0.08256844672119686
Cytoplasm_AreaShape_Zernike_9_1	0.0012147647208597956	-6.809608085291642e-05	-0.04241277154059623	0.042412771540596236
Cytoplasm_AreaShape_Zernike_9_3	0.0006690736964405364	-0.0008595105430245863	-0.06586803093029309	0.06586803093029311
Cytoplasm_AreaShape_Zernike_9_5	0.00021164724149547176	-0.00044562844593603766	-0.030185738039357014	0.030185738039357025
Cytoplasm_Correlation_Correlation_Actin_ER	0.011441973292230512	0.0012267727728785193	0.20292365656901196	-0.202923656569012
Cytoplasm_Correlation_Correlation_Actin_Hoechst	0.0028075627710496542	-0.0016758352264559836	-0.12086883219802036	0.12086883219802039
Cytoplasm_Correlation_Correlation_ER_Hoechst	0.013235166354080063	-0.0038469418028148853	-0.324450509652382	0.3244505096523821
Cytoplasm_Correlation_Correlation_ER_Mitochondria	0.003961212828570093	-0.001999391942423889	-0.15687368649752959	0.15687368649752964
Cytoplasm_Correlation_Correlation_Hoechst_Mitochondria	0.010340627251959278	-0.0032837508148463083	-0.2940732802263115	0.29407328022631163
Cytoplasm_Correlation_K_Actin_Mitochondria	0.037215043329362096	0.002246499122577915	0.3779430078570645	-0.37794300785706464
Cytoplasm_Correlation_K_Actin_PM	0.014111000553435504	0.0014713305726245093	0.2132094697724855	-0.21320946977248556
Cytoplasm_Correlation_K_ER_Hoechst	0.011091274595097622	0.0036300019076022957	0.3036066648944143	-0.3036066648944144
Cytoplasm_Correlation_K_ER_Mitochondria	0.00018179356365954913	0.00024837105978653894	0.045310092930121185	-0.0453100929301212
Cytoplasm_Correlation_K_ER_PM	0.008707366700149488	-0.0022562668652113703	-0.25920822255173726	0.25920822255173737
Cytoplasm_Correlation_K_Hoechst_ER	0.006595529150781987	-0.002422453660561694	-0.17196968781618005	0.1719696878161801
Cytoplasm_Correlation_K_Hoechst_Mitochondria	0.010690154437100419	-0.003955048166145921	-0.3136701113927445	0.3136701113927446
Cytoplasm_Correlation_K_Hoechst_PM	0.041254984565718744	-0.006712806987465327	-0.5822758009952482	0.5822758009952484
Cytoplasm_Correlation_K_Mitochondria_ER	0.0039552870336312385	0.0009017443630279459	0.014425375155561755	-0.014425375155561759
Cytoplasm_Correlation_K_Mitochondria_Hoechst	0.012040442043332322	0.0035038723849352086	0.2535891695868955	-0.25358916958689554
Cytoplasm_Correlation_K_Mitochondria_PM	0.015719814018335665	-0.0015311588402416106	-0.21889529000983393	0.21889529000983404
Cytoplasm_Correlation_K_PM_ER	0.029244712922299798	0.0030032111575642073	0.37456305511595145	-0.3745630551159516
Cytoplasm_Correlation_K_PM_Hoechst	0.044023957544088166	0.006370616585180216	0.5913887944922831	-0.5913887944922832
Cytoplasm_Correlation_Overlap_Actin_Mitochondria	0.012347163073972212	0.0035797620848236466	0.34045161497329496	-0.34045161497329507
Cytoplasm_Correlation_Overlap_Actin_PM	0.01642823969304119	0.004351410473676336	0.3821313425516135	-0.38213134255161363
Cytoplasm_Correlation_Overlap_ER_Hoechst	0.001542798600470019	-0.0012337466677111867	-0.08730797609096101	0.08730797609096105
Cytoplasm_Correlation_Overlap_ER_Mitochondria	0.007105715708122129	0.002677549717930221	0.2119157272484336	-0.21191572724843366
Cytoplasm_Correlation_Overlap_ER_PM	0.016026844789078454	-0.0010839360250435317	0.08423493233987545	-0.08423493233987546
Cytoplasm_Correlation_Overlap_Hoechst_Mitochondria	0.0001726804656780878	-0.0004062569473883984	-0.038615438122407336	0.03861543812240735
Cytoplasm_Correlation_Overlap_Hoechst_PM	0.00800029106261857	-0.0008363841689593654	0.03856856166338677	-0.03856856166338678
Cytoplasm_Correlation_Overlap_Mitochondria_PM	0.011539855896410156	-0.0005634942639787389	0.10360932816175553	-0.10360932816175555
Cytoplasm_Correlation_RWC_Actin_ER	0.01989251395686631	0.004452578568327747	0.3068941663163965	-0.3068941663163966
Cytoplasm_Correlation_RWC_Actin_Mitochondria	0.016308878732759546	0.002311766297797796	0.07060661320307708	-0.07060661320307711
Cytoplasm_Correlation_RWC_Actin_PM	0.0006569591336298419	-0.0009477891634975706	-0.07344415421039577	0.0734441542103958
Cytoplasm_Correlation_RWC_ER_Actin	0.01578494133345887	0.004647365261658423	0.3865743372571887	-0.38657433725718887
Cytoplasm_Correlation_RWC_ER_Hoechst	0.01139989247582951	-0.003568329806851293	-0.3225653429328345	0.3225653429328346
Cytoplasm_Correlation_RWC_ER_PM	0.0029638472418193063	-0.0014460286351895611	-0.06487658207945948	0.0648765820794595
Cytoplasm_Correlation_RWC_Hoechst_ER	0.02811540744385177	0.0036388014040248636	0.1779047546150695	-0.17790475461506955
Cytoplasm_Correlation_RWC_Hoechst_Mitochondria	0.006275375170961883	0.001702151614376796	0.06897231497375726	-0.06897231497375729
Cytoplasm_Correlation_RWC_Hoechst_PM	0.0037249537113853703	0.0021759588207279725	0.15174531935665583	-0.1517453193566559
Cytoplasm_Correlation_RWC_Mitochondria_Actin	0.015615148129382805	0.004524683065563464	0.3383159757942713	-0.3383159757942714
Cytoplasm_Correlation_RWC_Mitochondria_ER	0.01010173672314818	0.0031932322136971995	0.2324755416514373	-0.23247554165143738
Cytoplasm_Correlation_RWC_Mitochondria_Hoechst	0.008477348157350795	-0.0030081413512315215	-0.2839830222821467	0.2839830222821468
Cytoplasm_Correlation_RWC_Mitochondria_PM	0.00121400374026015	-0.0009546505444267701	-0.04755485014032651	0.04755485014032653
Cytoplasm_Correlation_RWC_PM_Actin	0.012233580007256939	0.004105015186735246	0.33047350528019	-0.33047350528019004
Cytoplasm_Correlation_RWC_PM_ER	0.026987623267067162	0.004131551939253379	0.2378825642365186	-0.2378825642365187
Cytoplasm_Correlation_RWC_PM_Hoechst	0.0014519535762700375	-0.0006504133394192843	-0.08739825233230357	0.0873982523323036
Cytoplasm_Granularity_1_Actin	0.01014188799086213	0.0012332989647110186	0.007354542155192828	-0.00735454215519283
Cytoplasm_Granularity_1_ER	0.014253366559560443	-0.0016520313278541232	-0.24464197954884842	0.24464197954884848
Cytoplasm_Granularity_1_Mitochondria	0.025977112473574593	-0.0023451158138746843	-0.33480424341780524	0.33480424341780535
Cytoplasm_Intensity_IntegratedIntensity_ER	0.008068785771548348	-0.00290891426042482	-0.287800620356405	0.28780062035640513
Cytoplasm_Intensity_MADIntensity_Actin	0.004258824049950594	0.0018312699221373309	0.10312219826948699	-0.10312219826948703
Cytoplasm_Intensity_MADIntensity_ER	0.006801667132166123	0.0027630647728746228	0.23210623284168985	-0.23210623284168996
Cytoplasm_Intensity_MADIntensity_Hoechst	0.007488708638037078	0.0033735059071778165	0.3007763401206766	-0.3007763401206767
Cytoplasm_Intensity_MADIntensity_Mitochondria	0.012159500958416225	0.002500145936719722	0.28183586275547634	-0.28183586275547645
Cytoplasm_Intensity_MADIntensity_PM	0.0006270735998241683	0.0007857196871044756	0.0753659428233429	-0.07536594282334293
Cytoplasm_Intensity_MassDisplacement_ER	0.008673400230111206	-0.002964439241899725	-0.23136745385126167	0.23136745385126178
Cytoplasm_Intensity_MassDisplacement_Hoechst	4.3507933148778655e-05	-4.382956837545718e-06	-0.006896039135185156	0.006896039135185158
Cytoplasm_Intensity_MassDisplacement_Mitochondria	0.005628183174791523	-0.002167073532714592	-0.14984726136004167	0.14984726136004173
Cytoplasm_Intensity_MaxIntensityEdge_Hoechst	0.007219515092292572	0.002860017611767902	0.237962078933583	-0.2379620789335831
Cytoplasm_Intensity_MaxIntensityEdge_Mitochondria	0.0044928702436765056	0.0024359205615198908	0.21264334796427387	-0.2126433479642739
Cytoplasm_Intensity_MaxIntensity_Actin	0.023395886219078288	0.0003850698869944285	-0.13361457486088943	0.13361457486088948
Cytoplasm_Intensity_MaxIntensity_ER	0.00294739428334323	0.0016264502714542428	0.16269580504035375	-0.1626958050403538
Cytoplasm_Intensity_MaxIntensity_Hoechst	0.009553913856353735	0.003409013684258074	0.25948645776068713	-0.2594864577606872
Cytoplasm_Intensity_MaxIntensity_Mitochondria	0.000790871723184039	0.0006719538398035831	0.07802631658990578	-0.0780263165899058
Cytoplasm_Intensity_StdIntensityEdge_Hoechst	0.007408681366754988	0.002931029091686024	0.23184388297565062	-0.23184388297565067
Cytoplasm_Intensity_StdIntensity_Hoechst	0.012157135939982355	0.0038962266863306976	0.3280699964246332	-0.3280699964246333
Cytoplasm_Intensity_StdIntensity_Mitochondria	0.005637726106777374	0.0019207884748632653	0.21380841135389872	-0.21380841135389878
Cytoplasm_Location_MaxIntensity_X_PM	0.004875969330366603	8.168062560440045e-05	-0.06392709837247697	0.063927098372477
Cytoplasm_RadialDistribution_FracAtD_Actin_1of4	0.000288586771509336	-0.00023983750431786605	-0.003313448101386218	0.003313448101386219
Cytoplasm_RadialDistribution_FracAtD_Actin_2of4	0.0007068239914375107	-0.0007402491380298769	-0.04538608500597216	0.045386085005972174
Cytoplasm_RadialDistribution_FracAtD_Actin_3of4	0.0017790455086085233	-0.0012825042792721504	-0.08883122319083761	0.08883122319083764
Cytoplasm_RadialDistribution_FracAtD_Actin_4of4	0.0013766200655117578	0.0010954083569991425	0.07285503100360767	-0.07285503100360768
Cytoplasm_RadialDistribution_FracAtD_ER_1of4	0.000547636642690863	-0.0007521419683970712	-0.07261830752615832	0.07261830752615835
Cytoplasm_RadialDistribution_FracAtD_ER_3of4	0.0023000773657013696	-0.0015851092869541895	-0.14291255827089888	0.1429125582708989
Cytoplasm_RadialDistribution_FracAtD_ER_4of4	0.0020326442125797595	0.0014909917787685424	0.1353793668372678	-0.13537936683726787
Cytoplasm_RadialDistribution_FracAtD_Hoechst_1of4	0.0039722903016296	-0.002120644636971092	-0.18489968256750478	0.18489968256750483
Cytoplasm_RadialDistribution_FracAtD_Mitochondria_1of4	0.0002942624101085478	-0.0004774715130050684	-0.029250551995672135	0.029250551995672145
Cytoplasm_RadialDistribution_FracAtD_Mitochondria_2of4	0.0017655381033319095	-0.0014021949381125957	-0.10732180049364867	0.10732180049364871
Cytoplasm_RadialDistribution_FracAtD_PM_1of4	0.0009626876108842497	-0.0011338338449606476	-0.09969126916150917	0.09969126916150921
Cytoplasm_RadialDistribution_MeanFrac_Actin_1of4	0.0010882832322536284	0.0009566049718618589	0.09596338567304885	-0.09596338567304889
Cytoplasm_RadialDistribution_MeanFrac_Actin_2of4	0.0018813000277155822	0.001111499430662034	0.1192121518633579	-0.11921215186335794
Cytoplasm_RadialDistribution_MeanFrac_Actin_3of4	0.0033153783628627753	0.0009428918258358366	0.1252740291027631	-0.12527402910276317
Cytoplasm_RadialDistribution_MeanFrac_Actin_4of4	0.0033624094213020594	-0.0012681926195685176	-0.14895058889015297	0.14895058889015303
Cytoplasm_RadialDistribution_MeanFrac_ER_1of4	0.0002631738279893492	2.5667750587805122e-05	-0.01493988792628458	0.014939887926284586
Cytoplasm_RadialDistribution_MeanFrac_ER_3of4	6.424228763024509e-05	0.0002729846651954907	0.021097907267156685	-0.02109790726715669
Cytoplasm_RadialDistribution_MeanFrac_ER_4of4	0.00018885329556750374	-7.291596316650088e-05	0.007918026545331152	-0.007918026545331153
Cytoplasm_RadialDistribution_MeanFrac_Hoechst_1of4	0.004007075074994537	-0.0019484988432359042	-0.18853466386952594	0.188534663869526
Cytoplasm_RadialDistribution_MeanFrac_Hoechst_2of4	0.0029111867508799794	-0.0016518249544315402	-0.17347291500684067	0.17347291500684073
Cytoplasm_RadialDistribution_MeanFrac_Hoechst_3of4	0.0021693983183744825	-0.0015491820822386188	-0.12850196324431482	0.12850196324431484
Cytoplasm_RadialDistribution_MeanFrac_Hoechst_4of4	0.0026764310592878315	0.0016029761392618903	0.15577095008602776	-0.15577095008602782
Cytoplasm_RadialDistribution_MeanFrac_Mitochondria_1of4	8.559503555005676e-05	0.0003082398226125889	0.02848582454645187	-0.028485824546451884
Cytoplasm_RadialDistribution_MeanFrac_Mitochondria_2of4	0.0001110761055832521	-8.309326640769284e-06	0.010181685781293548	-0.010181685781293552
Cytoplasm_RadialDistribution_MeanFrac_Mitochondria_3of4	0.0007949018352649828	3.624450084268025e-05	0.03140614964139057	-0.031406149641390574
Cytoplasm_RadialDistribution_MeanFrac_Mitochondria_4of4	0.000661252379106525	4.191152457613902e-05	-0.022755727897888364	0.02275572789788837
Cytoplasm_RadialDistribution_MeanFrac_PM_1of4	0.00041767943614057224	-0.00021000129704886825	-0.04034625059699221	0.04034625059699223
Cytoplasm_RadialDistribution_MeanFrac_PM_3of4	0.0003101558027467366	-0.0006231472063112721	-0.05008521885420675	0.05008521885420677
Cytoplasm_RadialDistribution_MeanFrac_PM_4of4	0.0001636225186608664	0.0004515148453396357	0.037039333115752096	-0.0370393331157521
Cytoplasm_RadialDistribution_RadialCV_Actin_2of4	0.008517579643686823	-0.0031129584593231757	-0.28808957252344697	0.288089572523447
Cytoplasm_RadialDistribution_RadialCV_Actin_3of4	0.007782224134731508	-0.0029055523855011155	-0.24909317577132023	0.24909317577132034
Cytoplasm_RadialDistribution_RadialCV_Actin_4of4	0.0010910533138639433	-0.0009327841650362666	-0.060214714410466316	0.060214714410466344
Cytoplasm_RadialDistribution_RadialCV_ER_2of4	0.012760014169729827	-0.003628755355828899	-0.2720988449281565	0.27209884492815656
Cytoplasm_RadialDistribution_RadialCV_ER_3of4	0.01453568538624228	-0.0038797073428316134	-0.2908233948897432	0.2908233948897433
Cytoplasm_RadialDistribution_RadialCV_ER_4of4	0.008612194907972492	-0.0028244521972285116	-0.20095657038133097	0.20095657038133105
Cytoplasm_RadialDistribution_RadialCV_Hoechst_2of4	0.0024168086587983417	0.0019492644324845176	0.16333891791453206	-0.16333891791453212
Cytoplasm_RadialDistribution_RadialCV_Hoechst_3of4	0.006102660214626576	0.0021971586050135187	0.21807964936499002	-0.2180796493649901
Cytoplasm_RadialDistribution_RadialCV_Hoechst_4of4	0.0057455818193381525	0.002391250868929043	0.21316314684532667	-0.21316314684532678
Cytoplasm_RadialDistribution_RadialCV_Mitochondria_2of4	0.009732422090048098	-0.0029624323666100675	-0.2049447212321947	0.20494472123219476
Cytoplasm_RadialDistribution_RadialCV_Mitochondria_3of4	0.008789187140366916	-0.0023151174822042143	-0.13207618292833723	0.13207618292833728
Cytoplasm_RadialDistribution_RadialCV_Mitochondria_4of4	0.004293089196746869	-0.0008162979148377873	-0.005887322056264625	0.005887322056264628
Cytoplasm_RadialDistribution_RadialCV_PM_2of4	0.007375139886021231	-0.0028604788729767266	-0.2106814057972114	0.21068140579721145
Cytoplasm_RadialDistribution_RadialCV_PM_3of4	0.006760033913744579	-0.002669959249231881	-0.19532465560322865	0.19532465560322873
Cytoplasm_RadialDistribution_RadialCV_PM_4of4	0.001728042948228703	-0.0012184420202307855	-0.08161033607353052	0.08161033607353056
Cytoplasm_Texture_AngularSecondMoment_Actin_3_01_256	0.0934452824971902	-0.00019915831100251094	0.2752181865334096	-0.27521818653340974
Cytoplasm_Texture_AngularSecondMoment_ER_3_03_256	0.00669030401206816	-0.0026252153687728527	-0.19095177800587138	0.19095177800587143
Cytoplasm_Texture_AngularSecondMoment_Hoechst_3_02_256	0.041564065138399386	-0.0035611636227189268	-0.4903471171632314	0.49034711716323154
Cytoplasm_Texture_AngularSecondMoment_Mitochondria_3_00_256	0.021215353801752657	0.0006010484153588159	-0.10676568143536108	0.10676568143536111
Cytoplasm_Texture_AngularSecondMoment_Mitochondria_3_01_256	0.018491057061091554	0.00018606234317658553	-0.1332793313565937	0.13327933135659376
Cytoplasm_Texture_AngularSecondMoment_Mitochondria_3_02_256	0.014643754876758508	0.00035930401743064516	-0.0946267049483325	0.09462670494833253
Cytoplasm_Texture_AngularSecondMoment_Mitochondria_3_03_256	0.01787358505170089	0.0008798164553539859	-0.07150759982928537	0.0715075998292854
Cytoplasm_Texture_Contrast_ER_3_01_256	0.003859620419446985	0.0020275663713713848	0.17732704021444096	-0.177327040214441
Cytoplasm_Texture_Contrast_ER_3_03_256	0.004342565757718075	0.0023761007471028786	0.20228782203435847	-0.20228782203435852
Cytoplasm_Texture_Contrast_Hoechst_3_00_256	0.0049418612885022695	0.0017324332486324436	0.16402529013867853	-0.1640252901386786
Cytoplasm_Texture_Contrast_Hoechst_3_01_256	0.006701095459982653	0.0024184888773439656	0.21967851749300676	-0.21967851749300682
Cytoplasm_Texture_Contrast_Hoechst_3_02_256	0.008461128617311853	0.0026947662278197343	0.24677854225154178	-0.24677854225154186
Cytoplasm_Texture_Contrast_Hoechst_3_03_256	0.0048028710042966605	0.0017015440187454932	0.16205115059206104	-0.16205115059206107
Cytoplasm_Texture_Contrast_Mitochondria_3_00_256	0.006160862255029431	0.001828833196596716	0.18768474754028497	-0.18768474754028505
Cytoplasm_Texture_Contrast_Mitochondria_3_01_256	0.00519690068449119	0.0019194571641960412	0.19492398203541605	-0.1949239820354161
Cytoplasm_Texture_Contrast_Mitochondria_3_02_256	0.004055128582055367	0.0018255257312352223	0.18780286932031415	-0.18780286932031423
Cytoplasm_Texture_Contrast_Mitochondria_3_03_256	0.0029874510901836127	0.001421213226527131	0.14670586715660092	-0.14670586715660097
Cytoplasm_Texture_Contrast_PM_3_00_256	0.0030477533736890106	0.0011220750954593585	0.0447306294876003	-0.044730629487600315
Cytoplasm_Texture_Contrast_PM_3_01_256	0.004026609023706329	0.0013431429794957524	0.04607851206110779	-0.0460785120611078
Cytoplasm_Texture_Contrast_PM_3_02_256	0.005876369539591808	0.0008920512677711932	-0.009481520184229451	0.009481520184229455
Cytoplasm_Texture_Contrast_PM_3_03_256	0.0030634481839753036	0.0009575426524627089	0.017376581833697037	-0.017376581833697044
Cytoplasm_Texture_Correlation_Actin_3_00_256	0.011427171105272582	0.0009987405303791275	-0.010614124896916042	0.010614124896916046
Cytoplasm_Texture_Correlation_Actin_3_01_256	0.0059803377507725575	0.0013870439625920195	0.05574881071253232	-0.05574881071253234
Cytoplasm_Texture_Correlation_Actin_3_02_256	0.004803238900655815	0.0008149161086859943	0.007631147325162707	-0.007631147325162711
Cytoplasm_Texture_Correlation_Actin_3_03_256	0.005837961255902413	0.0014346328254450924	0.061805731223070065	-0.06180573122307008
Cytoplasm_Texture_Correlation_ER_3_00_256	0.005069837397392973	-0.0023847825577059307	-0.21154299701600804	0.2115429970160081
Cytoplasm_Texture_Correlation_ER_3_01_256	0.0055852220803388475	-0.0024560306192670093	-0.22633473317668135	0.2263347331766814
Cytoplasm_Texture_Correlation_ER_3_02_256	0.008525745180803623	-0.0029792772006744044	-0.26907841597266036	0.2690784159726604
Cytoplasm_Texture_Correlation_ER_3_03_256	0.008874765601942891	-0.002274089064525671	-0.24409187028486895	0.24409187028486903
Cytoplasm_Texture_Correlation_Hoechst_3_00_256	0.0008245478890541724	-0.0005536368493181535	-0.06843207172139694	0.06843207172139697
Cytoplasm_Texture_Correlation_Hoechst_3_01_256	0.00046259765010370213	-4.709157887283191e-05	-0.02443213012956018	0.02443213012956019
Cytoplasm_Texture_Correlation_Hoechst_3_02_256	0.0013253420560981333	-0.0009115337863388388	-0.09826506519906489	0.09826506519906492
Cytoplasm_Texture_Correlation_Hoechst_3_03_256	0.0007203839365215181	-0.00044349794444561964	-0.05809344450950363	0.05809344450950365
Cytoplasm_Texture_Correlation_Mitochondria_3_00_256	0.0038209760949144966	-0.0020106356586482204	-0.16060396619090614	0.16060396619090617
Cytoplasm_Texture_Correlation_Mitochondria_3_01_256	0.003458587255248724	-0.0017398766344938893	-0.1147136570014742	0.11471365700147425
Cytoplasm_Texture_Correlation_Mitochondria_3_02_256	0.0032325272605432387	-0.0017827630408879433	-0.13760053852714152	0.13760053852714157
Cytoplasm_Texture_Correlation_Mitochondria_3_03_256	0.004984080344951014	-0.0022194581496688234	-0.17907162741443483	0.1790716274144349
Cytoplasm_Texture_Correlation_PM_3_00_256	0.01113743862172445	-0.0032398346454048984	-0.2888901815415393	0.2888901815415394
Cytoplasm_Texture_Correlation_PM_3_01_256	0.009496797131415602	-0.0030315707281639223	-0.26222835990254983	0.2622283599025499
Cytoplasm_Texture_Correlation_PM_3_02_256	0.005601270870091768	-0.0022424276619455695	-0.20237014599716363	0.2023701459971637
Cytoplasm_Texture_Correlation_PM_3_03_256	0.012467446919285252	-0.0032326921883836486	-0.2872467306587524	0.2872467306587525
Cytoplasm_Texture_DifferenceEntropy_Actin_3_01_256	0.059417708790588386	0.0002077835415076306	-0.2145437149998463	0.21454371499984637
Cytoplasm_Texture_DifferenceEntropy_ER_3_02_256	0.009580667524553887	0.0032677028849455534	0.28253690394491937	-0.2825369039449195
Cytoplasm_Texture_DifferenceEntropy_Hoechst_3_02_256	0.024227882781079124	0.0043682712965493415	0.4505409692734157	-0.45054096927341586
Cytoplasm_Texture_DifferenceEntropy_Mitochondria_3_00_256	0.011023726812590562	0.0014936249671023767	0.2168056719377266	-0.21680567193772665
Cytoplasm_Texture_DifferenceEntropy_Mitochondria_3_01_256	0.010851019568964393	0.0017515953491260559	0.2344290602977417	-0.23442906029774177
Cytoplasm_Texture_DifferenceEntropy_Mitochondria_3_02_256	0.0106549518301301	0.001883027376889607	0.23863012173580256	-0.23863012173580264
Cytoplasm_Texture_DifferenceEntropy_Mitochondria_3_03_256	0.008613778330936461	0.001193469720706401	0.18237139623135923	-0.18237139623135928
Cytoplasm_Texture_DifferenceEntropy_PM_3_02_256	0.002974357578657716	0.0012630990947847026	0.062259477481643954	-0.062259477481643975
Cytoplasm_Texture_DifferenceVariance_Actin_3_01_256	0.08940793223370413	0.002079049739160504	0.4453503305518529	-0.445350330551853
Cytoplasm_Texture_DifferenceVariance_ER_3_01_256	0.0032723978284553423	-0.0016018056836133142	-0.1671876543283919	0.16718765432839194
Cytoplasm_Texture_DifferenceVariance_Hoechst_3_02_256	0.030963140584180593	-0.005556028048189402	-0.5377618707898716	0.5377618707898718
Cytoplasm_Texture_DifferenceVariance_Mitochondria_3_00_256	0.010178125814925831	-9.017179901890475e-05	-0.1268350848888631	0.12683508488886316
Cytoplasm_Texture_DifferenceVariance_Mitochondria_3_01_256	0.009470507751605184	-0.0003781352015919763	-0.1439676247947037	0.14396762479470376
Cytoplasm_Texture_DifferenceVariance_Mitochondria_3_02_256	0.008873081528177673	-0.000564749046544009	-0.154852066330045	0.15485206633004506
Cytoplasm_Texture_DifferenceVariance_Mitochondria_3_03_256	0.008918202799848673	-5.000715615346756e-05	-0.117237985308634	0.11723798530863402
Cytoplasm_Texture_DifferenceVariance_PM_3_01_256	0.008252367149000128	0.00018900992120602942	0.10242017783452956	-0.10242017783452959
Cytoplasm_Texture_Entropy_Mitochondria_3_01_256	0.011695646244517022	0.0005750093275074943	0.15356803343659875	-0.1535680334365988
Cytoplasm_Texture_InfoMeas1_ER_3_00_256	0.006580159203901981	0.002711299754204597	0.23667601814340355	-0.2366760181434036
Cytoplasm_Texture_InfoMeas1_ER_3_01_256	0.004319552918184089	0.002192102809532844	0.19360306911176767	-0.19360306911176775
Cytoplasm_Texture_InfoMeas1_ER_3_02_256	0.009618901095479693	0.003242874622819515	0.2694944466571766	-0.2694944466571767
Cytoplasm_Texture_InfoMeas1_ER_3_03_256	0.005086758363152644	0.002119494483230179	0.20994672733470376	-0.20994672733470385
Cytoplasm_Texture_InfoMeas1_Hoechst_3_00_256	0.019427528394779903	-0.004537647128965759	-0.35296484916758675	0.35296484916758686
Cytoplasm_Texture_InfoMeas1_Hoechst_3_01_256	0.018545608118675116	-0.004411006496226196	-0.38174629832076523	0.3817462983207654
Cytoplasm_Texture_InfoMeas1_Hoechst_3_02_256	0.015577371796929085	-0.004048646882991949	-0.3292820666358696	0.32928206663586973
Cytoplasm_Texture_InfoMeas1_Hoechst_3_03_256	0.023290490191065993	-0.004702944845546518	-0.4282461179291206	0.42824611792912076
Cytoplasm_Texture_InfoMeas1_Mitochondria_3_00_256	0.002375383921243146	-0.000633736928745506	-0.09958168677608742	0.09958168677608746
Cytoplasm_Texture_InfoMeas1_Mitochondria_3_01_256	0.008157202904709115	-0.001363200945339487	-0.19271616239169082	0.19271616239169087
Cytoplasm_Texture_InfoMeas1_Mitochondria_3_02_256	0.0031535595128545646	0.00018711305228381333	-0.04133213217455947	0.041332132174559486
Cytoplasm_Texture_InfoMeas1_Mitochondria_3_03_256	0.0038654379137967876	-0.000652023039225868	-0.1135317753161379	0.11353177531613792
Cytoplasm_Texture_InfoMeas1_PM_3_00_256	0.006752078783713644	0.0023527019978419723	0.22705317673613412	-0.2270531767361342
Cytoplasm_Texture_InfoMeas1_PM_3_01_256	0.0021786201839515407	0.0014752820307329282	0.12746043967718576	-0.1274604396771858
Cytoplasm_Texture_InfoMeas1_PM_3_02_256	0.0034991027023155707	0.0018522992453091057	0.14235399446536262	-0.14235399446536268
Cytoplasm_Texture_InfoMeas1_PM_3_03_256	0.003862076415799387	0.002052279016439307	0.17142094936764082	-0.17142094936764088
Cytoplasm_Texture_InfoMeas2_ER_3_00_256	0.001085705116585678	-0.0010927072898363078	-0.10278608811444404	0.10278608811444408
Cytoplasm_Texture_InfoMeas2_ER_3_01_256	0.0009555020789600022	-0.0009048184622494071	-0.0921449819765863	0.09214498197658633
Cytoplasm_Texture_InfoMeas2_ER_3_02_256	0.0024826515610201216	-0.0015747526642739154	-0.14968722886465363	0.1496872288646537
Cytoplasm_Texture_InfoMeas2_ER_3_03_256	0.0017437525488750438	-0.0009771532833088002	-0.11120249386423481	0.11120249386423485
Cytoplasm_Texture_InfoMeas2_Hoechst_3_03_256	0.037873324029069066	0.005752641604134001	0.5653938124786336	-0.5653938124786337
Cytoplasm_Texture_InfoMeas2_Mitochondria_3_00_256	0.007264046783503786	-0.001077190146900883	-0.0012469918909238378	0.0012469918909238382
Cytoplasm_Texture_InfoMeas2_Mitochondria_3_01_256	0.011861578236336268	-0.0002181675864727839	0.10876625525589129	-0.10876625525589131
Cytoplasm_Texture_InfoMeas2_Mitochondria_3_02_256	0.006151768045293271	-0.001336587016905238	-0.038163951918040215	0.03816395191804023
Cytoplasm_Texture_InfoMeas2_Mitochondria_3_03_256	0.00883145541032726	-0.0010605929797425924	0.0064034142985776015	-0.006403414298577603
Cytoplasm_Texture_InfoMeas2_PM_3_00_256	0.013304541146001325	-0.0025000420326184744	-0.26785516297796375	0.2678551629779638
Cytoplasm_Texture_InfoMeas2_PM_3_01_256	0.009980687429520851	-0.00244788372516023	-0.2532755737255545	0.25327557372555454
Cytoplasm_Texture_InfoMeas2_PM_3_02_256	0.006297506022202581	-0.0018502133940762854	-0.19637417990402034	0.19637417990402042
Cytoplasm_Texture_InfoMeas2_PM_3_03_256	0.01080481690323587	-0.0029085223712280186	-0.2784664348549098	0.2784664348549099
Cytoplasm_Texture_InverseDifferenceMoment_Actin_3_00_256	0.019490810925915536	-0.0019799411190873813	-0.046768017433177406	0.04676801743317742
Cytoplasm_Texture_InverseDifferenceMoment_Actin_3_02_256	0.0258855806830669	-0.0023393793085495196	-0.056335994812813	0.05633599481281301
Cytoplasm_Texture_InverseDifferenceMoment_ER_3_02_256	0.014551375644578313	-0.003942386720762898	-0.348695250605881	0.34869525060588114
Cytoplasm_Texture_InverseDifferenceMoment_Hoechst_3_02_256	0.022176871688091238	-0.003883813925009621	-0.41321316868579616	0.4132131686857963
Cytoplasm_Texture_InverseDifferenceMoment_Mitochondria_3_00_256	0.019945639770573065	-0.0022296769067807263	-0.29937686182928935	0.2993768618292894
Cytoplasm_Texture_InverseDifferenceMoment_Mitochondria_3_01_256	0.021870635031917995	-0.0024311770813026227	-0.32109985811865777	0.3210998581186579
Cytoplasm_Texture_InverseDifferenceMoment_Mitochondria_3_02_256	0.0170261261673349	-0.00243594812700301	-0.2991497209263319	0.299149720926332
Cytoplasm_Texture_InverseDifferenceMoment_Mitochondria_3_03_256	0.019275991063365083	-0.0023173718332100014	-0.30421838373034005	0.3042183837303401
Cytoplasm_Texture_InverseDifferenceMoment_PM_3_00_256	0.005356214016002836	-0.002345795670190207	-0.21414643047740062	0.21414643047740067
Cytoplasm_Texture_InverseDifferenceMoment_PM_3_01_256	0.004725154632513662	-0.0020970151550504298	-0.19753705287941548	0.19753705287941556
Cytoplasm_Texture_InverseDifferenceMoment_PM_3_02_256	0.004622795687190817	-0.0023248814190537045	-0.19081762891301318	0.19081762891301324
Cytoplasm_Texture_InverseDifferenceMoment_PM_3_03_256	0.006231010201358522	-0.0025755507483860166	-0.23028057524652612	0.23028057524652618
Cytoplasm_Texture_SumEntropy_ER_3_03_256	0.002799140254849508	0.0017034471040557712	0.12749847896717412	-0.12749847896717414
Cytoplasm_Texture_SumEntropy_PM_3_01_256	0.0023271307869590085	-0.0012813939468097977	-0.13399608064663374	0.13399608064663376
Cytoplasm_Texture_SumVariance_ER_3_01_256	0.002230175873225715	0.0013382637814542571	0.1345775493110993	-0.13457754931109933
Cytoplasm_Texture_SumVariance_Hoechst_3_03_256	0.000974907689403226	0.0012189167446387083	0.09365993684380772	-0.09365993684380775
Cytoplasm_Texture_SumVariance_Mitochondria_3_03_256	0.00190908744473417	0.0014303091833753113	0.13170092989765866	-0.13170092989765872
Cytoplasm_Texture_SumVariance_PM_3_02_256	0.0008722290069089755	-0.0005739464887699864	-0.07119602526361697	0.071196025263617
Cells_AreaShape_BoundingBoxArea	0.01725421699144858	-0.003972486675957464	-0.3047111765369746	0.3047111765369747
Cells_AreaShape_Compactness	0.007268437423875951	-0.0018950509688444935	-0.23126674614780557	0.23126674614780562
Cells_AreaShape_Eccentricity	0.005413082772905642	-0.0024708470206541307	-0.19999081198074392	0.19999081198074398
Cells_AreaShape_FormFactor	0.019156816516566755	0.004035473087099749	0.4036677766438953	-0.40366777664389547
Cells_AreaShape_MedianRadius	0.00725179909212148	-0.0028994228301405752	-0.22482713747709648	0.22482713747709654
Cells_AreaShape_Orientation	0.0008991322289684245	0.0008837122611644659	0.08918483371899921	-0.08918483371899924
Cells_AreaShape_Solidity	0.009883000666481734	0.003085116161346354	0.29795794418099064	-0.29795794418099075
Cells_AreaShape_Zernike_0_0	0.01257426920680682	0.0036771737218098495	0.3221158492029185	-0.3221158492029186
Cells_AreaShape_Zernike_1_1	0.0007990712979413228	0.0007869492309079798	0.04715022838900686	-0.04715022838900688
Cells_AreaShape_Zernike_2_0	0.003005734735894383	0.0018511662930827343	0.14427299070094832	-0.14427299070094837
Cells_AreaShape_Zernike_2_2	0.004681623222686615	0.0018833771427215185	0.19391832768642586	-0.19391832768642592
Cells_AreaShape_Zernike_3_1	0.001469597144862833	-0.0013116133930686303	-0.11058849515254018	0.11058849515254023
Cells_AreaShape_Zernike_3_3	0.0003194909411459168	-0.00047960820129425727	-0.05079223831498224	0.05079223831498225
Cells_AreaShape_Zernike_4_0	0.001436861532275846	0.0011077594318426056	0.11157057839168419	-0.11157057839168422
Cells_AreaShape_Zernike_4_2	0.001489148606076407	-0.0012569327191200427	-0.09659989278466702	0.09659989278466705
Cells_AreaShape_Zernike_4_4	0.0006241297786925282	-0.0007821714997572955	-0.054336287739344666	0.05433628773934469
Cells_AreaShape_Zernike_5_1	0.0030761287960485717	-0.0018887036293244034	-0.15931630324511767	0.1593163032451177
Cells_AreaShape_Zernike_5_3	0.002044973105578607	-0.0015498643053931472	-0.13627366878438557	0.13627366878438563
Cells_AreaShape_Zernike_5_5	0.0013813185344214718	-2.7574933223090006e-05	-0.04078615082921529	0.0407861508292153
Cells_AreaShape_Zernike_6_0	0.00034092708896660273	-0.0005513457771154199	-0.03699751733992852	0.03699751733992854
Cells_AreaShape_Zernike_6_2	0.0009161017129277749	-0.00048572914231054763	-0.013467075715113137	0.01346707571511314
Cells_AreaShape_Zernike_6_4	0.0011773256359657314	-0.0011704000194747222	-0.0901950271562407	0.09019502715624073
Cells_AreaShape_Zernike_6_6	0.00043956519600663047	-0.0006738508805289364	-0.06226721216099319	0.06226721216099321
Cells_AreaShape_Zernike_7_1	0.0028428083719844732	-0.0017256909636770047	-0.1267560998189476	0.12675609981894764
Cells_AreaShape_Zernike_7_3	0.0005024989856600159	-0.0006690164855555493	-0.0663239457973502	0.06632394579735021
Cells_AreaShape_Zernike_7_5	0.0006727583009451532	-0.0005572419993977865	-0.06700047498606311	0.06700047498606312
Cells_AreaShape_Zernike_7_7	0.0005249564643902138	-0.0006421098087133257	-0.06586698763568018	0.0658669876356802
Cells_AreaShape_Zernike_8_0	0.0001409251270111378	-0.00037040449310328895	-0.03556609513325074	0.03556609513325076
Cells_AreaShape_Zernike_8_2	0.00021990480771116871	-0.00037618483306475715	-0.0418029343990632	0.04180293439906321
Cells_AreaShape_Zernike_8_4	0.0007981663801551742	-0.0005458064476794136	-0.06897817611588346	0.06897817611588349
Cells_AreaShape_Zernike_8_6	0.0008714531002581571	-0.0007962833036924039	-0.04697448663907065	0.04697448663907067
Cells_AreaShape_Zernike_8_8	0.003322610257883829	-0.001957255960580447	-0.17306564890973952	0.17306564890973958
Cells_AreaShape_Zernike_9_1	0.0009456757465774457	-0.001018040607616094	-0.07796096103113481	0.07796096103113483
Cells_AreaShape_Zernike_9_3	0.0018845792004758	-0.0013616766464909639	-0.09448674814955738	0.0944867481495574
Cells_AreaShape_Zernike_9_5	0.0006989702457413927	-0.0009073432996401485	-0.07624531557492865	0.07624531557492867
Cells_AreaShape_Zernike_9_7	0.00036165638151952617	-0.0005993287105072814	-0.04166981693347783	0.04166981693347784
Cells_AreaShape_Zernike_9_9	0.0005300943677833958	-0.0006158332224540332	-0.06577848543121644	0.06577848543121646
Cells_Correlation_Correlation_Actin_Hoechst	0.006353961502723604	-0.002573779359946519	-0.21705781463466084	0.2170578146346609
Cells_Correlation_Correlation_Actin_Mitochondria	0.0037654009910542685	0.0004773236334525389	0.10015692929916156	-0.10015692929916159
Cells_Correlation_Correlation_ER_Hoechst	0.013922638761670436	-0.0038016130035702835	-0.29169496084133384	0.2916949608413339
Cells_Correlation_Correlation_Hoechst_Mitochondria	0.008501765822540475	-0.003029022665002815	-0.24942200851444374	0.24942200851444382
Cells_Correlation_K_ER_Hoechst	0.008146026401448236	0.002968322723778942	0.22619537995287858	-0.22619537995287867
Cells_Correlation_K_Hoechst_ER	0.0029277944753004492	-0.0006384583264594872	-0.008645500742193418	0.00864550074219342
Cells_Correlation_K_Hoechst_PM	0.04862246776086909	-0.0065546194434206876	-0.5399428682310257	0.5399428682310258
Cells_Correlation_K_Mitochondria_Actin	0.05313721835058571	-0.0014084772742042528	-0.36972067744232495	0.36972067744232506
Cells_Correlation_K_PM_Hoechst	0.06751481396838432	0.007110097016344629	0.6689192281912603	-0.6689192281912605
Cells_Correlation_K_PM_Mitochondria	0.024562536205495755	0.0023435729582678777	0.33384890865126843	-0.33384890865126854
Cells_Correlation_Overlap_ER_Hoechst	0.011678993057103293	0.003287711830563447	0.31986204687830416	-0.3198620468783043
Cells_Correlation_Overlap_ER_PM	0.018708603202315488	0.0023683606329919556	0.328531434488662	-0.3285314344886622
Cells_Correlation_Overlap_Hoechst_PM	0.0039008816393633072	0.0016988471164409028	0.1928865579050033	-0.1928865579050034
Cells_Correlation_Overlap_Mitochondria_PM	0.013336165967737013	0.0037943139786669362	0.3657118633846461	-0.36571186338464623
Cells_Correlation_RWC_ER_Hoechst	0.012193198388313231	0.0032431170859364804	0.32538120101039464	-0.32538120101039475
Cells_Correlation_RWC_ER_Mitochondria	0.0003360503998185438	0.0006742331741076676	0.054419154465150194	-0.054419154465150214
Cells_Correlation_RWC_Hoechst_ER	0.0025763840516142	0.0013278552632574226	0.07722691682962801	-0.07722691682962804
Cells_Correlation_RWC_Hoechst_Mitochondria	0.0024889680905267886	0.0006012525927715771	0.10076520732116528	-0.10076520732116533
Cells_Correlation_RWC_Hoechst_PM	0.041659481063019976	-0.0011492256699237931	-0.2777491712890621	0.27774917128906224
Cells_Correlation_RWC_PM_ER	0.01345753755071677	0.0028187126995166388	0.1552730774823401	-0.15527307748234015
Cells_Correlation_RWC_PM_Hoechst	0.013522024044997916	0.003956672079263514	0.3236418651989421	-0.3236418651989422
Cells_Correlation_RWC_PM_Mitochondria	0.003044263053933016	0.0014691556363099977	0.08182035305239645	-0.08182035305239647
Cells_Granularity_2_Hoechst	0.012227876557039163	0.0036902464335288607	0.3144809501200239	-0.314480950120024
Cells_Intensity_IntegratedIntensityEdge_Actin	0.025160090259114254	-8.882371727939536e-05	-0.19041782619643083	0.19041782619643088
Cells_Intensity_IntegratedIntensityEdge_ER	0.0065748297766905495	0.001550685801634986	0.05743578041679047	-0.0574357804167905
Cells_Intensity_IntegratedIntensityEdge_Hoechst	0.005648123445426312	-0.0012210246959340673	-0.16585826943279966	0.16585826943279972
Cells_Intensity_IntegratedIntensityEdge_Mitochondria	0.005824561319828447	-0.0003132874369918718	-0.10596786633264474	0.10596786633264477
Cells_Intensity_IntegratedIntensity_Actin	0.018465614348518677	-0.0020720258202039767	-0.3190701166539415	0.31907011665394164
Cells_Intensity_IntegratedIntensity_Hoechst	0.004117800117697024	-0.0020978890713664934	-0.1906433181397112	0.19064331813971125
Cells_Intensity_IntegratedIntensity_PM	0.018866549777487585	-0.004642202793678978	-0.4408949366468178	0.4408949366468179
Cells_Intensity_MADIntensity_Hoechst	0.02055339819581614	0.004487679504101119	0.4138927212629375	-0.41389272126293764
Cells_Intensity_MADIntensity_Mitochondria	0.005737630574062069	0.0014411328774344805	0.17750829426123121	-0.17750829426123127
Cells_Intensity_MADIntensity_PM	0.0008956168529313802	0.0008713583100635831	0.08788876773019462	-0.08788876773019465
Cells_Intensity_MassDisplacement_Actin	0.008401667559352566	-0.0030345397058395623	-0.25279672372116935	0.25279672372116946
Cells_Intensity_MassDisplacement_Hoechst	0.0023800709713521773	-0.0014303058516517198	-0.14344450213968418	0.14344450213968424
Cells_Intensity_MassDisplacement_PM	0.010275955943564452	-0.0032943891861816196	-0.2695455981314583	0.26954559813145834
Cells_Intensity_MaxIntensityEdge_Actin	0.009235924068829116	0.001450990610900432	0.026318055892408078	-0.02631805589240809
Cells_Intensity_MaxIntensityEdge_ER	0.0071353544787061685	0.002855243440767207	0.23870228968063062	-0.23870228968063073
Cells_Intensity_MaxIntensityEdge_Mitochondria	0.007018153480406464	0.002971763155999843	0.22707551157671096	-0.22707551157671102
Cells_Intensity_MinIntensityEdge_Actin	0.009601571002821663	0.0027536255736996394	0.18690829725810099	-0.18690829725810107
Cells_Intensity_MinIntensityEdge_ER	0.015900218647151076	0.0038197347368776587	0.3429785943238557	-0.3429785943238558
Cells_Intensity_MinIntensityEdge_Hoechst	0.014665445180346626	0.0040080068829996185	0.35166697490970494	-0.35166697490970505
Cells_Intensity_MinIntensityEdge_PM	0.010083915932234344	0.0029903629675130964	0.25497393327401396	-0.254973933274014
Cells_Intensity_StdIntensityEdge_Hoechst	0.010064872665689784	0.0034259382790792258	0.28855238043594217	-0.2885523804359423
Cells_Intensity_StdIntensityEdge_Mitochondria	0.008575655872688603	0.003222528876378415	0.2696881900455088	-0.2696881900455089
Cells_Intensity_StdIntensityEdge_PM	0.003026126939337237	0.0015564420567356092	0.09415123220296784	-0.09415123220296787
Cells_Neighbors_FirstClosestDistance_Adjacent	0.028493686406237728	-0.0022329512196309718	-0.057934365961272896	0.05793436596127291
Cells_Neighbors_PercentTouching_Adjacent	0.004200843579990843	0.0011111166400513536	0.032463752324998436	-0.03246375232499845
Cells_RadialDistribution_FracAtD_Actin_1of4	0.012732585038537803	0.0034629246829896345	0.3314556033464727	-0.33145560334647284
Cells_RadialDistribution_FracAtD_Actin_3of4	0.013342962957195947	0.003370402282032947	0.3431402491514708	-0.3431402491514709
Cells_RadialDistribution_FracAtD_Actin_4of4	0.013983266923836668	-0.003553051172256955	-0.352848631948796	0.3528486319487961
Cells_RadialDistribution_FracAtD_ER_1of4	0.0020562773098894427	0.0007093481514162596	0.098842252183301	-0.09884225218330105
Cells_RadialDistribution_FracAtD_ER_3of4	0.005945052939705819	0.0007170635253000817	0.13735677195394788	-0.13735677195394794
Cells_RadialDistribution_FracAtD_ER_4of4	0.0047620025312064	-0.0006855898240217333	-0.12536032805953481	0.12536032805953487
Cells_RadialDistribution_FracAtD_Hoechst_1of4	0.0007473216522677628	0.0009489987940129532	0.07904818104433717	-0.0790481810443372
Cells_RadialDistribution_FracAtD_Hoechst_2of4	0.002882089425513823	0.0017048822400991992	0.16106908303411338	-0.16106908303411344
Cells_RadialDistribution_FracAtD_Hoechst_3of4	0.0083755025395863	0.0027114028054707365	0.2716667934143225	-0.27166679341432254
Cells_RadialDistribution_FracAtD_Hoechst_4of4	0.007092894468250011	-0.0026534957773416065	-0.2568391164630966	0.2568391164630967
Cells_RadialDistribution_FracAtD_Mitochondria_1of4	0.0059933261265988635	0.0017796674924668862	0.2034652553876889	-0.20346525538768898
Cells_RadialDistribution_FracAtD_PM_1of4	0.002315189788367311	0.0010698287931485142	0.12470421372453333	-0.12470421372453337
Cells_RadialDistribution_FracAtD_PM_3of4	0.009129391146617372	0.0022476411205392365	0.2587560156761916	-0.25875601567619166
Cells_RadialDistribution_MeanFrac_Actin_1of4	0.00039216143188014474	0.0003735976885817604	0.047058364578217535	-0.04705836457821755
Cells_RadialDistribution_MeanFrac_Actin_2of4	0.0006829873136500186	-6.080326828102787e-05	0.021293721750006055	-0.021293721750006062
Cells_RadialDistribution_MeanFrac_Actin_3of4	0.0023339951836192085	7.170563236270394e-06	0.04756101054528507	-0.04756101054528508
Cells_RadialDistribution_MeanFrac_Actin_4of4	0.0005169700768840046	0.0003783746792384566	0.0131230503213106	-0.013123050321310604
Cells_RadialDistribution_MeanFrac_ER_1of4	0.003528741560739568	-0.0018593284395454878	-0.13435352539546933	0.13435352539546938
Cells_RadialDistribution_MeanFrac_ER_2of4	0.007996928648922874	-0.0028409679184941217	-0.211234799095595	0.21123479909559512
Cells_RadialDistribution_MeanFrac_ER_3of4	0.010123139235578171	-0.003295533055618356	-0.2480071126535664	0.24800711265356648
Cells_RadialDistribution_MeanFrac_ER_4of4	0.012313406119811243	0.003573597473972665	0.2719367077829538	-0.27193670778295387
Cells_RadialDistribution_MeanFrac_Hoechst_1of4	0.0018979865022464848	-0.0011743653767725289	-0.12533708254788725	0.12533708254788728
Cells_RadialDistribution_MeanFrac_Hoechst_2of4	0.001746003926011097	-0.0012114784388606902	-0.12491415436579573	0.12491415436579575
Cells_RadialDistribution_MeanFrac_Hoechst_3of4	0.001167390388329248	-0.0009294493670404313	-0.10300821899135773	0.10300821899135776
Cells_RadialDistribution_MeanFrac_Hoechst_4of4	8.412671576962794e-05	-0.00019550641243758503	-0.023768861385199083	0.02376886138519909
Cells_RadialDistribution_MeanFrac_Mitochondria_1of4	0.0026251488547709423	-0.0012899680243712883	-0.07435145199523074	0.07435145199523077
Cells_RadialDistribution_MeanFrac_Mitochondria_2of4	0.005704850607409884	-0.0019963041178184203	-0.12285297696382688	0.12285297696382692
Cells_RadialDistribution_MeanFrac_Mitochondria_3of4	0.010416063087644423	-0.0030856594756414027	-0.20887001918573805	0.20887001918573814
Cells_RadialDistribution_MeanFrac_Mitochondria_4of4	0.009831319021495033	0.0026785626061211483	0.16633873185486897	-0.16633873185486903
Cells_RadialDistribution_MeanFrac_PM_1of4	0.004673473000839534	-0.002325492870280238	-0.19854222040870312	0.1985422204087032
Cells_RadialDistribution_MeanFrac_PM_2of4	0.005593105704892465	-0.002567676192610991	-0.21099362578229125	0.21099362578229133
Cells_RadialDistribution_MeanFrac_PM_4of4	0.007242604312813317	0.0024399935249132722	0.15502584961107127	-0.15502584961107133
Cells_RadialDistribution_RadialCV_Actin_1of4	0.004938905519054515	-0.0024198843263385874	-0.21265307513380577	0.21265307513380588
Cells_RadialDistribution_RadialCV_Actin_2of4	0.006341304797947589	-0.002738679443173879	-0.222612041480183	0.2226120414801831
Cells_RadialDistribution_RadialCV_Actin_3of4	0.005904770048696717	-0.002545806752351595	-0.2005179160913072	0.20051791609130729
Cells_RadialDistribution_RadialCV_Actin_4of4	0.0010295389423792267	-0.0007761494499689022	-0.043284943369418516	0.04328494336941853
Cells_RadialDistribution_RadialCV_ER_1of4	0.01023109579017245	-0.002913025670553136	-0.20076109179114432	0.20076109179114437
Cells_RadialDistribution_RadialCV_ER_2of4	0.008318586847982923	-0.002700373177874877	-0.1847993849989336	0.18479938499893367
Cells_RadialDistribution_RadialCV_ER_3of4	0.010880549768927716	-0.0028390676772208985	-0.17691082341349013	0.17691082341349018
Cells_RadialDistribution_RadialCV_ER_4of4	0.0053841731204028465	-0.0021091359263725657	-0.14045043217442885	0.14045043217442887
Cells_RadialDistribution_RadialCV_Hoechst_1of4	8.0277513615723e-05	-0.0002603074652090364	-0.02630226940586388	0.026302269405863887
Cells_RadialDistribution_RadialCV_Hoechst_2of4	0.001064414761178356	-0.0010999100501709984	-0.09281878619476766	0.0928187861947677
Cells_RadialDistribution_RadialCV_Hoechst_3of4	0.003335136808962136	-0.0019376447012153014	-0.16866933934449937	0.16866933934449943
Cells_RadialDistribution_RadialCV_Hoechst_4of4	0.0017499555897066976	0.00065841285971847	0.017071998145064902	-0.017071998145064906
Cells_RadialDistribution_RadialCV_Mitochondria_1of4	0.006252260040020996	-0.0023050771077924486	-0.14853271451404562	0.14853271451404568
Cells_RadialDistribution_RadialCV_Mitochondria_2of4	0.007255900811134364	-0.002140937939553801	-0.11987705209788843	0.11987705209788847
Cells_RadialDistribution_RadialCV_Mitochondria_3of4	0.008249054291782576	-0.0022196894908155557	-0.12182685720014982	0.12182685720014988
Cells_RadialDistribution_RadialCV_Mitochondria_4of4	0.0021299825396734473	-0.0004323805868339756	0.008844689037259965	-0.008844689037259969
Cells_RadialDistribution_RadialCV_PM_1of4	0.006353812449769625	-0.0024969821291225642	-0.1725081532409593	0.17250815324095936
Cells_RadialDistribution_RadialCV_PM_2of4	0.007893730616666095	-0.0027573130394176813	-0.19356534636177825	0.19356534636177833
Cells_RadialDistribution_RadialCV_PM_3of4	0.012768400539491243	-0.0037348648491278033	-0.28667497543741827	0.2866749754374183
Cells_RadialDistribution_RadialCV_PM_4of4	0.0016900336868206356	-0.0013305753978793934	-0.1196967695405835	0.11969676954058356
Cells_Texture_AngularSecondMoment_Mitochondria_3_01_256	0.018770147995139208	0.0012129634099016721	-0.05904815699260302	0.05904815699260303
Cells_Texture_AngularSecondMoment_PM_3_01_256	0.0024859456543970815	-0.0003014918608219201	0.01865794457601862	-0.018657944576018628
Cells_Texture_Contrast_Hoechst_3_00_256	0.012591373526388394	0.003961501328293975	0.3529223759710639	-0.352922375971064
Cells_Texture_Contrast_Mitochondria_3_01_256	0.002169497915985308	0.0009629950382977218	0.11024456573372188	-0.11024456573372193
Cells_Texture_Contrast_PM_3_01_256	0.001063787714358444	0.0007031898348564753	0.029843649609115057	-0.029843649609115064
Cells_Texture_Contrast_PM_3_03_256	0.0009583022170847055	0.0008256346510402763	0.04437647060709134	-0.04437647060709135
Cells_Texture_Correlation_Actin_3_00_256	0.009661027548398149	0.0009801702769124676	-0.002811866811112635	0.002811866811112636
Cells_Texture_Correlation_Actin_3_01_256	0.006170240948641825	0.0012547862526915594	0.0433609985881368	-0.043360998588136815
Cells_Texture_Correlation_Actin_3_02_256	0.004682058126043609	0.0006046953488185225	-0.009593146226723016	0.00959314622672302
Cells_Texture_Correlation_Actin_3_03_256	0.004360872782989023	0.0009138509238283177	0.02248631243213467	-0.022486312432134677
Cells_Texture_Correlation_ER_3_01_256	0.0068566719601351744	-0.002718971859305538	-0.2490317609011981	0.2490317609011982
Cells_Texture_Correlation_ER_3_03_256	0.009328639088599155	-0.0032164436904889076	-0.29320877548956265	0.2932087754895627
Cells_Texture_Correlation_Hoechst_3_03_256	0.014399723648515161	-0.0036286966583013603	-0.34314393326119247	0.3431439332611926
Cells_Texture_Correlation_Mitochondria_3_00_256	0.006387851939087308	-0.0022461124514853575	-0.13178162889085387	0.13178162889085393
Cells_Texture_Correlation_Mitochondria_3_01_256	0.007572236936711718	-0.002282538937415532	-0.12779883072421006	0.1277988307242101
Cells_Texture_Correlation_Mitochondria_3_02_256	0.008512324502060409	-0.002428984799593662	-0.13371599941304044	0.1337159994130405
Cells_Texture_Correlation_Mitochondria_3_03_256	0.008951851259169419	-0.0029703920395874003	-0.20429202864698237	0.20429202864698245
Cells_Texture_Correlation_PM_3_01_256	0.017652272918605272	-0.00441979312918113	-0.3819144440145099	0.3819144440145101
Cells_Texture_Correlation_PM_3_03_256	0.020957103152006606	-0.0047431442566782025	-0.41350137960784705	0.4135013796078472
Cells_Texture_DifferenceEntropy_Hoechst_3_02_256	0.031907052478682085	0.005348254249817777	0.5179181770332587	-0.5179181770332588
Cells_Texture_DifferenceEntropy_Mitochondria_3_02_256	0.012242930912406802	0.0018229501197890613	0.24679718792525246	-0.24679718792525254
Cells_Texture_DifferenceVariance_Hoechst_3_02_256	0.031065412566377515	-0.005416859080632968	-0.5326028468987539	0.532602846898754
Cells_Texture_InfoMeas1_ER_3_01_256	0.015310086056323557	0.00409007010413502	0.36716433501835566	-0.36716433501835577
Cells_Texture_InfoMeas1_ER_3_02_256	0.017556470341893782	0.004436075435711128	0.3866784986497044	-0.38667849864970455
Cells_Texture_InfoMeas1_ER_3_03_256	0.018470196232162173	0.004494695193873173	0.4046225645625797	-0.40462256456257983
Cells_Texture_InfoMeas1_Hoechst_3_03_256	0.010925383142053713	0.0017588248988507824	0.23571773210325558	-0.23571773210325564
Cells_Texture_InfoMeas1_Mitochondria_3_00_256	0.003614864513546978	0.0019201230070677719	0.13769755339936685	-0.13769755339936687
Cells_Texture_InfoMeas1_Mitochondria_3_01_256	0.00347865919978374	0.001701007486353462	0.10868041592452923	-0.10868041592452925
Cells_Texture_InfoMeas1_Mitochondria_3_02_256	0.00800580723061195	0.0024965652097250716	0.15639200441718662	-0.15639200441718668
Cells_Texture_InfoMeas1_Mitochondria_3_03_256	0.00771906855267801	0.0028898946323672715	0.21776100474261212	-0.21776100474261217
Cells_Texture_InfoMeas1_PM_3_01_256	0.020156747949719667	0.004437414778260991	0.41075052024205605	-0.41075052024205616
Cells_Texture_InfoMeas1_PM_3_02_256	0.023822588216471874	0.004948847740789032	0.43618965352455963	-0.43618965352455985
Cells_Texture_InfoMeas1_PM_3_03_256	0.022628780475938415	0.004733500098472706	0.4334025687777179	-0.4334025687777181
Cells_Texture_InfoMeas2_Hoechst_3_03_256	0.000442336429127943	0.0006067188433045895	0.039511867178158876	-0.03951186717815888
Cells_Texture_InfoMeas2_PM_3_00_256	0.019426902495990106	-0.004402821614210771	-0.40205544754202405	0.40205544754202416
Cells_Texture_InverseDifferenceMoment_Hoechst_3_02_256	0.0325495929903733	-0.005198160215576291	-0.5191746953714739	0.5191746953714741
Cells_Texture_InverseDifferenceMoment_Mitochondria_3_00_256	0.01857422293909805	-0.0016774110404977312	-0.2603988561973677	0.2603988561973678
Cells_Texture_InverseDifferenceMoment_Mitochondria_3_01_256	0.01644019849884848	-0.0014137919879245715	-0.23568657230223183	0.23568657230223192
Cells_Texture_InverseDifferenceMoment_Mitochondria_3_02_256	0.015594472462935438	-0.0019817193946928937	-0.2689719329093712	0.2689719329093713
Cells_Texture_InverseDifferenceMoment_Mitochondria_3_03_256	0.02117768645745477	-0.0020663412764286553	-0.2971645320425102	0.2971645320425103
Cells_Texture_SumVariance_Hoechst_3_03_256	0.011517059928735196	0.0035405561034333303	0.30167822992663307	-0.3016782299266332
Cells_Texture_SumVariance_Mitochondria_3_01_256	0.0007009823920904878	0.0006168404664439783	0.07135143866446886	-0.07135143866446889
Cells_Texture_SumVariance_PM_3_03_256	0.0005614419746350352	-0.0006617442875026685	-0.07013047193750215	0.07013047193750216
Nuclei_AreaShape_BoundingBoxMinimum_Y	0.0019090167016311277	0.0012807871005964665	0.12759675865408912	-0.12759675865408915
Nuclei_AreaShape_Compactness	0.007586849345495472	0.0026618537522244273	0.25282469642638516	-0.2528246964263852
Nuclei_AreaShape_Extent	0.003049031031741478	-0.001623669099599395	-0.15727137717949588	0.15727137717949594
Nuclei_AreaShape_FormFactor	0.00905311477945725	-0.0028082162904851074	-0.26999175704058753	0.2699917570405876
Nuclei_AreaShape_MeanRadius	0.008968728051256925	-0.0018635542194848228	-0.23788432762730022	0.23788432762730033
Nuclei_AreaShape_Orientation	0.0004101876733171306	0.00040296251939535115	0.050026072409692715	-0.050026072409692736
Nuclei_AreaShape_Solidity	0.00859691591508549	-0.002865490377769559	-0.2667648672116595	0.2667648672116596
Nuclei_AreaShape_Zernike_0_0	0.00794507965755542	-0.0023445140721599323	-0.24501060077840514	0.24501060077840522
Nuclei_AreaShape_Zernike_1_1	0.0009096315761062401	0.0009661840851546888	0.09134319989068629	-0.09134319989068632
Nuclei_AreaShape_Zernike_2_0	0.003794050605316124	0.0018050823147588266	0.1796128938226194	-0.17961289382261947
Nuclei_AreaShape_Zernike_2_2	0.0009895387861371674	0.00036546413521407905	0.05985787398851286	-0.05985787398851289
Nuclei_AreaShape_Zernike_3_1	0.0014508851005030632	0.001271926440201118	0.11247860213418126	-0.11247860213418129
Nuclei_AreaShape_Zernike_3_3	0.00035430734579722234	0.0006402350049496371	0.05473875168681447	-0.05473875168681448
Nuclei_AreaShape_Zernike_4_0	0.0076503300725595524	-0.0021870073216668706	-0.2387559994589039	0.238755999458904
Nuclei_AreaShape_Zernike_4_2	0.00035010229376830626	-0.00031532994211375093	-0.010507836726264845	0.010507836726264848
Nuclei_AreaShape_Zernike_4_4	0.008360917185745054	0.002425743860353829	0.2527954149758951	-0.2527954149758952
Nuclei_AreaShape_Zernike_5_1	8.41805271261098e-05	0.00025150150000151697	0.026386451253060023	-0.02638645125306003
Nuclei_AreaShape_Zernike_5_3	0.0005995976883915732	0.0006994346808847338	0.07206123616901117	-0.07206123616901118
Nuclei_AreaShape_Zernike_5_5	0.001977535079429993	0.0014538734423432513	0.1337407923822897	-0.13374079238228972
Nuclei_AreaShape_Zernike_6_0	0.000137903734944822	0.00013353719970060634	0.022192467938114427	-0.022192467938114434
Nuclei_AreaShape_Zernike_6_2	0.0021139534132162963	0.0011494229019266128	0.12687732661452653	-0.12687732661452658
Nuclei_AreaShape_Zernike_6_4	0.0023629343808219128	-0.0015734436212203494	-0.14352799625366242	0.14352799625366247
Nuclei_AreaShape_Zernike_6_6	0.009059638676804704	0.0028358733103227194	0.2751505328429518	-0.2751505328429519
Nuclei_AreaShape_Zernike_7_1	0.0006160445731451247	0.0007838742665554461	0.07340871948849353	-0.07340871948849356
Nuclei_AreaShape_Zernike_7_3	0.0013791579359068162	0.001245632293596094	0.1105888639145832	-0.11058886391458322
Nuclei_AreaShape_Zernike_7_5	0.003209339574123171	0.001860141430568473	0.16687051332056635	-0.1668705133205664
Nuclei_AreaShape_Zernike_7_7	0.0015566025846958098	0.001115048193722186	0.11354849820720972	-0.11354849820720975
Nuclei_AreaShape_Zernike_8_0	0.00031045855901123964	5.277829401833529e-05	-0.013893415233199674	0.01389341523319968
Nuclei_AreaShape_Zernike_8_2	0.0016015063654724049	-0.00043898973485517284	-0.07544679559624272	0.07544679559624275
Nuclei_AreaShape_Zernike_8_4	4.496544105248024e-05	-5.59950026293945e-05	0.0018296943130467714	-0.0018296943130467723
Nuclei_AreaShape_Zernike_8_6	0.0012616390474212702	0.0008848459933917487	0.09763255742102211	-0.09763255742102216
Nuclei_AreaShape_Zernike_8_8	0.0065313166245996035	0.0024868162381415804	0.23782211490228528	-0.23782211490228533
Nuclei_AreaShape_Zernike_9_1	0.00010609816445938947	0.0003512361382427738	0.03070126546299589	-0.0307012654629959
Nuclei_AreaShape_Zernike_9_3	0.0005889477870592019	-0.0003672899048747365	-0.007770821701898507	0.00777082170189851
Nuclei_AreaShape_Zernike_9_5	0.00039087890586297913	0.00012310583057263628	0.029711129548462945	-0.02971112954846296
Nuclei_AreaShape_Zernike_9_7	0.00242556567555674	0.0013433730160204588	0.13904520853662936	-0.1390452085366294
Nuclei_AreaShape_Zernike_9_9	0.002104640886891329	0.001577575869922325	0.1361646899323486	-0.13616468993234862
Nuclei_Correlation_Correlation_Actin_ER	0.005805677107003859	0.0007269583344886059	0.13323648973996058	-0.1332364897399606
Nuclei_Correlation_Correlation_Actin_Hoechst	0.016974186307457506	-0.001782221792514524	-0.26222936534784574	0.26222936534784586
Nuclei_Correlation_Correlation_Actin_Mitochondria	0.0008495224371101173	0.0006520589872491379	0.07621461953442332	-0.07621461953442335
Nuclei_Correlation_Correlation_ER_Hoechst	0.004662868229386663	0.0002792936740403737	0.09014257121762842	-0.09014257121762845
Nuclei_Correlation_Correlation_ER_Mitochondria	0.0003442534304183287	0.00037964530457349323	0.04595276814848358	-0.04595276814848359
Nuclei_Correlation_Correlation_Hoechst_Mitochondria	0.0014488786792123953	0.0007777741106713941	0.09419610180089752	-0.09419610180089755
Nuclei_Correlation_K_Actin_ER	0.0593630342314353	0.0007019509870224508	0.2673720040173415	-0.2673720040173416
Nuclei_Correlation_K_Actin_Hoechst	0.06687484037993097	0.0017481426708256154	0.3659673700893582	-0.36596737008935837
Nuclei_Correlation_K_Actin_Mitochondria	0.060258902449511154	0.0011585066758626073	0.34718367073969403	-0.34718367073969414
Nuclei_Correlation_K_Actin_PM	0.05920629778060271	-0.0018442234921980495	0.05322142429024933	-0.05322142429024935
Nuclei_Correlation_K_ER_Actin	0.06585079323339749	-0.0005914638520619147	-0.3460344652464111	0.34603446524641124
Nuclei_Correlation_K_ER_Hoechst	0.005989281386508671	0.0010060353250750317	0.01215595484114981	-0.012155954841149813
Nuclei_Correlation_K_ER_Mitochondria	0.004377235797110135	0.00015510511619564891	0.0790236167744715	-0.07902361677447153
Nuclei_Correlation_K_ER_PM	0.03332756168617079	-0.004761787212127467	-0.49252829928818687	0.4925282992881871
Nuclei_Correlation_K_Hoechst_ER	0.004690116201751082	0.0006346746016778903	0.11553999100437626	-0.1155399910043763
Nuclei_Correlation_K_Hoechst_Mitochondria	0.012476268865085793	-0.0002089538409243361	0.1066367769034747	-0.10663677690347474
Nuclei_Correlation_K_Mitochondria_Actin	0.05497713977306262	-9.417553902635836e-05	-0.2704028164084872	0.2704028164084873
Nuclei_Correlation_K_Mitochondria_ER	0.0015015358104218945	0.00018687931850518404	-0.02170478689087571	0.021704786890875717
Nuclei_Correlation_K_Mitochondria_Hoechst	0.029203943948311717	0.00017374840787169425	-0.15777538915536404	0.1577753891553641
Nuclei_Correlation_K_Mitochondria_PM	0.0863051975350625	-0.0065371423759232805	-0.7385948430897882	0.7385948430897884
Nuclei_Correlation_K_PM_Actin	0.02201530537126828	0.0025717210272939864	0.08769978089135363	-0.08769978089135366
Nuclei_Correlation_K_PM_ER	0.03909098669040534	0.004392136892074346	0.48095184779694866	-0.4809518477969488
Nuclei_Correlation_K_PM_Mitochondria	0.08043575784761403	0.005463251233013351	0.6553143651222482	-0.6553143651222484
Nuclei_Correlation_Overlap_Actin_ER	0.00022480900746191246	0.0004706610385615896	0.03339276733970633	-0.033392767339706336
Nuclei_Correlation_Overlap_Actin_Hoechst	0.002792229670274926	0.00022608769308850516	-0.03487140828545772	0.034871408285457726
Nuclei_Correlation_Overlap_Actin_Mitochondria	0.0009241495180836168	-0.0002841958014660956	-0.05203261023571405	0.052032610235714066
Nuclei_Correlation_Overlap_Actin_PM	0.005481042390115265	0.0020699116061693593	0.1249196590191837	-0.12491965901918373
Nuclei_Correlation_Overlap_ER_Hoechst	0.0034399893693800587	-0.0016169142328535352	-0.16882161090500855	0.1688216109050086
Nuclei_Correlation_Overlap_ER_Mitochondria	0.0028578625533192126	-0.0008659317865475271	-0.11498525031510623	0.11498525031510629
Nuclei_Correlation_Overlap_ER_PM	0.00043373142730052106	-0.0006438755661252924	-0.04350759149932106	0.043507591499321076
Nuclei_Correlation_Overlap_Hoechst_Mitochondria	0.004460493250218356	-0.0018941841800375705	-0.1969942273462662	0.19699422734626626
Nuclei_Correlation_Overlap_Hoechst_PM	6.708786527442889e-05	-9.536256387051201e-05	0.0020539387189810673	-0.002053938718981068
Nuclei_Correlation_Overlap_Mitochondria_PM	0.00013182849756776527	0.0002645446146464831	0.01225697993759495	-0.012256979937594956
Nuclei_Correlation_RWC_Actin_ER	0.022939830432881947	0.00025102401503566404	-0.12454223774526527	0.1245422377452653
Nuclei_Correlation_RWC_Actin_Hoechst	0.018259826915010713	0.002026258375605646	0.046927941399934406	-0.04692794139993443
Nuclei_Correlation_RWC_Actin_Mitochondria	0.02747608722346051	-0.00023801619865250687	-0.1850187780073757	0.18501877800737576
Nuclei_Correlation_RWC_Actin_PM	0.02000538572345112	0.002719654482007531	0.1108829131085581	-0.11088291310855813
Nuclei_Correlation_RWC_ER_Actin	0.012636213915783734	0.0005516957685270007	-0.06788952808916525	0.06788952808916526
Nuclei_Correlation_RWC_ER_Hoechst	0.007754799139154889	0.0019162515084869452	0.09121736391148696	-0.09121736391148699
Nuclei_Correlation_RWC_ER_Mitochondria	0.009361483986249142	-0.0015205106295743843	-0.20962621471148762	0.20962621471148768
Nuclei_Correlation_RWC_ER_PM	0.0255934398379295	0.005121008831622819	0.4011519118549859	-0.401151911854986
Nuclei_Correlation_RWC_Hoechst_Actin	0.011508413717483013	0.0019685920089176382	0.06844907746659598	-0.06844907746659601
Nuclei_Correlation_RWC_Hoechst_Mitochondria	0.0014729379041554802	0.0009949785134047335	0.057923311592629353	-0.05792331159262938
Nuclei_Correlation_RWC_Hoechst_PM	0.025118838798680487	0.00027392007791337674	-0.12940151593207025	0.12940151593207028
Nuclei_Correlation_RWC_Mitochondria_Actin	0.017703271043392088	0.0006278000406004712	-0.08479389635700006	0.0847938963570001
Nuclei_Correlation_RWC_Mitochondria_ER	0.0159504960819834	-0.0006190653500940833	-0.17414825199669057	0.17414825199669065
Nuclei_Correlation_RWC_Mitochondria_Hoechst	0.005822084493779411	0.0023522696435556425	0.16387819281823393	-0.163878192818234
Nuclei_Correlation_RWC_Mitochondria_PM	0.016281876663403638	0.004333146408556307	0.35937074398198565	-0.35937074398198576
Nuclei_Correlation_RWC_PM_Actin	0.013005237546360848	0.002672054822679526	0.1339777139575351	-0.13397771395753513
Nuclei_Correlation_RWC_PM_Mitochondria	0.006022319379450636	0.002612230859309885	0.21408800902239378	-0.21408800902239386
Nuclei_Granularity_1_Actin	0.01381417581589639	0.00251494016577151	0.1150674579418044	-0.11506745794180442
Nuclei_Granularity_1_ER	0.030572365046626748	0.0006433842776775151	-0.13066651360402998	0.13066651360403
Nuclei_Granularity_1_Hoechst	0.02727435321113314	-0.003996427500722403	-0.4436935327818986	0.4436935327818987
Nuclei_Granularity_1_Mitochondria	0.059701141491429355	0.001014552316654607	-0.1775884869327739	0.177588486932774
Nuclei_Granularity_1_PM	0.03196440203679307	0.003345247710972374	0.12823896557645306	-0.1282389655764531
Nuclei_Intensity_IntegratedIntensityEdge_Hoechst	0.016422567276644928	0.0038845782657285456	0.30558506052015055	-0.30558506052015066
Nuclei_Intensity_IntegratedIntensity_Actin	0.002649821601829694	0.001436475134287156	0.05997829379695682	-0.059978293796956836
Nuclei_Intensity_IntegratedIntensity_Hoechst	0.0032816789010139402	0.0018041798329661706	0.1459892553878965	-0.14598925538789653
Nuclei_Intensity_IntegratedIntensity_Mitochondria	0.0028978329733830854	0.0017699738022335482	0.17976594232659598	-0.17976594232659604
Nuclei_Intensity_IntegratedIntensity_PM	0.000268631161230104	-0.0002764477514018418	-0.03940610881290597	0.03940610881290598
Nuclei_Intensity_LowerQuartileIntensity_Hoechst	0.033053705047449755	0.005412267985556257	0.4535487924408498	-0.45354879244085
Nuclei_Intensity_MADIntensity_Actin	0.004358292312335199	0.0021171137440466545	0.13436236774632937	-0.13436236774632943
Nuclei_Intensity_MADIntensity_ER	0.004839243042047192	0.002087700552362935	0.2043824177677961	-0.20438241776779614
Nuclei_Intensity_MADIntensity_Hoechst	0.009875184561068173	0.002797538100478641	0.27590163396396694	-0.275901633963967
Nuclei_Intensity_MADIntensity_Mitochondria	0.008035184033204579	0.0013815118092461135	0.1919349254422103	-0.19193492544221036
Nuclei_Intensity_MassDisplacement_Actin	0.0005080894151104909	-0.0008033408918001819	-0.06499217139728905	0.06499217139728908
Nuclei_Intensity_MassDisplacement_ER	0.0021229450012212325	0.0015499819205231755	0.14122500142735608	-0.14122500142735614
Nuclei_Intensity_MassDisplacement_Hoechst	0.0026650962225853725	0.0018511364333201814	0.16453301793428854	-0.1645330179342886
Nuclei_Intensity_MassDisplacement_Mitochondria	0.001748833452126286	0.001471356234626386	0.1313938804546044	-0.13139388045460443
Nuclei_Intensity_MassDisplacement_PM	0.0006973967681446203	0.0009773680010898705	0.07351447201554791	-0.07351447201554794
Nuclei_Intensity_MaxIntensityEdge_PM	0.0008121427630306544	0.00042041132283115226	0.006478956567853323	-0.006478956567853324
Nuclei_Intensity_MaxIntensity_Hoechst	0.01624444384708912	0.0040829624741824215	0.36703847576386606	-0.36703847576386617
Nuclei_Intensity_MinIntensityEdge_ER	0.007757580749927051	0.0024975815509501	0.24285394251665582	-0.24285394251665593
Nuclei_Intensity_MinIntensityEdge_Hoechst	0.05559961554981696	0.007485807451234225	0.6054920742223523	-0.6054920742223525
Nuclei_Intensity_MinIntensityEdge_Mitochondria	0.015030903610221191	0.0025353186639873655	0.2965453624079665	-0.2965453624079666
Nuclei_Intensity_MinIntensity_PM	0.0002648922848654811	-0.00047686682073149486	-0.046088505788290435	0.04608850578829045
Nuclei_Intensity_StdIntensityEdge_ER	0.005734649800783642	0.001997825982493274	0.21206889997236555	-0.2120688999723656
Nuclei_Intensity_StdIntensityEdge_Hoechst	0.008911169374772765	0.0034908115596291645	0.28013241171594905	-0.28013241171594916
Nuclei_Intensity_StdIntensityEdge_Mitochondria	0.0065227694798727365	0.0020698827475062976	0.22822689204866875	-0.22822689204866886
Nuclei_Intensity_StdIntensityEdge_PM	0.0006876400544916228	0.0006204047901802202	0.027551389089447653	-0.027551389089447667
Nuclei_RadialDistribution_FracAtD_Actin_1of4	0.009763088473427328	-0.0023184006757534423	-0.2632385443708062	0.26323854437080624
Nuclei_RadialDistribution_FracAtD_Actin_2of4	0.013628980564557414	-0.0023226393526946834	-0.28315171353628354	0.28315171353628366
Nuclei_RadialDistribution_FracAtD_Actin_3of4	0.0025993411201971073	-0.0006270320109287424	-0.09943066282909985	0.09943066282909989
Nuclei_RadialDistribution_FracAtD_Actin_4of4	0.013381477029947408	0.0022221139073820067	0.27600504271551557	-0.2760050427155157
Nuclei_RadialDistribution_FracAtD_ER_1of4	0.009436726808149887	-0.0031540436239826377	-0.27299575293107675	0.27299575293107686
Nuclei_RadialDistribution_FracAtD_ER_2of4	0.012090186355481425	-0.003567404099825033	-0.29655200735577036	0.2965520073557705
Nuclei_RadialDistribution_FracAtD_ER_3of4	0.006585086460467293	-0.0004198136737181105	0.04300280969521195	-0.043002809695211974
Nuclei_RadialDistribution_FracAtD_ER_4of4	0.009175549372832825	0.002957470912227823	0.21559435477632705	-0.2155943547763271
Nuclei_RadialDistribution_FracAtD_Hoechst_1of4	0.0014606025026004943	-0.0011089006019249802	-0.07092731047008073	0.07092731047008076
Nuclei_RadialDistribution_FracAtD_Hoechst_2of4	0.002965875980066146	-0.0009936023134687684	-0.037664648867011694	0.03766464886701171
Nuclei_RadialDistribution_FracAtD_Hoechst_3of4	0.004127494908569118	-0.0004388237098901887	0.02820429439878014	-0.02820429439878015
Nuclei_RadialDistribution_FracAtD_Hoechst_4of4	0.004469090031884448	0.0010195180418174762	0.023833488062404894	-0.023833488062404904
Nuclei_RadialDistribution_FracAtD_Mitochondria_1of4	0.005278010037249814	-0.0022582015419742446	-0.20720457584450386	0.20720457584450394
Nuclei_RadialDistribution_FracAtD_Mitochondria_2of4	0.004987012942674229	-0.0021586443529744794	-0.20449884570478077	0.20449884570478086
Nuclei_RadialDistribution_FracAtD_Mitochondria_3of4	0.0010249926515844	-0.0002042978205856728	0.014195742838064039	-0.014195742838064044
Nuclei_RadialDistribution_FracAtD_Mitochondria_4of4	0.0027945997187625027	0.0017573328860249343	0.14944456479420437	-0.1494445647942044
Nuclei_RadialDistribution_FracAtD_PM_1of4	0.028163808079562425	-0.005227050099800807	-0.402664687743556	0.4026646877435562
Nuclei_RadialDistribution_FracAtD_PM_2of4	0.031113010769820426	-0.005571841179250683	-0.43087585453899124	0.4308758545389914
Nuclei_RadialDistribution_FracAtD_PM_3of4	4.089180675614923e-05	0.0001560803630938246	0.0171621244836155	-0.017162124483615506
Nuclei_RadialDistribution_FracAtD_PM_4of4	0.02099677953425516	0.004650988115785909	0.3571899576897377	-0.3571899576897378
Nuclei_RadialDistribution_MeanFrac_Actin_1of4	0.0035394204513948813	-0.0010699710027507797	-0.1410583670303724	0.14105836703037242
Nuclei_RadialDistribution_MeanFrac_Actin_2of4	0.007243268862651253	-0.0009849269444976959	-0.16180544996624588	0.16180544996624593
Nuclei_RadialDistribution_MeanFrac_Actin_3of4	0.00528878830874957	-0.00040643666464970597	-0.10447569167573831	0.10447569167573835
Nuclei_RadialDistribution_MeanFrac_Actin_4of4	0.010326451530367708	0.0011256768725794977	0.18559863016289896	-0.18559863016289904
Nuclei_RadialDistribution_MeanFrac_ER_1of4	0.00526291844198612	-0.002296804058346704	-0.16743457588063607	0.16743457588063612
Nuclei_RadialDistribution_MeanFrac_ER_2of4	0.006731683697496549	-0.0025430361540110316	-0.18222351939945558	0.18222351939945566
Nuclei_RadialDistribution_MeanFrac_ER_3of4	0.005219180103270937	-0.0002623871787003842	0.04841202224470277	-0.048412022244702785
Nuclei_RadialDistribution_MeanFrac_ER_4of4	0.006307088881265188	0.0018337647167546653	0.09675338228853156	-0.09675338228853159
Nuclei_RadialDistribution_MeanFrac_Hoechst_1of4	0.007939086525964312	0.0009511626359709154	0.16191814274126257	-0.1619181427412626
Nuclei_RadialDistribution_MeanFrac_Hoechst_2of4	0.009451092914016801	0.0009226397137463192	0.16685159005354017	-0.16685159005354022
Nuclei_RadialDistribution_MeanFrac_Hoechst_3of4	0.0029178383537463715	-0.00022529412274576577	0.03687363364747918	-0.03687363364747919
Nuclei_RadialDistribution_MeanFrac_Hoechst_4of4	0.007964459664795753	-0.00024806221910228353	-0.10946714659013526	0.10946714659013529
Nuclei_RadialDistribution_MeanFrac_Mitochondria_1of4	0.0015810070731563375	-0.001096423233488505	-0.07100566792664699	0.07100566792664702
Nuclei_RadialDistribution_MeanFrac_Mitochondria_2of4	0.0006625929021405463	-0.0008539531272173838	-0.06648969614845417	0.06648969614845418
Nuclei_RadialDistribution_MeanFrac_Mitochondria_4of4	0.0006206147203504653	0.0005530515342660651	0.026898979314118332	-0.02689897931411834
Nuclei_RadialDistribution_MeanFrac_PM_1of4	0.04718157096877096	-0.005497878119464041	-0.3325776330096763	0.3325776330096764
Nuclei_RadialDistribution_MeanFrac_PM_2of4	0.0476625138714909	-0.006036107534328927	-0.3841430119593928	0.384143011959393
Nuclei_RadialDistribution_MeanFrac_PM_3of4	0.001330230435653168	0.0007603846229701957	0.03516906294790964	-0.03516906294790965
Nuclei_RadialDistribution_MeanFrac_PM_4of4	0.034693449213866745	0.005334781243415329	0.358344485068132	-0.3583444850681321
Nuclei_RadialDistribution_RadialCV_Actin_1of4	0.0032579299634809544	-0.0019708662934856147	-0.16578496547269433	0.1657849654726944
Nuclei_RadialDistribution_RadialCV_Actin_2of4	0.001954181141469169	-0.0015166797350916687	-0.1265753125129011	0.12657531251290116
Nuclei_RadialDistribution_RadialCV_Actin_3of4	0.001453540431827438	-0.0013154733334497142	-0.10235097363432505	0.10235097363432509
Nuclei_RadialDistribution_RadialCV_Actin_4of4	0.0017206723655767142	-0.0014053715312516688	-0.10463653871267459	0.10463653871267461
Nuclei_RadialDistribution_RadialCV_ER_1of4	0.0032419838632142817	-0.0019577828060431055	-0.17547737344268402	0.17547737344268408
Nuclei_RadialDistribution_RadialCV_ER_2of4	0.0005509053713069756	-0.000751778609670544	-0.07022231130464641	0.07022231130464643
Nuclei_RadialDistribution_RadialCV_ER_3of4	0.0015329932266749946	0.0009477389434803675	0.10496548687546303	-0.10496548687546307
Nuclei_RadialDistribution_RadialCV_ER_4of4	0.0038018472095204814	0.0012931109780662407	0.15509591292047697	-0.15509591292047703
Nuclei_RadialDistribution_RadialCV_Hoechst_1of4	0.004370234901231784	0.0005321121319580914	-0.023536986702176778	0.023536986702176785
Nuclei_RadialDistribution_RadialCV_Hoechst_2of4	0.0012778559262106581	0.0012044920218182312	0.08635755965110165	-0.08635755965110167
Nuclei_RadialDistribution_RadialCV_Hoechst_3of4	0.0027749765801883264	0.0016691999030249757	0.16079523222892575	-0.1607952322289258
Nuclei_RadialDistribution_RadialCV_Hoechst_4of4	0.0027882212537255757	0.0019159734144316043	0.16787955077085098	-0.16787955077085104
Nuclei_RadialDistribution_RadialCV_Mitochondria_1of4	0.0024855493227301517	-0.0006074692929297109	-0.0026096223340905133	0.002609622334090514
Nuclei_RadialDistribution_RadialCV_Mitochondria_2of4	0.0008893632639833671	0.0004716835065284644	0.06796913045761464	-0.06796913045761467
Nuclei_RadialDistribution_RadialCV_Mitochondria_3of4	0.002447990297554159	0.0011231618828259034	0.13305440440966673	-0.1330544044096668
Nuclei_RadialDistribution_RadialCV_Mitochondria_4of4	0.002901260672937056	0.001639146493523633	0.16518625200004547	-0.16518625200004552
Nuclei_RadialDistribution_RadialCV_PM_2of4	0.027443467479150163	-0.00543199955990769	-0.36708559000848484	0.36708559000848495
Nuclei_RadialDistribution_RadialCV_PM_3of4	0.0009880580036614184	-0.0006850618475632875	-0.02775875193607713	0.027758751936077138
Nuclei_RadialDistribution_RadialCV_PM_4of4	0.001434615813621698	0.001220946780102848	0.12099211402883081	-0.12099211402883084
Nuclei_Texture_AngularSecondMoment_ER_3_01_256	0.0008530425660575602	-0.00021771883511880445	-0.04613101025021642	0.04613101025021643
Nuclei_Texture_AngularSecondMoment_Hoechst_3_01_256	0.007838431369126542	-0.002488183781093561	-0.2177118507085941	0.21771185070859417
Nuclei_Texture_AngularSecondMoment_Mitochondria_3_01_256	0.02153400889520829	-0.001179627001962388	-0.2612801030121961	0.26128010301219623
Nuclei_Texture_AngularSecondMoment_PM_3_01_256	0.022427334163442003	0.004507810778366266	0.3405560475196823	-0.34055604751968244
Nuclei_Texture_Contrast_ER_3_01_256	0.001993720848983749	0.001033906200396517	0.11535846909853645	-0.1153584690985365
Nuclei_Texture_Contrast_ER_3_03_256	0.0025894711721970998	0.0012081805488472568	0.1312949081093754	-0.13129490810937544
Nuclei_Texture_Contrast_Hoechst_3_01_256	0.004571590471291298	0.0020991380656623336	0.19830714861963572	-0.19830714861963578
Nuclei_Texture_Contrast_Mitochondria_3_01_256	0.0022131148206497864	0.00047041899537383686	0.07726227831544269	-0.0772622783154427
Nuclei_Texture_Contrast_Mitochondria_3_03_256	0.001996307910953954	0.0005888327329359465	0.08600408623835855	-0.08600408623835858
Nuclei_Texture_Contrast_PM_3_00_256	0.0026371705770968923	-0.001313135093433042	-0.08010578056570943	0.08010578056570945
Nuclei_Texture_Contrast_PM_3_01_256	0.002536964217587534	-0.001737566389839051	-0.11950401173419037	0.1195040117341904
Nuclei_Texture_Contrast_PM_3_02_256	0.0022389061851761927	-0.0016954086689634372	-0.12431115643893417	0.12431115643893423
Nuclei_Texture_Contrast_PM_3_03_256	0.002341726654765064	-0.0011980646834380184	-0.07219027011687677	0.07219027011687679
Nuclei_Texture_Correlation_ER_3_00_256	0.005518176449821777	0.002184660538491701	0.22035678311562634	-0.22035678311562643
Nuclei_Texture_Correlation_ER_3_01_256	0.006596844479154318	0.0025909077212768663	0.24486178978190948	-0.24486178978190956
Nuclei_Texture_Correlation_ER_3_02_256	0.005450064073495908	0.002236707940468736	0.21877913156149476	-0.2187791315614948
Nuclei_Texture_Correlation_ER_3_03_256	0.0029264428450825886	0.0017343042883310325	0.1622425739886533	-0.16224257398865335
Nuclei_Texture_Correlation_Hoechst_3_00_256	0.011168492918380846	0.0020001055840473537	0.2514288338191303	-0.2514288338191304
Nuclei_Texture_Correlation_Hoechst_3_01_256	0.010285357414872465	0.0020191749585410828	0.2481302575504154	-0.24813025755041548
Nuclei_Texture_Correlation_Hoechst_3_02_256	0.008949301111600083	0.0019128775244342832	0.233827897972523	-0.2338278979725231
Nuclei_Texture_Correlation_Hoechst_3_03_256	0.0060288648011430634	0.001288582315164368	0.17388176579299253	-0.17388176579299258
Nuclei_Texture_Correlation_Mitochondria_3_00_256	0.009248455755981433	0.0018331169683122764	0.2403343050022505	-0.24033430500225056
Nuclei_Texture_Correlation_Mitochondria_3_01_256	0.008345841401688703	0.002015260328829683	0.24115607957449336	-0.24115607957449345
Nuclei_Texture_Correlation_Mitochondria_3_02_256	0.007407943466337219	0.0017066328567383246	0.2186158873829221	-0.21861588738292215
Nuclei_Texture_Correlation_Mitochondria_3_03_256	0.0034070358224307373	0.0008975412847282793	0.13039435618470593	-0.13039435618470596
Nuclei_Texture_Correlation_PM_3_00_256	0.008080268489712439	-0.002548350496014936	-0.15815908668083334	0.1581590866808334
Nuclei_Texture_Correlation_PM_3_01_256	0.002776471764114885	-0.0010825836057409405	-0.04470707203864871	0.044707072038648724
Nuclei_Texture_Correlation_PM_3_02_256	0.00798176061207223	-0.0026537337088460224	-0.17375688251010127	0.17375688251010132
Nuclei_Texture_Correlation_PM_3_03_256	0.004639554644212174	-0.002148713278634461	-0.15037972957875992	0.15037972957875997
Nuclei_Texture_DifferenceEntropy_ER_3_01_256	0.0052774030742903655	0.0013786128515810231	0.17255215820831382	-0.17255215820831388
Nuclei_Texture_DifferenceEntropy_Hoechst_3_02_256	0.008498710163281853	0.002871117070350014	0.2655150895084547	-0.2655150895084548
Nuclei_Texture_DifferenceEntropy_Mitochondria_3_02_256	0.016704115941259978	0.0015105400299112053	0.24715290297640724	-0.2471529029764073
Nuclei_Texture_DifferenceEntropy_PM_3_00_256	0.011805411363542295	-0.0033200044095578274	-0.24247769762947924	0.24247769762947932
Nuclei_Texture_DifferenceVariance_Hoechst_3_01_256	0.010340517299967322	-0.0033551493828144433	-0.2989168480078291	0.2989168480078292
Nuclei_Texture_DifferenceVariance_Mitochondria_3_01_256	0.024946788055421387	-0.0016626212798608964	-0.3159568411386521	0.3159568411386522
Nuclei_Texture_DifferenceVariance_PM_3_01_256	0.030509740371654992	0.005198980837633765	0.4406620257490754	-0.4406620257490756
Nuclei_Texture_InfoMeas1_ER_3_00_256	0.004012279336433444	-0.002186036084164727	-0.19095133739949927	0.19095133739949932
Nuclei_Texture_InfoMeas1_ER_3_01_256	0.005403333323653503	-0.0023654497553087395	-0.2201128798478375	0.22011287984783756
Nuclei_Texture_InfoMeas1_ER_3_02_256	0.0037332828957765685	-0.0019426224839074813	-0.1812738242321154	0.18127382423211547
Nuclei_Texture_InfoMeas1_ER_3_03_256	0.0030051036332713332	-0.0018066277396090564	-0.16454508680649965	0.1645450868064997
Nuclei_Texture_InfoMeas1_Hoechst_3_00_256	0.014898548575286386	-0.002252666602491259	-0.28500652218159045	0.2850065221815905
Nuclei_Texture_InfoMeas1_Hoechst_3_01_256	0.01271031103446163	-0.002463431870863614	-0.2866368502142698	0.28663685021426993
Nuclei_Texture_InfoMeas1_Hoechst_3_02_256	0.01410914388042861	-0.001920789094595271	-0.2591063717037628	0.2591063717037629
Nuclei_Texture_InfoMeas1_Hoechst_3_03_256	0.012816270644277705	-0.00207892199110368	-0.26263345146381595	0.262633451463816
Nuclei_Texture_InfoMeas1_Mitochondria_3_00_256	0.004763275071558826	-0.001888273043018048	-0.20347020818409983	0.20347020818409992
Nuclei_Texture_InfoMeas1_Mitochondria_3_01_256	0.005570130666118889	-0.0020160104540624343	-0.21456372024563908	0.21456372024563913
Nuclei_Texture_InfoMeas1_Mitochondria_3_02_256	0.003266720726732286	-0.001333340905254988	-0.15549673062680044	0.1554967306268005
Nuclei_Texture_InfoMeas1_Mitochondria_3_03_256	0.001352961111063422	-0.0007502455928717923	-0.09388447552002843	0.09388447552002846
Nuclei_Texture_InfoMeas1_PM_3_00_256	0.0036673801563521513	0.0015762943442576215	0.08812243312756869	-0.08812243312756872
Nuclei_Texture_InfoMeas1_PM_3_01_256	0.002014795724847529	0.0011596817632272436	0.06334983060191873	-0.06334983060191875
Nuclei_Texture_InfoMeas1_PM_3_02_256	0.007079025793347293	0.0022479673607630982	0.13257691253078546	-0.1325769125307855
Nuclei_Texture_InfoMeas1_PM_3_03_256	0.00493168996490545	0.0018996179544595402	0.111346000511304	-0.11134600051130403
Nuclei_Texture_InfoMeas2_Hoechst_3_00_256	0.015301030099621249	0.0026333016557682216	0.3145917537574118	-0.31459175375741183
Nuclei_Texture_InfoMeas2_Hoechst_3_02_256	0.01482342270559145	0.00238609061361267	0.30000304501931785	-0.3000030450193179
Nuclei_Texture_InfoMeas2_PM_3_00_256	0.016437942108343484	-0.0038812708502254088	-0.2653300223760974	0.2653300223760975
Nuclei_Texture_InfoMeas2_PM_3_01_256	0.012491400212281678	-0.0033288735155660885	-0.2169094478147628	0.21690944781476285
Nuclei_Texture_InfoMeas2_PM_3_02_256	0.020495406273730365	-0.0043909931449195826	-0.3040686400739523	0.3040686400739524
Nuclei_Texture_InfoMeas2_PM_3_03_256	0.01715953363808498	-0.003958294436066644	-0.26527082369254373	0.26527082369254384
Nuclei_Texture_InverseDifferenceMoment_ER_3_01_256	0.005053543241549274	-0.001406172845756346	-0.17192817978329855	0.1719281797832986
Nuclei_Texture_InverseDifferenceMoment_ER_3_03_256	0.006386563839847592	-0.0017148052386588607	-0.20118852586049013	0.20118852586049019
Nuclei_Texture_InverseDifferenceMoment_Hoechst_3_02_256	0.009458073595659755	-0.003073608516828052	-0.2795836110193381	0.27958361101933815
Nuclei_Texture_InverseDifferenceMoment_Mitochondria_3_02_256	0.018196127972202936	-0.0015399694876630794	-0.25213357632577665	0.2521335763257767
Nuclei_Texture_InverseDifferenceMoment_PM_3_01_256	0.02465788699868454	0.004462793093677667	0.30191745007181814	-0.30191745007181825
Nuclei_Texture_InverseDifferenceMoment_PM_3_03_256	0.020563942225657716	0.004033691069161381	0.26805519072546763	-0.26805519072546774
Nuclei_Texture_SumVariance_ER_3_01_256	0.0014911133362337514	0.001365898968686735	0.12848481059722208	-0.12848481059722214
Nuclei_Texture_SumVariance_Hoechst_3_03_256	0.005524879896117052	0.002232322803739588	0.20999863151135673	-0.2099986315113568
Nuclei_Texture_SumVariance_Mitochondria_3_03_256	0.0008257456837902355	0.0007987072435975398	0.08069106889080101	-0.08069106889080103
Nuclei_Texture_SumVariance_PM_3_03_256	0.0004348958607388598	-0.000768580011421108	-0.05978069057532635	0.059780690575326374
