feature	r2_score	cell_count_coef	TGFRi_coef	drug_x_coef
Cytoplasm_AreaShape_Area	0.07623783174893373	-0.0007606252852829121	-0.1229284723353068	0.1229284723353068
Cytoplasm_AreaShape_Compactness	0.059820178575343275	3.278593766970567e-05	-0.2523708613059474	0.2523708613059474
Cytoplasm_AreaShape_Eccentricity	0.041729684554579816	-0.0005455359717022337	-0.09756287065862582	0.09756287065862583
Cytoplasm_AreaShape_FormFactor	0.07143154983234057	-9.080203837701e-05	0.2628358744751384	-0.2628358744751384
Cytoplasm_AreaShape_MajorAxisLength	0.15072736145053545	-0.0011839996581432507	-0.1737801673313847	0.1737801673313847
Cytoplasm_AreaShape_MinorAxisLength	0.029133858853931938	-0.0003641126506607415	-0.11313585230930756	0.11313585230930757
Cytoplasm_AreaShape_Orientation	0.0008877391643501431	-8.170339311281375e-05	0.020717916967950136	-0.020717916967950136
Cytoplasm_AreaShape_Zernike_0_0	0.03659291876274762	0.0002682564059211479	0.16095025634650909	-0.16095025634650909
Cytoplasm_AreaShape_Zernike_1_1	0.013440556089501676	0.00021895581626878816	0.08411680697660888	-0.08411680697660888
Cytoplasm_AreaShape_Zernike_2_0	0.002405187911636797	-0.0001409706570801596	0.030515226447741607	-0.03051522644774161
Cytoplasm_AreaShape_Zernike_2_2	0.007933410626941417	1.7217531562720054e-05	0.08615021190213441	-0.08615021190213441
Cytoplasm_AreaShape_Zernike_3_1	0.00821862382468408	0.00020857055189059157	0.056723075360152184	-0.05672307536015218
Cytoplasm_AreaShape_Zernike_3_3	0.015749195635270996	0.0001782007648267135	0.10379630158490424	-0.10379630158490424
Cytoplasm_AreaShape_Zernike_4_0	0.04429196015161074	0.00031281915536993956	0.16799410350737112	-0.16799410350737112
Cytoplasm_AreaShape_Zernike_4_2	0.0012297009082833377	-0.00011318349919636879	0.014283454623989066	-0.014283454623989066
Cytoplasm_AreaShape_Zernike_4_4	0.009119893019464809	-7.47524417787622e-05	0.09437134051345025	-0.09437134051345025
Cytoplasm_AreaShape_Zernike_5_1	0.03710867705867904	0.0003104946110352091	0.15249740190729624	-0.15249740190729624
Cytoplasm_AreaShape_Zernike_5_3	0.005440084772368792	0.00010896547421698682	0.06079326648544073	-0.060793266485440735
Cytoplasm_AreaShape_Zernike_6_0	0.023340126426644625	0.00021094294879496627	0.12117254360244184	-0.12117254360244185
Cytoplasm_AreaShape_Zernike_6_2	0.020986521331501695	0.00019526702853531167	0.12271596541782029	-0.1227159654178203
Cytoplasm_AreaShape_Zernike_6_4	0.0023318900498165984	-0.00016293987357582446	0.00878762098926516	-0.00878762098926516
Cytoplasm_AreaShape_Zernike_6_6	0.0062138418970695275	-9.216805122683426e-05	0.07631411996713956	-0.07631411996713958
Cytoplasm_AreaShape_Zernike_7_1	0.02379605977975019	0.00021742903353464397	0.12757207269072113	-0.12757207269072113
Cytoplasm_AreaShape_Zernike_7_3	0.011130961347812662	7.757751107849354e-05	0.09938518733292745	-0.09938518733292745
Cytoplasm_AreaShape_Zernike_7_5	0.0029885229094812615	5.213213675221447e-05	0.05070929525328942	-0.05070929525328942
Cytoplasm_AreaShape_Zernike_8_0	0.005670490601388134	0.0001506376137741693	0.050485546661642955	-0.05048554666164296
Cytoplasm_AreaShape_Zernike_8_2	0.013683822330684658	0.00015003979572294294	0.10059559229166826	-0.10059559229166826
Cytoplasm_AreaShape_Zernike_8_4	0.004221397336247934	0.00010530340796840712	0.052506983378521985	-0.052506983378521985
Cytoplasm_AreaShape_Zernike_8_6	0.0031214679893033503	-0.00018529804131982782	-0.004138958290776011	0.004138958290776011
Cytoplasm_AreaShape_Zernike_9_1	0.010291375941660297	8.017372607056976e-05	0.09470215463047796	-0.09470215463047796
Cytoplasm_AreaShape_Zernike_9_3	0.009539098329532814	0.00010175430038586763	0.0899836341457027	-0.0899836341457027
Cytoplasm_AreaShape_Zernike_9_5	0.005363207151256821	6.799409030275497e-05	0.06839049001766123	-0.06839049001766123
Cytoplasm_Correlation_Correlation_Hoechst_PM	0.024731165144970313	-0.00024205152482419419	-0.118992635642165	0.11899263564216501
Cytoplasm_Correlation_RWC_Hoechst_ER	0.0012816224076172	0.00010540630194827575	-0.023243089914788385	0.023243089914788385
Cytoplasm_Correlation_RWC_Hoechst_Mitochondria	0.051703881038475674	0.0007089056406885361	0.025131530030525123	-0.025131530030525127
Cytoplasm_Correlation_RWC_Hoechst_PM	0.022462063693731937	0.00027822708516985715	-0.11613685275092281	0.11613685275092281
Cytoplasm_Correlation_RWC_PM_ER	0.0038462606374067843	-0.00011101402854348953	0.06015465783846673	-0.060154657838466734
Cytoplasm_Correlation_RWC_PM_Mitochondria	0.06965935413057922	0.0008102780939240485	0.038988863118907875	-0.038988863118907875
Cytoplasm_Granularity_1_ER	0.048498449139137034	1.0043887350505938e-13	5.6314269527163044e-11	-5.631426952716304e-11
Cytoplasm_Granularity_1_Hoechst	0.04292998097391576	-0.00012774661268805657	-0.1979941501874769	0.19799415018747693
Cytoplasm_Granularity_1_Mitochondria	0.0007610521538865544	-7.519884916311386e-05	0.012254486738169503	-0.012254486738169505
Cytoplasm_Granularity_1_PM	0.030476951758645066	9.313565926083648e-05	0.15258163326965726	-0.15258163326965726
Cytoplasm_Intensity_IntegratedIntensityEdge_Hoechst	0.14873664936093445	0.00014635033780589337	0.3068578541805141	-0.3068578541805141
Cytoplasm_Intensity_IntegratedIntensity_Actin	0.09206883484725481	0.0005524191488471432	0.04537571222304912	-0.04537571222304912
Cytoplasm_Intensity_IntegratedIntensity_ER	0.07955706248059846	-2.62894517296398e-05	0.19310991283417062	-0.19310991283417062
Cytoplasm_Intensity_IntegratedIntensity_Hoechst	0.03943166808784593	-0.00031413094824148157	0.15740525942650135	-0.15740525942650135
Cytoplasm_Intensity_IntegratedIntensity_Mitochondria	0.051840760606917446	0.00035774962307632646	0.1345784336743386	-0.1345784336743386
Cytoplasm_Intensity_LowerQuartileIntensity_Actin	0.3530103900689926	0.0011979699398367537	0.21777604050900945	-0.21777604050900948
Cytoplasm_Intensity_LowerQuartileIntensity_ER	0.2035243516587536	0.000523173487727758	0.3476438867049943	-0.3476438867049943
Cytoplasm_Intensity_LowerQuartileIntensity_Hoechst	0.024151946866463714	0.000257073341787619	0.12362570004649609	-0.12362570004649609
Cytoplasm_Intensity_LowerQuartileIntensity_Mitochondria	0.2962204431073029	0.001193908784251783	0.3231590442030001	-0.3231590442030001
Cytoplasm_Intensity_MADIntensity_ER	0.2735691981692353	0.00028670516257731733	0.46084231539929243	-0.46084231539929243
Cytoplasm_Intensity_MADIntensity_Hoechst	0.07357745975387209	0.00042304606070023726	0.24547112049778408	-0.2454711204977841
Cytoplasm_Intensity_MADIntensity_Mitochondria	0.3032828393363779	0.0010931624984140452	0.40780690127182473	-0.40780690127182473
Cytoplasm_Intensity_MADIntensity_PM	0.24332744032016074	0.00039313404572852503	0.4527996462722783	-0.45279964627227837
Cytoplasm_Intensity_MassDisplacement_Hoechst	0.011152558689502712	-0.00036620163050844187	0.0011402908002036136	-0.0011402908002036136
Cytoplasm_Intensity_MassDisplacement_PM	0.02679029510981723	-0.00048132377890901755	-0.04770944895655119	0.04770944895655119
Cytoplasm_Intensity_MaxIntensity_ER	0.19780163930536143	0.000127242998255579	0.4296427291498742	-0.4296427291498743
Cytoplasm_Intensity_MaxIntensity_Hoechst	0.1097125997476287	-0.00031309124563271343	0.3524848808694978	-0.3524848808694978
Cytoplasm_Intensity_MaxIntensity_Mitochondria	0.15508510898237404	0.0006856490550448878	0.28617766118117427	-0.28617766118117427
Cytoplasm_Intensity_MaxIntensity_PM	0.13903013753739268	2.6819301178499968e-05	0.3597192463305452	-0.3597192463305452
Cytoplasm_Intensity_StdIntensityEdge_Hoechst	0.20247536357947138	-9.121407585311628e-05	0.4798302814867037	-0.47983028148670376
Cytoplasm_Intensity_StdIntensity_Hoechst	0.11792089927177729	9.0865884165976e-05	0.38014910444165917	-0.38014910444165917
Cytoplasm_Intensity_StdIntensity_Mitochondria	0.20379291136521238	0.0008244681087740075	0.35210964317279353	-0.35210964317279353
Cytoplasm_Intensity_StdIntensity_PM	0.1769739518800505	0.00013856933600440709	0.41673917529855087	-0.41673917529855087
Cytoplasm_RadialDistribution_FracAtD_Hoechst_1of4	0.0028849329901574627	-9.888280492481925e-05	0.05362773918707109	-0.053627739187071095
Cytoplasm_RadialDistribution_FracAtD_Hoechst_2of4	0.0043430917547037096	-0.00011735570454779126	0.06412683478141928	-0.06412683478141928
Cytoplasm_RadialDistribution_FracAtD_Hoechst_3of4	0.007499719448604614	-0.0001219548412118804	0.08181293892905474	-0.08181293892905474
Cytoplasm_RadialDistribution_FracAtD_Hoechst_4of4	0.006927593544181598	0.00012656463716671229	-0.07895498462995676	0.07895498462995677
Cytoplasm_RadialDistribution_MeanFrac_Hoechst_1of4	0.007870877417291866	-0.0003181573112016824	-0.013693379480869482	0.013693379480869482
Cytoplasm_RadialDistribution_MeanFrac_Hoechst_2of4	0.012128736693046371	-0.00039396492889631323	-0.016559839343989264	0.016559839343989264
Cytoplasm_RadialDistribution_MeanFrac_Hoechst_3of4	0.014716422118599026	-0.0004250898992916329	-0.0060310331910184995	0.0060310331910184995
Cytoplasm_RadialDistribution_MeanFrac_Hoechst_4of4	0.02247375778646843	0.0004541744925738223	0.06945682385315681	-0.06945682385315681
Cytoplasm_RadialDistribution_MeanFrac_PM_3of4	0.014298528557323609	-0.00039908716985807125	0.0230888836646981	-0.0230888836646981
Cytoplasm_RadialDistribution_MeanFrac_PM_4of4	0.009418615642272754	0.00031416120236707316	0.0019226552111571765	-0.0019226552111571765
Cytoplasm_RadialDistribution_RadialCV_Actin_2of4	0.0062168102885664656	0.0001365579209868274	-0.07404693202903126	0.07404693202903126
Cytoplasm_RadialDistribution_RadialCV_Actin_3of4	0.0030903666477321012	0.00011870476343052743	-0.04410441008042243	0.04410441008042243
Cytoplasm_RadialDistribution_RadialCV_Actin_4of4	0.021625816985692325	0.00034627646214708695	0.07987235016647093	-0.07987235016647093
Cytoplasm_RadialDistribution_RadialCV_ER_2of4	0.002861259216967005	-0.00010964441404305846	-0.03542466654979555	0.03542466654979555
Cytoplasm_RadialDistribution_RadialCV_ER_3of4	0.014279851097275698	-0.00030986311096020886	-0.0616351437815265	0.0616351437815265
Cytoplasm_RadialDistribution_RadialCV_ER_4of4	0.024924784035709413	-0.0004750851935980999	-0.05237342116944867	0.052373421169448674
Cytoplasm_RadialDistribution_RadialCV_Hoechst_2of4	0.021197933700848548	-8.09553259132176e-05	0.15921736723228644	-0.15921736723228644
Cytoplasm_RadialDistribution_RadialCV_Hoechst_3of4	0.03659010249772987	-8.504088564979951e-05	0.21428453197675618	-0.2142845319767562
Cytoplasm_RadialDistribution_RadialCV_Hoechst_4of4	0.010644437496569514	-1.392425577765652e-06	0.10653994672727563	-0.10653994672727563
Cytoplasm_RadialDistribution_RadialCV_Mitochondria_2of4	0.06983358740826673	-0.0009022158914468896	-0.0030086876021100393	0.0030086876021100393
Cytoplasm_RadialDistribution_RadialCV_Mitochondria_3of4	0.09726356904026523	-0.0010742112379423729	0.02088475399354985	-0.02088475399354985
Cytoplasm_RadialDistribution_RadialCV_Mitochondria_4of4	0.08607866848560686	-0.000969375865013978	0.07340587658405713	-0.07340587658405713
Cytoplasm_RadialDistribution_RadialCV_PM_2of4	0.009387691116630514	-0.00029461941435288927	0.02780413477084924	-0.027804134770849243
Cytoplasm_RadialDistribution_RadialCV_PM_3of4	0.01966371716966231	-0.00044836091491338997	0.02768234539035186	-0.02768234539035186
Cytoplasm_RadialDistribution_RadialCV_PM_4of4	0.01896690306797799	-0.0004353630112121472	-0.005668360280318523	0.005668360280318523
Cytoplasm_Texture_AngularSecondMoment_ER_3_00_256	0.2871721156937763	-0.0004984017949365045	-0.5506046149762167	0.5506046149762167
Cytoplasm_Texture_AngularSecondMoment_ER_3_01_256	0.252969280084302	-0.0004469103570877981	-0.5219702165152595	0.5219702165152595
Cytoplasm_Texture_AngularSecondMoment_ER_3_02_256	0.28481319079713197	-0.0005363197172136415	-0.5480065610297511	0.5480065610297511
Cytoplasm_Texture_AngularSecondMoment_ER_3_03_256	0.2628714501969621	-0.00042894804015153614	-0.5288378023104693	0.5288378023104693
Cytoplasm_Texture_AngularSecondMoment_Hoechst_3_01_256	0.23140279071556502	-0.0005979706665331173	-0.4474669988450114	0.44746699884501145
Cytoplasm_Texture_AngularSecondMoment_Mitochondria_3_00_256	0.24105983962491073	-0.001211790859848604	-0.3215119854154966	0.3215119854154966
Cytoplasm_Texture_AngularSecondMoment_Mitochondria_3_01_256	0.21420164039308065	-0.0011125105560715021	-0.30253576795809417	0.30253576795809417
Cytoplasm_Texture_AngularSecondMoment_Mitochondria_3_02_256	0.24464826634782344	-0.0012385896960508838	-0.3170360805734522	0.3170360805734522
Cytoplasm_Texture_AngularSecondMoment_Mitochondria_3_03_256	0.20346236950319474	-0.0010476167337058714	-0.30671288658808454	0.30671288658808454
Cytoplasm_Texture_AngularSecondMoment_PM_3_01_256	0.30157825666193727	-0.0007184531360399118	-0.5413258093884045	0.5413258093884045
Cytoplasm_Texture_Contrast_Actin_3_00_256	0.22610844285809872	0.0009061894620967914	0.14221582928464635	-0.14221582928464635
Cytoplasm_Texture_Contrast_ER_3_00_256	0.1461439212667911	1.8645678373171783e-05	0.3764045768191009	-0.3764045768191009
Cytoplasm_Texture_Contrast_ER_3_01_256	0.1430142002583059	5.9008886084650215e-05	0.3464689848252221	-0.3464689848252221
Cytoplasm_Texture_Contrast_ER_3_02_256	0.16269622846894682	9.742220188148106e-05	0.3861203644740152	-0.3861203644740152
Cytoplasm_Texture_Contrast_ER_3_03_256	0.1309015040017535	-3.913945774934744e-06	0.36774739296988823	-0.36774739296988823
Cytoplasm_Texture_Contrast_Hoechst_3_00_256	0.04343451697905354	-8.034220463549855e-05	0.23165905459566655	-0.23165905459566657
Cytoplasm_Texture_Contrast_Hoechst_3_01_256	0.040935777677647556	-6.741474018580843e-05	0.21865029352507148	-0.21865029352507145
Cytoplasm_Texture_Contrast_Hoechst_3_02_256	0.04011482052627946	-2.362599097588372e-05	0.22486928948342128	-0.22486928948342125
Cytoplasm_Texture_Contrast_Hoechst_3_03_256	0.04144375326334193	-6.519328721130008e-05	0.22995175137111967	-0.22995175137111967
Cytoplasm_Texture_Contrast_Mitochondria_3_00_256	0.09923299031865829	0.0005921784312387079	0.1846641145942985	-0.18466411459429852
Cytoplasm_Texture_Contrast_Mitochondria_3_01_256	0.09193737273222424	0.0005960089313062163	0.1785336059859326	-0.1785336059859326
Cytoplasm_Texture_Contrast_Mitochondria_3_02_256	0.09757900570508116	0.0006355931043993369	0.18965021782883296	-0.18965021782883296
Cytoplasm_Texture_Contrast_Mitochondria_3_03_256	0.08833521392054189	0.0005919835615755729	0.19138250971796883	-0.19138250971796883
Cytoplasm_Texture_Contrast_PM_3_00_256	0.07192883795397387	0.0001423800579154935	0.2699314028898563	-0.2699314028898563
Cytoplasm_Texture_Contrast_PM_3_01_256	0.06616303581068139	0.00015394184276839136	0.2534013854660919	-0.2534013854660919
Cytoplasm_Texture_Contrast_PM_3_02_256	0.0614651470035692	0.00018316179024590047	0.24851225256110948	-0.24851225256110948
Cytoplasm_Texture_Contrast_PM_3_03_256	0.0649929453908491	0.00011066680594891846	0.25897389329026776	-0.25897389329026776
Cytoplasm_Texture_Correlation_Actin_3_00_256	0.11087108918543576	0.0010359059924067856	0.14373894260859363	-0.14373894260859363
Cytoplasm_Texture_Correlation_Actin_3_01_256	0.06466606633621164	0.0006411880175174566	0.16514227064710077	-0.16514227064710077
Cytoplasm_Texture_Correlation_Actin_3_02_256	0.10609619452622476	0.0009664795486133058	0.16545960914029442	-0.16545960914029442
Cytoplasm_Texture_Correlation_Actin_3_03_256	0.0627120968878827	0.0007164247029028988	0.12732288818154627	-0.12732288818154627
Cytoplasm_Texture_Correlation_ER_3_00_256	0.02655028570072815	-0.00036681396021615064	0.13647453216360494	-0.13647453216360494
Cytoplasm_Texture_Correlation_ER_3_01_256	0.026534298115866495	-0.0004174208967387716	0.12073623379306139	-0.12073623379306139
Cytoplasm_Texture_Correlation_ER_3_02_256	0.029434131804831454	-0.00041503058765924287	0.13506200306393978	-0.13506200306393978
Cytoplasm_Texture_Correlation_ER_3_03_256	0.01624624050768364	-0.0003113647335935383	0.09596317953059619	-0.0959631795305962
Cytoplasm_Texture_Correlation_Hoechst_3_00_256	0.029822537177233266	-1.1333201113042906e-05	0.16977422316042792	-0.16977422316042792
Cytoplasm_Texture_Correlation_Hoechst_3_01_256	0.04353243562973219	2.179378085642684e-05	0.20831625561516348	-0.20831625561516345
Cytoplasm_Texture_Correlation_Hoechst_3_02_256	0.033858885015415674	-3.2046525210463016e-05	0.1797324013853523	-0.17973240138535232
Cytoplasm_Texture_Correlation_Hoechst_3_03_256	0.039224115786952396	9.325954781467314e-05	0.19306415850885356	-0.19306415850885356
Cytoplasm_Texture_Correlation_Mitochondria_3_00_256	0.03745774767295251	-3.573027592327613e-05	0.19050841312801614	-0.19050841312801614
Cytoplasm_Texture_Correlation_Mitochondria_3_01_256	0.035249755294387564	-9.368274297225554e-05	0.1849889925022335	-0.1849889925022335
Cytoplasm_Texture_Correlation_Mitochondria_3_02_256	0.037925849545261237	-9.92127409334269e-05	0.18773309774303015	-0.18773309774303015
Cytoplasm_Texture_Correlation_Mitochondria_3_03_256	0.0237171574170032	1.3074557521789124e-05	0.14948482666064394	-0.14948482666064397
Cytoplasm_Texture_Correlation_PM_3_00_256	0.024009483706979085	-0.00029931139024699354	0.12891951789281442	-0.12891951789281442
Cytoplasm_Texture_Correlation_PM_3_01_256	0.018471583470198172	-0.00031534875608224647	0.09996757541222498	-0.09996757541222498
Cytoplasm_Texture_Correlation_PM_3_02_256	0.027103697958929862	-0.00034695396133010097	0.1297082794762184	-0.1297082794762184
Cytoplasm_Texture_Correlation_PM_3_03_256	0.013448112969442927	-0.0002877724985769236	0.0813824511859823	-0.08138245118598231
Cytoplasm_Texture_DifferenceEntropy_ER_3_00_256	0.35355191464254765	0.0003233255868718294	0.5795926978761848	-0.5795926978761848
Cytoplasm_Texture_DifferenceEntropy_Hoechst_3_02_256	0.14258622335895055	0.00044371973657196545	0.36130440475873415	-0.36130440475873415
Cytoplasm_Texture_DifferenceEntropy_Mitochondria_3_00_256	0.24576619458227156	0.0008991484067532739	0.39083441315833156	-0.39083441315833156
Cytoplasm_Texture_DifferenceEntropy_Mitochondria_3_01_256	0.243479396217834	0.0008932863023425585	0.38727800268059254	-0.3872780026805926
Cytoplasm_Texture_DifferenceEntropy_Mitochondria_3_02_256	0.26084015734865507	0.0009817336235756714	0.3931895493818913	-0.3931895493818913
Cytoplasm_Texture_DifferenceEntropy_Mitochondria_3_03_256	0.23980674179078365	0.0008056601139327242	0.40853600144828084	-0.40853600144828084
Cytoplasm_Texture_DifferenceEntropy_PM_3_00_256	0.26561081193420366	0.00033234448029424544	0.51711585772891	-0.51711585772891
Cytoplasm_Texture_DifferenceEntropy_PM_3_02_256	0.27747542768993483	0.0004341925176201897	0.5222598042495755	-0.5222598042495756
Cytoplasm_Texture_DifferenceEntropy_PM_3_03_256	0.2649964238207255	0.00028749333830067805	0.5256940849448037	-0.5256940849448037
Cytoplasm_Texture_DifferenceVariance_Actin_3_01_256	0.4222449261560569	-0.0024932121922358976	-0.11041520556793083	0.11041520556793082
Cytoplasm_Texture_DifferenceVariance_ER_3_01_256	0.2805893926327947	-0.00030089441510723565	-0.5686376731882845	0.5686376731882845
Cytoplasm_Texture_DifferenceVariance_ER_3_03_256	0.2869378227251781	-0.0002614400047950284	-0.5803359024392742	0.5803359024392742
Cytoplasm_Texture_DifferenceVariance_Hoechst_3_02_256	0.24846573722095322	-1.8206786811965358e-05	-0.516912710476745	0.516912710476745
Cytoplasm_Texture_DifferenceVariance_Mitochondria_3_00_256	0.1616762783041238	-0.0006183785760913001	-0.3500611052792982	0.3500611052792982
Cytoplasm_Texture_DifferenceVariance_Mitochondria_3_01_256	0.14809158844938553	-0.000582577182095087	-0.3363980130368561	0.3363980130368561
Cytoplasm_Texture_DifferenceVariance_Mitochondria_3_02_256	0.1648708565161502	-0.0006563521196362836	-0.3527731158870192	0.3527731158870192
Cytoplasm_Texture_DifferenceVariance_Mitochondria_3_03_256	0.14639004641686504	-0.0005117058779857175	-0.350052850265877	0.350052850265877
Cytoplasm_Texture_DifferenceVariance_PM_3_03_256	0.2760741865374985	-0.0001042976088623056	-0.5718679914738521	0.5718679914738521
Cytoplasm_Texture_InfoMeas1_ER_3_00_256	0.0565137296236925	0.0006817275874863231	0.12041413032479409	-0.12041413032479409
Cytoplasm_Texture_InfoMeas1_ER_3_01_256	0.04853354555294631	0.0006735192008282309	0.08519711708217714	-0.08519711708217714
Cytoplasm_Texture_InfoMeas1_ER_3_02_256	0.07874482283319983	0.0008339832450840188	0.13242549583746077	-0.13242549583746077
Cytoplasm_Texture_InfoMeas1_ER_3_03_256	0.047678652296780255	0.0005597792948509264	0.13462126688276488	-0.13462126688276488
Cytoplasm_Texture_InfoMeas1_Hoechst_3_00_256	0.016564626714590136	0.0002483788790698254	-0.11497638871117799	0.11497638871117798
Cytoplasm_Texture_InfoMeas1_Hoechst_3_01_256	0.05242755553104661	0.00011564244286538495	-0.24016493183075838	0.24016493183075838
Cytoplasm_Texture_InfoMeas1_Hoechst_3_02_256	0.019217146199547175	0.00029799151804178124	-0.11691086791292662	0.11691086791292664
Cytoplasm_Texture_InfoMeas1_Hoechst_3_03_256	0.04401550683931221	8.510251519869679e-05	-0.22136989916953892	0.22136989916953895
Cytoplasm_Texture_InfoMeas1_Mitochondria_3_00_256	0.014877591640753973	0.0003081014834810627	-0.09464778990637537	0.09464778990637539
Cytoplasm_Texture_InfoMeas1_Mitochondria_3_01_256	0.01568195396437122	0.0002772605200429717	-0.10872416695059692	0.10872416695059692
Cytoplasm_Texture_InfoMeas1_Mitochondria_3_02_256	0.021356277562293857	0.0004602513108426088	-0.07760436458411031	0.07760436458411031
Cytoplasm_Texture_InfoMeas1_Mitochondria_3_03_256	0.0042205189754995764	0.00012754735333013077	-0.06013401286038568	0.06013401286038569
Cytoplasm_Texture_InfoMeas1_PM_3_00_256	0.04334075723559638	0.0005630874477295128	0.1062704427334811	-0.1062704427334811
Cytoplasm_Texture_InfoMeas1_PM_3_01_256	0.041115330318376775	0.0005233603984925343	0.11670036910576592	-0.11670036910576592
Cytoplasm_Texture_InfoMeas1_PM_3_02_256	0.0666558898725137	0.000709014243446287	0.12642497639536532	-0.12642497639536532
Cytoplasm_Texture_InfoMeas1_PM_3_03_256	0.047154399952617054	0.0004925263150280445	0.14871408783652718	-0.14871408783652718
Cytoplasm_Texture_InfoMeas2_ER_3_00_256	0.05935448236743668	-0.00032195621851082725	0.246404776223493	-0.246404776223493
Cytoplasm_Texture_InfoMeas2_ER_3_01_256	0.06689544037014616	-0.0003905719356685532	0.26201105815335873	-0.26201105815335873
Cytoplasm_Texture_InfoMeas2_ER_3_02_256	0.055482098349942	-0.0003681960006462344	0.23617184522411439	-0.23617184522411436
Cytoplasm_Texture_InfoMeas2_ER_3_03_256	0.05472910061536207	-0.0003208639693865755	0.23422970786830677	-0.23422970786830677
Cytoplasm_Texture_InfoMeas2_Hoechst_3_00_256	0.26253610503486136	0.0002879236413786692	0.5214863599514249	-0.5214863599514249
Cytoplasm_Texture_InfoMeas2_Hoechst_3_01_256	0.26512527743429815	0.0002780672739608633	0.5355655176693586	-0.5355655176693586
Cytoplasm_Texture_InfoMeas2_Hoechst_3_02_256	0.26792320299908967	0.0002698513486483785	0.5240602696961241	-0.5240602696961241
Cytoplasm_Texture_InfoMeas2_Hoechst_3_03_256	0.2566202431786063	0.00030926881084618096	0.5229940995032316	-0.5229940995032316
Cytoplasm_Texture_InfoMeas2_Mitochondria_3_00_256	0.08552783135665054	0.00023676936501145884	0.2664669630261981	-0.2664669630261981
Cytoplasm_Texture_InfoMeas2_Mitochondria_3_01_256	0.09867694145769934	0.00023808475078929896	0.29615330115620053	-0.29615330115620053
Cytoplasm_Texture_InfoMeas2_Mitochondria_3_02_256	0.0756167317156552	0.00016691298369785515	0.2552089561809632	-0.2552089561809632
Cytoplasm_Texture_InfoMeas2_Mitochondria_3_03_256	0.0873554528245728	0.0003428511355784963	0.2623296994947633	-0.2623296994947633
Cytoplasm_Texture_InfoMeas2_PM_3_00_256	0.06783910290758433	-0.0001848919005019423	0.2438658004978791	-0.24386580049787906
Cytoplasm_Texture_InfoMeas2_PM_3_01_256	0.06329645795485028	-0.0002035245208901549	0.2379433695362695	-0.23794336953626946
Cytoplasm_Texture_InfoMeas2_PM_3_02_256	0.06536686934810065	-0.00020995076051891884	0.23571196873208533	-0.23571196873208536
Cytoplasm_Texture_InfoMeas2_PM_3_03_256	0.050038216769454746	-0.0001801928471053909	0.21314632371333758	-0.21314632371333755
Cytoplasm_Texture_InverseDifferenceMoment_Actin_3_02_256	0.425624149091395	-0.002095170138263452	-0.11404003928951581	0.11404003928951582
Cytoplasm_Texture_InverseDifferenceMoment_ER_3_00_256	0.386503336695623	-0.00048210238316504915	-0.5915365843260829	0.5915365843260829
Cytoplasm_Texture_InverseDifferenceMoment_ER_3_01_256	0.38585632456943775	-0.0005086302074225823	-0.5915145868930469	0.5915145868930469
Cytoplasm_Texture_InverseDifferenceMoment_ER_3_02_256	0.40227480601982635	-0.0005806646888459829	-0.5973720417399709	0.5973720417399709
Cytoplasm_Texture_InverseDifferenceMoment_ER_3_03_256	0.3893734284195389	-0.00044640963092432856	-0.6128404409028636	0.6128404409028636
Cytoplasm_Texture_InverseDifferenceMoment_Hoechst_3_02_256	0.07232768104263176	-0.00044258987394819356	-0.22086954256161845	0.22086954256161848
Cytoplasm_Texture_InverseDifferenceMoment_Mitochondria_3_00_256	0.31348263141927124	-0.0011667417257541282	-0.41526724864243847	0.41526724864243847
Cytoplasm_Texture_InverseDifferenceMoment_Mitochondria_3_01_256	0.3216587097745105	-0.0012119697976694732	-0.4184650348652105	0.4184650348652105
Cytoplasm_Texture_InverseDifferenceMoment_Mitochondria_3_02_256	0.3325576345262753	-0.0012753131216977913	-0.41262413357296646	0.41262413357296646
Cytoplasm_Texture_InverseDifferenceMoment_Mitochondria_3_03_256	0.31084017168191735	-0.0010930638766870773	-0.44707260894168266	0.44707260894168266
Cytoplasm_Texture_InverseDifferenceMoment_PM_3_00_256	0.2962748618145915	-0.0005406505108933879	-0.5336667975649779	0.533666797564978
Cytoplasm_Texture_InverseDifferenceMoment_PM_3_01_256	0.31068129880061857	-0.0005793275516244404	-0.5451930065738279	0.5451930065738279
Cytoplasm_Texture_InverseDifferenceMoment_PM_3_02_256	0.3096953852598636	-0.0006618434712873072	-0.5377001107329278	0.5377001107329278
Cytoplasm_Texture_InverseDifferenceMoment_PM_3_03_256	0.3029743847754047	-0.000521705124116099	-0.5534727929764407	0.5534727929764407
Cytoplasm_Texture_SumEntropy_ER_3_01_256	0.31238391207325145	0.00022857842814456308	0.5322458789011684	-0.5322458789011684
Cytoplasm_Texture_SumEntropy_PM_3_01_256	0.3074303806235419	0.000367232355682311	0.538393485357664	-0.538393485357664
Cytoplasm_Texture_SumVariance_ER_3_01_256	0.10514724393866803	3.0064637649791545e-05	0.3127864432585342	-0.3127864432585343
Cytoplasm_Texture_SumVariance_Hoechst_3_00_256	0.028168213709272916	-0.00017907523229029142	0.19107466694191683	-0.19107466694191683
Cytoplasm_Texture_SumVariance_Mitochondria_3_03_256	0.07147370828876887	0.0005758072260930644	0.18777868612690396	-0.18777868612690396
Cytoplasm_Texture_SumVariance_PM_3_01_256	0.044204345573931825	4.930494985912382e-05	0.2230558755567298	-0.2230558755567298
Cells_AreaShape_Compactness	0.06668732259585353	-0.00044242853448324903	-0.2214098040884553	0.2214098040884553
Cells_AreaShape_Extent	0.06419325466767645	0.0006770453405580585	0.13819916829155623	-0.13819916829155623
Cells_AreaShape_FormFactor	0.07864537581853026	0.00043013550610654757	0.22729659640925642	-0.22729659640925642
Cells_AreaShape_Orientation	0.0006437930372422684	-7.47060615102227e-05	0.015466998398804648	-0.015466998398804648
Cells_AreaShape_Solidity	0.06119554026436158	0.0005482286302101419	0.17254043289752263	-0.17254043289752263
Cells_AreaShape_Zernike_0_0	0.07637368464805339	0.0007393383323987644	0.14382549403650666	-0.14382549403650666
Cells_AreaShape_Zernike_1_1	0.024405838344604303	0.0003887445196186599	0.0881596957074816	-0.0881596957074816
Cells_AreaShape_Zernike_2_0	0.07503474523474263	0.0007709931032273637	0.13580504515628072	-0.13580504515628072
Cells_AreaShape_Zernike_2_2	0.011233403912289663	0.00031536450369997013	0.037473790959423735	-0.037473790959423735
Cells_AreaShape_Zernike_3_1	0.0010354286538615254	0.0001053378444276444	0.0024136886868894127	-0.0024136886868894127
Cells_AreaShape_Zernike_3_3	0.0182874319369839	0.0002709187177241644	0.09469862274195576	-0.09469862274195576
Cells_AreaShape_Zernike_4_0	0.0036009141025685754	-5.554299851607158e-05	-0.054727531049217015	0.05472753104921701
Cells_AreaShape_Zernike_4_2	2.2945231270221633e-05	-1.545319332442467e-05	-0.0006118196294364139	0.000611819629436414
Cells_AreaShape_Zernike_4_4	0.006942049392022143	0.00013378072668148225	0.06823525875951836	-0.06823525875951837
Cells_AreaShape_Zernike_5_1	0.00028577241169691625	-2.8461011858705774e-05	-0.013722567078356208	0.013722567078356208
Cells_AreaShape_Zernike_5_3	0.001552182924054013	5.503898916974542e-05	0.03343205038359606	-0.03343205038359606
Cells_AreaShape_Zernike_5_5	0.010894527417889766	0.00017332508897868778	0.08256003981754088	-0.08256003981754088
Cells_AreaShape_Zernike_6_0	0.0014281328806868832	-0.00010993192210749326	-0.014951462081697415	0.014951462081697413
Cells_AreaShape_Zernike_6_2	0.0015416773258603023	7.326229938357184e-05	-0.035087315649905686	0.035087315649905686
Cells_AreaShape_Zernike_6_4	0.004207285129033234	-0.00018048678354583048	-0.02940939958992405	0.029409399589924053
Cells_AreaShape_Zernike_6_6	0.0045267643554740555	4.633272857510727e-05	0.06342303369546572	-0.06342303369546572
Cells_AreaShape_Zernike_7_1	0.00021055972948436086	-4.785951090017223e-05	-0.0008705366837503633	0.0008705366837503634
Cells_AreaShape_Zernike_7_3	0.00019208452865926429	-4.187508798881931e-05	-0.004272659419651655	0.004272659419651655
Cells_AreaShape_Zernike_7_5	0.0010468529026369522	4.1700005905350975e-06	0.03239105967866467	-0.03239105967866467
Cells_AreaShape_Zernike_7_7	0.007195873147741505	9.893935871960278e-05	0.07520744554567915	-0.07520744554567915
Cells_AreaShape_Zernike_8_0	0.0006995321146364697	-4.767285508543586e-05	-0.020460430589666023	0.020460430589666023
Cells_AreaShape_Zernike_8_2	0.0011631530587123962	-6.591282880663967e-05	-0.025179739947544133	0.025179739947544136
Cells_AreaShape_Zernike_8_4	0.0004825373287058454	4.565802108804047e-05	-0.018989270496838736	0.018989270496838736
Cells_AreaShape_Zernike_8_6	0.005046284669718348	-0.0001616104124781456	-0.04631756665988768	0.04631756665988768
Cells_AreaShape_Zernike_8_8	0.004963681454726032	-2.9331971823768178e-05	0.07003954336816778	-0.07003954336816778
Cells_AreaShape_Zernike_9_1	0.0003389503181218112	-3.868525837894666e-05	-0.013154582380988045	0.013154582380988045
Cells_AreaShape_Zernike_9_3	2.1697641685913815e-05	-1.26610761822267e-05	-0.00232735556760483	0.0023273555676048305
Cells_AreaShape_Zernike_9_5	6.325276287755255e-05	-4.833637601325023e-06	0.008009582804491266	-0.008009582804491266
Cells_AreaShape_Zernike_9_7	0.000311860167288569	-5.835446316818296e-05	0.0065453500780183246	-0.0065453500780183246
Cells_AreaShape_Zernike_9_9	0.009570704768143257	0.0001260922460648666	0.08579699457598557	-0.08579699457598557
Cells_Correlation_Correlation_ER_Hoechst	0.0822246731927615	-0.0009503855536527054	-0.005934916160811713	0.005934916160811713
Cells_Correlation_Correlation_ER_PM	0.09025868866569486	-0.0009555420662278151	0.14996418710256088	-0.14996418710256088
Cells_Correlation_Correlation_Hoechst_PM	0.11880904140985682	-0.0002707688803330078	-0.26495369445081784	0.26495369445081784
Cells_Correlation_K_Hoechst_PM	0.012465094133150889	0.0003125023476386191	0.03298709374511208	-0.03298709374511208
Cells_Correlation_Overlap_Hoechst_PM	0.08203421209234119	-0.0002580717843928329	-0.22244888953404168	0.2224488895340417
Cells_Correlation_RWC_ER_PM	0.05293115187913855	0.00047106807971100234	0.1571735420577421	-0.1571735420577421
Cells_Correlation_RWC_Hoechst_ER	0.02233119679036688	-3.036506124063533e-05	0.13756923797412254	-0.13756923797412254
Cells_Correlation_RWC_Hoechst_PM	0.062012446535056776	0.000847600150459219	-0.0838523775117943	0.0838523775117943
Cells_Correlation_RWC_PM_Actin	0.2481214445743537	0.0009887328582522943	0.3985293514538998	-0.3985293514538998
Cells_Correlation_RWC_PM_ER	0.03331696896874059	-0.00037254722015503833	0.14817496138811112	-0.14817496138811112
Cells_Correlation_RWC_PM_Mitochondria	0.06409104850831593	0.0005421165106403733	0.14568721765583165	-0.14568721765583165
Cells_Granularity_1_ER	0.05411314933703737	7.9465709620016e-05	0.05063856553103066	-0.05063856553103066
Cells_Granularity_1_Hoechst	0.038052272862869274	-0.0002452118032111035	-0.15290612967497047	0.15290612967497047
Cells_Granularity_2_Hoechst	0.0288911376405111	-0.00021672799134427818	0.18679505910730415	-0.18679505910730415
Cells_Intensity_IntegratedIntensityEdge_Actin	0.22363109894762412	0.000908029198408904	0.07131252862700874	-0.07131252862700874
Cells_Intensity_IntegratedIntensityEdge_ER	0.1737640217770665	0.0004398352818412569	0.2385822071522254	-0.23858220715222536
Cells_Intensity_IntegratedIntensityEdge_Hoechst	0.049459679091613085	0.0003597545640320793	0.12709277977235847	-0.1270927797723585
Cells_Intensity_IntegratedIntensityEdge_Mitochondria	0.2154731843657146	0.0010718353356485306	0.1920374123947119	-0.1920374123947119
Cells_Intensity_IntegratedIntensityEdge_PM	0.1377597493485221	0.0005079245578386555	0.254335622128909	-0.254335622128909
Cells_Intensity_IntegratedIntensity_Hoechst	0.04626835553162967	-3.301305364777793e-06	0.19460520730395225	-0.19460520730395225
Cells_Intensity_LowerQuartileIntensity_PM	0.1637997813322719	0.0006333268486516954	0.31032003895186605	-0.31032003895186605
Cells_Intensity_MADIntensity_Hoechst	0.07361575932601938	0.0005614587926726989	0.21010973990751902	-0.21010973990751905
Cells_Intensity_MADIntensity_PM	0.2212788124687196	0.0005083074750707207	0.42646748549286406	-0.4264674854928641
Cells_Intensity_MassDisplacement_Hoechst	0.03753310369936258	-0.0005076721302104885	-0.11276166283491498	0.11276166283491498
Cells_Intensity_MaxIntensityEdge_ER	0.2190588649704428	0.0004343982360603327	0.409044621503834	-0.409044621503834
Cells_Intensity_MaxIntensityEdge_Hoechst	0.08640735668079669	0.00027405786337047653	0.2974842816769239	-0.2974842816769239
Cells_Intensity_MaxIntensityEdge_Mitochondria	0.21893605101885527	0.0010060765797707896	0.2957341276651852	-0.2957341276651852
Cells_Intensity_MaxIntensityEdge_PM	0.17286432027494947	0.0004182216432149197	0.369804809943846	-0.369804809943846
Cells_Intensity_MaxIntensity_Hoechst	0.15865445963481217	-0.00032421335834368443	0.413351134764674	-0.41335113476467406
Cells_Intensity_MedianIntensity_Hoechst	0.030268659084449645	0.0004377717551386785	0.10370398198640829	-0.1037039819864083
Cells_Intensity_StdIntensityEdge_Mitochondria	0.264200169221502	0.0011191147225756836	0.3530590667230947	-0.3530590667230947
Cells_Intensity_StdIntensityEdge_PM	0.207857341327219	0.0005265312244975063	0.40246550274187887	-0.40246550274187887
Cells_Intensity_UpperQuartileIntensity_Hoechst	0.11147396562984146	0.0007592232727198405	0.2352666644201959	-0.23526666442019592
Cells_Neighbors_AngleBetweenNeighbors_Adjacent	0.0074526920549101705	0.00025573758983564676	-0.05388496515038106	0.053884965150381055
Cells_Neighbors_FirstClosestDistance_Adjacent	0.15211861938166893	-0.0012446076147405647	-0.11955111592134604	0.11955111592134605
Cells_Neighbors_PercentTouching_Adjacent	0.142627820977552	0.0005522189676248228	0.30618506025027864	-0.30618506025027864
Cells_Neighbors_SecondClosestDistance_Adjacent	0.18331245713559363	-0.0014046100098966542	-0.10864262317599224	0.10864262317599226
Cells_RadialDistribution_FracAtD_ER_3of4	0.028628876522027835	-0.00013028344139600346	0.16744853261678172	-0.16744853261678175
Cells_RadialDistribution_FracAtD_ER_4of4	0.023345016467758106	0.00011054049396922786	-0.15298158239905163	0.15298158239905163
Cells_RadialDistribution_FracAtD_Hoechst_1of4	0.014635988255240706	8.03309010575089e-05	0.11912911405835802	-0.11912911405835802
Cells_RadialDistribution_FracAtD_Hoechst_2of4	0.020842405508923578	9.654812527467324e-05	0.14401588267990273	-0.14401588267990273
Cells_RadialDistribution_FracAtD_Hoechst_3of4	0.007744559543203189	9.645152776557952e-05	0.08547941327810638	-0.08547941327810638
Cells_RadialDistribution_FracAtD_Hoechst_4of4	0.023427495287853373	-0.00012202340704492834	-0.15121482250477716	0.15121482250477716
Cells_RadialDistribution_FracAtD_PM_1of4	0.013386058024810965	0.00021262088968377474	0.09213646658021665	-0.09213646658021665
Cells_RadialDistribution_FracAtD_PM_3of4	0.016189559717583513	0.00022176848437609079	0.10712153054396345	-0.10712153054396346
Cells_RadialDistribution_FracAtD_PM_4of4	0.020156640309081153	-0.0002594522972988419	-0.1144092633183322	0.11440926331833222
Cells_RadialDistribution_MeanFrac_ER_4of4	0.06610088548702531	0.0007365460519554555	0.027260040042381577	-0.02726004004238158
Cells_RadialDistribution_MeanFrac_Hoechst_1of4	0.006287725144058509	-0.00029259226688417247	0.014273725797002704	-0.014273725797002706
Cells_RadialDistribution_MeanFrac_Hoechst_2of4	0.011910218883937729	-0.000400997295204864	-0.007887250893581952	0.007887250893581952
Cells_RadialDistribution_MeanFrac_Hoechst_3of4	0.025224076943610063	-0.0004316741087003156	-0.10150222198607739	0.10150222198607739
Cells_RadialDistribution_MeanFrac_Hoechst_4of4	0.00870885148945888	0.00017637698222943787	-0.08985371483787188	0.08985371483787188
Cells_RadialDistribution_MeanFrac_PM_1of4	0.015135989221925161	-0.0003514055039009111	-0.07269018718943396	0.07269018718943396
Cells_RadialDistribution_MeanFrac_PM_3of4	0.0522221018459732	-0.000574352239618189	-0.16525805087164783	0.16525805087164783
Cells_RadialDistribution_MeanFrac_PM_4of4	0.015481209464457635	0.0003548626279761653	0.06469786773212372	-0.06469786773212373
Cells_RadialDistribution_RadialCV_Actin_1of4	0.0449441584249356	0.0004954861147406952	-0.12471945539535662	0.1247194553953566
Cells_RadialDistribution_RadialCV_Actin_2of4	0.0536768466846389	0.0006170290669424474	-0.12279494689658235	0.12279494689658235
Cells_RadialDistribution_RadialCV_Actin_3of4	0.050895744032234735	0.0006340170621686129	-0.12254138452113833	0.12254138452113833
Cells_RadialDistribution_RadialCV_Actin_4of4	0.0356230067817187	0.0005842006042086506	-0.013083289924374832	0.013083289924374833
Cells_RadialDistribution_RadialCV_ER_1of4	0.002563455736045328	6.612672854015722e-05	0.03150538593454834	-0.03150538593454834
Cells_RadialDistribution_RadialCV_ER_2of4	0.001926794361077011	-5.508781944904827e-05	0.036358013764855	-0.036358013764855
Cells_RadialDistribution_RadialCV_ER_3of4	0.007906664919401063	-0.00026961049350078043	0.017562462609039563	-0.017562462609039563
Cells_RadialDistribution_RadialCV_ER_4of4	0.020523964506031334	-0.00047152485896013687	-0.006989833372479326	0.006989833372479325
Cells_RadialDistribution_RadialCV_Hoechst_1of4	0.010806591117755171	-0.0003221185304665095	0.06655717859167326	-0.06655717859167326
Cells_RadialDistribution_RadialCV_Hoechst_2of4	0.020065580901126756	-0.00047892176919755346	0.06967858056868452	-0.06967858056868452
Cells_RadialDistribution_RadialCV_Hoechst_3of4	0.02456432020290944	-0.0005594111217549374	0.025995699953070175	-0.025995699953070175
Cells_RadialDistribution_RadialCV_Hoechst_4of4	0.0038113225467906187	-0.00021440756153405695	0.0021491980695636744	-0.002149198069563675
Cells_RadialDistribution_RadialCV_Mitochondria_1of4	0.030806703046276307	-0.0005067593622809669	0.000732796486223245	-0.000732796486223245
Cells_RadialDistribution_RadialCV_Mitochondria_2of4	0.05377715794736815	-0.0007350286363233349	0.03846509216012351	-0.03846509216012351
Cells_RadialDistribution_RadialCV_Mitochondria_3of4	0.0783493201838924	-0.0008977419876949331	0.05899709636088003	-0.05899709636088003
Cells_RadialDistribution_RadialCV_Mitochondria_4of4	0.06497299869467976	-0.0008043389263808831	0.08471317047504538	-0.0847131704750454
Cells_RadialDistribution_RadialCV_PM_1of4	0.01170603313468821	-0.00036655819408265653	-0.00036355522402686726	0.00036355522402686726
Cells_RadialDistribution_RadialCV_PM_2of4	0.03499987456459486	-0.0006407010372209904	-0.03369459235226819	0.03369459235226819
Cells_RadialDistribution_RadialCV_PM_3of4	0.05338451668231459	-0.0007174453124390503	-0.09200454640490455	0.09200454640490456
Cells_RadialDistribution_RadialCV_PM_4of4	0.032567188887828724	-0.0005157813999146454	-0.07875228382515155	0.07875228382515155
Cells_Texture_AngularSecondMoment_ER_3_03_256	0.28476125512871553	-0.0001853978721544876	-0.594517670247876	0.594517670247876
Cells_Texture_AngularSecondMoment_Hoechst_3_01_256	0.15403130197307546	-0.0009628033355096014	-0.2535258497391155	0.2535258497391155
Cells_Texture_AngularSecondMoment_Mitochondria_3_03_256	0.1734410104280535	-0.0006587204144830381	-0.3730966400424741	0.3730966400424741
Cells_Texture_AngularSecondMoment_PM_3_01_256	0.32268234800945217	-0.0012170314812230331	-0.5171315179791147	0.5171315179791147
Cells_Texture_Contrast_Hoechst_3_00_256	0.05743593905864175	-1.710590994239358e-05	0.24775748327934616	-0.24775748327934619
Cells_Texture_Contrast_Hoechst_3_02_256	0.058317398015489075	3.1973738845783986e-05	0.24676105674279136	-0.24676105674279136
Cells_Texture_Contrast_Mitochondria_3_03_256	0.10364449746573856	0.0006781870537942991	0.231138545400902	-0.231138545400902
Cells_Texture_Contrast_PM_3_01_256	0.08806829154761187	0.0001900077046071793	0.29460120211644497	-0.29460120211644497
Cells_Texture_Contrast_PM_3_03_256	0.08202666160243544	0.00014599893409136488	0.29590313972684196	-0.29590313972684196
Cells_Texture_Correlation_Actin_3_00_256	0.17206463637794966	0.0014507124250374781	0.12350597141077022	-0.12350597141077022
Cells_Texture_Correlation_Actin_3_01_256	0.10555575596514832	0.0010623773907762677	0.12734877023142077	-0.1273487702314208
Cells_Texture_Correlation_Actin_3_02_256	0.16303856689920548	0.0013655894430482818	0.14201506463070815	-0.14201506463070815
Cells_Texture_Correlation_Actin_3_03_256	0.10965224933761397	0.0011409857558058898	0.08823997620771137	-0.08823997620771139
Cells_Texture_Correlation_ER_3_00_256	0.049021536662743004	-0.00041110398498280713	0.1884961867298669	-0.1884961867298669
Cells_Texture_Correlation_ER_3_01_256	0.044324029077840055	-0.0004506112752892078	0.16861809650294202	-0.16861809650294202
Cells_Texture_Correlation_ER_3_03_256	0.031169418464763288	-0.00037491104088788457	0.14265927167053208	-0.14265927167053208
Cells_Texture_Correlation_Hoechst_3_03_256	0.0019944003077666528	-0.00012020046430337631	0.02958247384604469	-0.02958247384604469
Cells_Texture_Correlation_Mitochondria_3_00_256	0.07186708437071276	9.520216319809088e-06	0.26642987255212586	-0.26642987255212586
Cells_Texture_Correlation_Mitochondria_3_01_256	0.06448923381144	-4.5740191968730204e-05	0.25561180433732356	-0.25561180433732356
Cells_Texture_Correlation_Mitochondria_3_02_256	0.07351667608858325	-6.53984024746253e-05	0.26850957432441336	-0.26850957432441336
Cells_Texture_Correlation_Mitochondria_3_03_256	0.05154663883698518	7.74869116262019e-05	0.21901261926006205	-0.21901261926006207
Cells_Texture_Correlation_PM_3_01_256	0.013586964453551786	-0.00034391543510559796	-0.047606485754695615	0.047606485754695615
Cells_Texture_Correlation_PM_3_03_256	0.011784826752250566	-0.00028992920707503704	-0.06014077538190374	0.060140775381903745
Cells_Texture_DifferenceEntropy_Hoechst_3_02_256	0.1074233266222665	0.0004966263429580865	0.28142148398637584	-0.28142148398637584
Cells_Texture_DifferenceEntropy_PM_3_01_256	0.25566135397467693	0.0004874020385217738	0.5052772389349671	-0.5052772389349671
Cells_Texture_DifferenceEntropy_PM_3_03_256	0.259401862860309	0.0004363073269712456	0.5218221514395882	-0.5218221514395882
Cells_Texture_DifferenceVariance_Hoechst_3_01_256	0.1425662831099297	-0.00012475572579912013	-0.3650298390057931	0.3650298390057931
Cells_Texture_DifferenceVariance_Mitochondria_3_03_256	0.15966841369099627	-0.0004243576680548288	-0.3882603901991528	0.3882603901991528
Cells_Texture_DifferenceVariance_PM_3_03_256	0.29498999385713165	-0.00040571370891992	-0.5968837401907513	0.5968837401907513
Cells_Texture_InfoMeas1_ER_3_00_256	0.09287955246441626	0.000848161187138608	0.1702966382669485	-0.1702966382669485
Cells_Texture_InfoMeas1_ER_3_01_256	0.08142544301182997	0.0008572457129005861	0.13677621123190314	-0.13677621123190314
Cells_Texture_InfoMeas1_ER_3_03_256	0.08116433983203752	0.0007644569326718554	0.17740515642029658	-0.1774051564202966
Cells_Texture_InfoMeas1_Hoechst_3_03_256	0.013443900446575952	0.0003281160059979602	0.04336722035933075	-0.04336722035933075
Cells_Texture_InfoMeas1_Mitochondria_3_00_256	0.026456132670385157	0.0005027632381949621	-0.10209138217205418	0.10209138217205418
Cells_Texture_InfoMeas1_Mitochondria_3_01_256	0.029741434273852008	0.0005097489635486421	-0.12038653857007067	0.12038653857007067
Cells_Texture_InfoMeas1_Mitochondria_3_02_256	0.042974457392091825	0.0006995451770117412	-0.09222901441069908	0.09222901441069908
Cells_Texture_InfoMeas1_Mitochondria_3_03_256	0.010644767942402877	0.00033282044742741977	-0.05837242405671887	0.058372424056718865
Cells_Texture_InfoMeas1_PM_3_00_256	0.0905385272241469	0.0005495845774178114	0.2527627872272192	-0.2527627872272192
Cells_Texture_InfoMeas1_PM_3_01_256	0.09223765520159266	0.0005776663985992803	0.24853846292909232	-0.2485384629290923
Cells_Texture_InfoMeas1_PM_3_02_256	0.10515211198276675	0.0006839217989274865	0.25243738675420413	-0.25243738675420413
Cells_Texture_InfoMeas1_PM_3_03_256	0.09560835425136938	0.0004939335768228652	0.2766694134088779	-0.2766694134088779
Cells_Texture_InfoMeas2_Hoechst_3_02_256	0.037915130543678344	0.00012447864677824486	0.18463232017550268	-0.18463232017550268
Cells_Texture_InverseDifferenceMoment_Hoechst_3_01_256	0.09156025603689377	-0.000635957558296995	-0.21169229468520656	0.21169229468520656
Cells_Texture_InverseDifferenceMoment_Mitochondria_3_00_256	0.32887559437134206	-0.00106577799171953	-0.4653704895781713	0.4653704895781713
Cells_Texture_InverseDifferenceMoment_Mitochondria_3_02_256	0.3445614765771907	-0.0011547977892990846	-0.46571554850986996	0.46571554850987
Cells_Texture_SumVariance_PM_3_01_256	0.05131750269922308	3.9743117085173726e-05	0.23485536577978405	-0.23485536577978408
Cells_Texture_Variance_Hoechst_3_00_256	0.09131220923703876	-1.9862534630818207e-05	0.3221274497262184	-0.3221274497262184
Nuclei_AreaShape_Compactness	0.02970430498945864	0.0003670375771798879	0.13690011047086623	-0.13690011047086623
Nuclei_AreaShape_Eccentricity	0.011399618533114664	0.0003356374517873815	0.03813748917561109	-0.03813748917561109
Nuclei_AreaShape_Extent	0.03972952787483408	-0.00042400289216273576	-0.15160054841973128	0.1516005484197313
Nuclei_AreaShape_FormFactor	0.05555924533932277	-0.0005403085463941725	-0.17112191630315757	0.17112191630315757
Nuclei_AreaShape_Orientation	0.0011883807491612774	-8.117327060856579e-05	0.027977150925126502	-0.027977150925126506
Nuclei_AreaShape_Solidity	0.05149119109432043	-0.000271124748831454	-0.21413741319414625	0.21413741319414623
Nuclei_AreaShape_Zernike_0_0	0.02972770993464069	-0.00046846712245774704	-0.10318720846949178	0.10318720846949178
Nuclei_AreaShape_Zernike_1_1	0.010234561044031532	5.629692225502443e-05	0.09599897722525269	-0.09599897722525269
Nuclei_AreaShape_Zernike_2_0	0.01526791745412348	0.0004264269957302757	1.297507699927903e-05	-1.297507699927903e-05
Nuclei_AreaShape_Zernike_2_2	0.0024295120313998497	0.00015374921954046565	-0.027647960751326417	0.027647960751326417
Nuclei_AreaShape_Zernike_3_1	0.018519500820429413	0.00012243938034873383	0.1286335421376552	-0.1286335421376552
Nuclei_AreaShape_Zernike_3_3	0.024787170083086063	0.00013737225868380994	0.14992263848905074	-0.14992263848905074
Nuclei_AreaShape_Zernike_4_0	0.018050976516924888	-0.00032387259118533496	-0.08547877680312194	0.08547877680312194
Nuclei_AreaShape_Zernike_4_2	0.008134627557781937	0.00010702427921498582	0.08777980510625234	-0.08777980510625234
Nuclei_AreaShape_Zernike_4_4	0.017582375768374736	0.00033423554976424194	0.08658198711896625	-0.08658198711896625
Nuclei_AreaShape_Zernike_5_1	0.002764464451146309	2.9925659147361796e-05	0.049925497852080405	-0.049925497852080405
Nuclei_AreaShape_Zernike_5_3	0.008715356380878059	0.00010127386208525258	0.08475251991112927	-0.08475251991112927
Nuclei_AreaShape_Zernike_5_5	0.028453883855328765	5.101187203983686e-05	0.16928215848934813	-0.16928215848934813
Nuclei_AreaShape_Zernike_6_0	0.0006896849253464898	1.1259758011066476e-05	-0.02696306497453997	0.026963064974539975
Nuclei_AreaShape_Zernike_6_2	0.006663395372429437	0.0001867901697187439	-0.068599861041879	0.068599861041879
Nuclei_AreaShape_Zernike_6_4	0.010633744249078037	-0.00021014658504067785	-0.07775136542981165	0.07775136542981165
Nuclei_AreaShape_Zernike_6_6	0.03296312847001359	0.0003308702773087142	0.15446587933437134	-0.15446587933437134
Nuclei_AreaShape_Zernike_7_1	0.004985312959156274	-2.947289678337701e-05	0.07143761854404154	-0.07143761854404154
Nuclei_AreaShape_Zernike_7_3	0.011975932631180686	0.0001228488471122859	0.09863173155628513	-0.09863173155628513
Nuclei_AreaShape_Zernike_7_5	0.015448390996995465	0.00010519060853464424	0.11624655360640132	-0.11624655360640133
Nuclei_AreaShape_Zernike_7_7	0.030891125968249278	4.157086440432886e-05	0.17478994898066508	-0.17478994898066508
Nuclei_AreaShape_Zernike_8_0	0.00025693425085970834	-3.125323291074546e-05	-0.012308201656638346	0.012308201656638346
Nuclei_AreaShape_Zernike_8_2	0.0013313818915151598	-3.9491724216782313e-05	-0.03303337064898499	0.03303337064898499
Nuclei_AreaShape_Zernike_8_4	0.0068465906003589705	0.0002637390193088952	0.024559610872963454	-0.024559610872963454
Nuclei_AreaShape_Zernike_8_6	0.0012458214717897542	1.3155710063580867e-05	-0.03654639602954274	0.03654639602954274
Nuclei_AreaShape_Zernike_8_8	0.037824209959244404	0.000255035281571677	0.18104073097437462	-0.18104073097437462
Nuclei_AreaShape_Zernike_9_1	0.0012736068038941006	-8.147400557220598e-06	0.03576857097796158	-0.03576857097796158
Nuclei_AreaShape_Zernike_9_3	0.002908179480627049	-2.4358809253981616e-05	0.05415549272565333	-0.05415549272565333
Nuclei_AreaShape_Zernike_9_5	0.009394000666594016	1.3088908531225467e-05	0.09852854778367864	-0.09852854778367864
Nuclei_AreaShape_Zernike_9_7	0.021120839765791488	8.40938543357638e-05	0.14367955149553377	-0.14367955149553377
Nuclei_AreaShape_Zernike_9_9	0.03268217313198807	0.00010920377878986165	0.17441471555939045	-0.17441471555939048
Nuclei_Correlation_Correlation_ER_Hoechst	0.04541670934438835	2.4431228470752303e-05	0.22296306310366276	-0.2229630631036628
Nuclei_Correlation_Correlation_ER_PM	0.12291508997065703	-0.00011067406071131578	0.37895794222020285	-0.3789579422202029
Nuclei_Correlation_Correlation_Hoechst_PM	0.09272240851312041	-0.0004928843226350634	-0.18300858874599835	0.18300858874599835
Nuclei_Correlation_K_ER_Hoechst	0.1434439797152287	-0.00010244144894025447	-0.3907004817152284	0.3907004817152284
Nuclei_Correlation_K_Hoechst_Actin	0.25484317406431056	0.0009209057251537462	0.12718121724768963	-0.12718121724768963
Nuclei_Correlation_K_Hoechst_ER	0.1068116671855982	0.00015928790477122635	0.2661339010857217	-0.2661339010857217
Nuclei_Correlation_K_Hoechst_Mitochondria	0.13377214346413369	0.0008395011994579853	0.2015746479635515	-0.2015746479635515
Nuclei_Correlation_K_PM_Hoechst	0.021909811263109313	-0.0004979741595489707	0.014984858816283052	-0.014984858816283054
Nuclei_Correlation_Overlap_ER_Hoechst	0.05323874617085178	-0.0004812418309606991	-0.1449002079186467	0.1449002079186467
Nuclei_Correlation_Overlap_Hoechst_PM	0.15044547519001794	-0.0004199394558825942	-0.2652406130604859	0.2652406130604859
Nuclei_Correlation_RWC_ER_Actin	0.01575244376884455	1.827186557626956e-05	0.12344168139504921	-0.12344168139504923
Nuclei_Correlation_RWC_ER_Hoechst	0.15319036945063935	0.0011756840019053907	0.15475858664665765	-0.15475858664665765
Nuclei_Correlation_RWC_ER_Mitochondria	0.02554387694737814	-4.721915251808315e-05	-0.12737565952861285	0.12737565952861288
Nuclei_Correlation_RWC_ER_PM	0.1741292491515195	0.000738975308203479	0.34810122284777484	-0.34810122284777484
Nuclei_Correlation_RWC_Hoechst_Actin	0.09093546442366451	0.0007038804995737371	0.19683421427152242	-0.19683421427152242
Nuclei_Correlation_RWC_Hoechst_ER	0.01763073618271882	0.0003307622188667316	0.04200830961544868	-0.04200830961544868
Nuclei_Correlation_RWC_Hoechst_Mitochondria	0.08681312188739987	0.0008190146340078016	0.06619898582193907	-0.06619898582193907
Nuclei_Correlation_RWC_Hoechst_PM	0.05789557859604122	0.0007824711750506635	-0.11746229736721345	0.11746229736721343
Nuclei_Correlation_RWC_PM_Actin	0.09931408062647262	0.0006154282979228316	0.24001953780733504	-0.24001953780733504
Nuclei_Correlation_RWC_PM_ER	0.016438017646479786	-7.202714921889633e-05	0.09911228822990639	-0.09911228822990639
Nuclei_Correlation_RWC_PM_Mitochondria	0.08947915761381264	0.0006527049708550784	0.1358068514667711	-0.1358068514667711
Nuclei_Granularity_1_Actin	0.019810605694456696	3.601435110544669e-13	-8.97536443043626e-10	8.975364430436261e-10
Nuclei_Granularity_1_ER	0.00886948914910013	9.622777699295954e-05	0.04383454427140668	-0.04383454427140668
Nuclei_Granularity_1_Hoechst	0.0037327529998590903	-0.00018472554117883116	0.029139831043587736	-0.02913983104358774
Nuclei_Granularity_1_Mitochondria	0.03318410542777639	0.00032363231267361104	0.1016891299814339	-0.1016891299814339
Nuclei_Intensity_IntegratedIntensityEdge_Hoechst	0.22392842384808365	0.00017011034685845795	0.47168139615160143	-0.4716813961516015
Nuclei_Intensity_IntegratedIntensity_Actin	0.19113308774608928	0.0007279084171180509	0.1645313593859988	-0.16453135938599883
Nuclei_Intensity_IntegratedIntensity_ER	0.10051290805082014	0.00019481434395341325	0.25255015292497485	-0.25255015292497485
Nuclei_Intensity_IntegratedIntensity_Hoechst	0.04433754114891897	0.0003286421862175724	0.16289667622169002	-0.16289667622169002
Nuclei_Intensity_IntegratedIntensity_PM	0.04497918329232453	0.0003424968796530289	0.13853507662456033	-0.13853507662456035
Nuclei_Intensity_LowerQuartileIntensity_Hoechst	0.25835770788084067	-0.0007948027786769099	0.5022685015729659	-0.5022685015729659
Nuclei_Intensity_MADIntensity_Actin	0.2991074252192347	0.0011572943685227491	0.22881479176968528	-0.2288147917696853
Nuclei_Intensity_MADIntensity_Hoechst	0.08791377676501189	-7.131623213063104e-06	0.3139772634531719	-0.3139772634531719
Nuclei_Intensity_MADIntensity_Mitochondria	0.15564898835337115	0.0006426788755140013	0.34385761840454254	-0.34385761840454254
Nuclei_Intensity_MADIntensity_PM	0.09696467652620955	9.641478797356535e-05	0.32590992571360167	-0.3259099257136017
Nuclei_Intensity_MassDisplacement_ER	0.06832952470991571	0.00042941259474428567	0.12871649126443466	-0.12871649126443466
Nuclei_Intensity_MassDisplacement_Hoechst	0.02874610398839539	0.0002867612869571034	0.15013484664316032	-0.15013484664316032
Nuclei_Intensity_MassDisplacement_PM	0.03440215190712348	0.00024357621415206992	0.15358883531740777	-0.15358883531740777
Nuclei_Intensity_MaxIntensityEdge_PM	0.15762658893177284	7.292911220942339e-05	0.3777451415828371	-0.3777451415828372
Nuclei_Intensity_MinIntensity_PM	0.1391643838744131	3.1312033049150535e-05	0.34890332805629326	-0.34890332805629326
Nuclei_Intensity_StdIntensityEdge_Actin	0.30169807343883936	0.0012421573652383877	0.20806926619824273	-0.20806926619824276
Nuclei_Intensity_StdIntensityEdge_ER	0.2047294847540564	-1.886096718198762e-05	0.4435014710133095	-0.4435014710133095
Nuclei_Intensity_StdIntensityEdge_Hoechst	0.03837991125245099	-8.383752509283807e-06	0.19206093084697473	-0.19206093084697473
Nuclei_Intensity_StdIntensityEdge_Mitochondria	0.11690680234224782	0.0005127257576381507	0.27555599963186594	-0.27555599963186594
Nuclei_Intensity_StdIntensityEdge_PM	0.10002740861864712	1.705446487959104e-05	0.30895729358059304	-0.3089572935805931
Nuclei_Neighbors_FirstClosestDistance_Adjacent	0.10801374665595687	-0.0010194815462695806	-0.10570202821461716	0.10570202821461717
Nuclei_RadialDistribution_FracAtD_ER_3of4	0.02637805842226959	-0.00036846111507056803	0.04367982874371434	-0.04367982874371434
Nuclei_RadialDistribution_FracAtD_ER_4of4	0.037722411689590785	0.0004683339456289087	0.030297318551793927	-0.030297318551793923
Nuclei_RadialDistribution_FracAtD_Hoechst_1of4	0.0069813855282679915	-0.0002755444372657782	0.020857319222796863	-0.020857319222796863
Nuclei_RadialDistribution_FracAtD_Hoechst_2of4	0.006072168407804557	-0.0002677221934291582	0.01453493810818839	-0.01453493810818839
Nuclei_RadialDistribution_FracAtD_Hoechst_3of4	0.007563469444200499	-0.000247431897749769	0.059967744276476484	-0.05996774427647649
Nuclei_RadialDistribution_FracAtD_Hoechst_4of4	0.009131167188842104	0.00031296539240757845	-0.0390042093111062	0.0390042093111062
Nuclei_RadialDistribution_FracAtD_PM_1of4	0.0027783251395504527	-0.00014168772514162433	-0.015314026442958404	0.015314026442958404
Nuclei_RadialDistribution_FracAtD_PM_2of4	0.008676913410768039	-0.0001611137004023203	-0.07190193027820545	0.07190193027820545
Nuclei_RadialDistribution_FracAtD_PM_3of4	0.042351308907608076	-0.0003534918883853378	-0.1599278174095955	0.1599278174095955
Nuclei_RadialDistribution_FracAtD_PM_4of4	0.024814290541115502	0.0003034066134846571	0.12225572484400077	-0.12225572484400077
Nuclei_RadialDistribution_MeanFrac_Hoechst_1of4	0.021194070520413333	5.4417548998096276e-05	0.13399070282724135	-0.13399070282724135
Nuclei_RadialDistribution_MeanFrac_Hoechst_2of4	0.025174073914903006	5.754708635298385e-05	0.15023043847287199	-0.150230438472872
Nuclei_RadialDistribution_MeanFrac_Hoechst_3of4	0.010465521428628222	-9.602807044330502e-05	0.10119571788073572	-0.10119571788073572
Nuclei_RadialDistribution_MeanFrac_Hoechst_4of4	0.019960914927412254	7.753149479352976e-05	-0.1374474512602819	0.1374474512602819
Nuclei_RadialDistribution_MeanFrac_PM_1of4	0.029044594831322157	0.00025362240398767974	0.10610813456804805	-0.10610813456804806
Nuclei_RadialDistribution_MeanFrac_PM_2of4	0.021086694916722104	0.000298647033666727	0.08944713798890463	-0.08944713798890465
Nuclei_RadialDistribution_MeanFrac_PM_3of4	0.050010614185610036	-0.00020965542597892566	-0.18408502489930095	0.18408502489930098
Nuclei_RadialDistribution_MeanFrac_PM_4of4	0.0021370332981692775	-3.3848852581327185e-05	0.04401983442117784	-0.04401983442117784
Nuclei_RadialDistribution_RadialCV_Actin_1of4	0.07556420089555027	0.000656939383373512	-0.14665076797128918	0.14665076797128918
Nuclei_RadialDistribution_RadialCV_Actin_2of4	0.10389697218558913	0.0009121909820715644	-0.12818144497158288	0.12818144497158288
Nuclei_RadialDistribution_RadialCV_Actin_3of4	0.09878793011064024	0.0009566157044172282	-0.11177669780294286	0.11177669780294285
Nuclei_RadialDistribution_RadialCV_Actin_4of4	0.07907771041056888	0.0008430708190635469	-0.11373774596726222	0.1137377459672622
Nuclei_RadialDistribution_RadialCV_ER_1of4	0.032924922780547816	0.00027516673410442436	0.06146568123030623	-0.06146568123030622
Nuclei_RadialDistribution_RadialCV_ER_2of4	0.061591353263452775	0.0003537001928278089	0.1073423811777604	-0.1073423811777604
Nuclei_RadialDistribution_RadialCV_ER_3of4	0.08290034318026074	0.000352607643872938	0.15545517891677732	-0.15545517891677732
Nuclei_RadialDistribution_RadialCV_ER_4of4	0.06542054341519532	0.00023524501899813732	0.1974184859967813	-0.1974184859967813
Nuclei_RadialDistribution_RadialCV_Hoechst_1of4	0.007273668063867533	0.0001872602510867441	0.04308244716332533	-0.04308244716332533
Nuclei_RadialDistribution_RadialCV_Hoechst_2of4	0.03560113215290317	0.0002131724765636593	0.16914627088493775	-0.16914627088493775
Nuclei_RadialDistribution_RadialCV_Hoechst_3of4	0.04307983364898227	0.00014545717464115742	0.21076850517617451	-0.21076850517617454
Nuclei_RadialDistribution_RadialCV_Hoechst_4of4	0.04140453952873935	0.00011545147462020534	0.19479318477114432	-0.19479318477114432
Nuclei_RadialDistribution_RadialCV_Mitochondria_1of4	0.0198367209825987	0.00017806522830984454	0.05082304850929345	-0.05082304850929345
Nuclei_RadialDistribution_RadialCV_Mitochondria_2of4	0.03615320525399379	0.00018227927124323223	0.11148665606836894	-0.11148665606836895
Nuclei_RadialDistribution_RadialCV_Mitochondria_3of4	0.0447624724956055	9.587362667120134e-05	0.15338705673585276	-0.15338705673585276
Nuclei_RadialDistribution_RadialCV_Mitochondria_4of4	0.019109307094195005	-0.0001778737907872206	0.11003460644724816	-0.11003460644724818
Nuclei_RadialDistribution_RadialCV_PM_1of4	0.10722180653051061	0.0005304543494419109	0.19076361674312897	-0.19076361674312897
Nuclei_RadialDistribution_RadialCV_PM_2of4	0.14136262274013867	0.0005023607103107379	0.2613524207566985	-0.26135242075669857
Nuclei_RadialDistribution_RadialCV_PM_3of4	0.07875450153756103	0.0001899417500447998	0.2661016798077988	-0.2661016798077988
Nuclei_RadialDistribution_RadialCV_PM_4of4	0.04750377207413692	-6.04235913080965e-05	0.21037652572471272	-0.21037652572471272
Nuclei_Texture_AngularSecondMoment_ER_3_01_256	0.29048663802437336	-0.00010887941146993122	-0.6184057969596094	0.6184057969596094
Nuclei_Texture_AngularSecondMoment_Hoechst_3_00_256	0.17565358585022317	0.0005456645678699932	-0.4294636969188088	0.4294636969188088
Nuclei_Texture_AngularSecondMoment_Mitochondria_3_01_256	0.24491198617912813	-0.0005847204195660444	-0.5081467252242214	0.5081467252242214
Nuclei_Texture_AngularSecondMoment_PM_3_03_256	0.19067716050982997	-0.00014095265489201333	-0.48316305467661724	0.4831630546766173
Nuclei_Texture_Contrast_ER_3_00_256	0.08572936221484229	-7.603256769096909e-06	0.28496031383044884	-0.28496031383044884
Nuclei_Texture_Contrast_ER_3_01_256	0.0801703322316446	2.0354695423786402e-05	0.26385614757227416	-0.26385614757227416
Nuclei_Texture_Contrast_ER_3_02_256	0.09030148730839305	2.491769644992997e-05	0.29629325977052884	-0.29629325977052884
Nuclei_Texture_Contrast_ER_3_03_256	0.0750091665917283	-2.4892351548126785e-05	0.2835276450674266	-0.2835276450674266
Nuclei_Texture_Contrast_Hoechst_3_00_256	0.04708997720147989	-0.00022289765397349193	0.2345402461821282	-0.23454024618212818
Nuclei_Texture_Contrast_Hoechst_3_02_256	0.046875131176226215	-0.00017138967120699939	0.23418207457437956	-0.23418207457437956
Nuclei_Texture_Contrast_Mitochondria_3_01_256	0.04590728418723877	0.0004144389425299246	0.1433787810668249	-0.1433787810668249
Nuclei_Texture_Contrast_Mitochondria_3_03_256	0.04170727337136737	0.00040521266220664294	0.14751424786908784	-0.14751424786908784
Nuclei_Texture_Contrast_PM_3_00_256	0.04749644941515674	-8.842760098496293e-05	0.24443684431214108	-0.24443684431214108
Nuclei_Texture_Contrast_PM_3_01_256	0.0475592104087339	-4.072986494657671e-05	0.23737222588812312	-0.23737222588812315
Nuclei_Texture_Contrast_PM_3_02_256	0.045915022573549624	-2.167115079006964e-05	0.23225091159362743	-0.23225091159362746
Nuclei_Texture_Contrast_PM_3_03_256	0.04204925983268182	-7.022063374725594e-05	0.23233163160642034	-0.23233163160642037
Nuclei_Texture_Correlation_Actin_3_00_256	0.10583226679912239	0.0008634053070087418	0.22768681118405004	-0.22768681118405004
Nuclei_Texture_Correlation_Actin_3_01_256	0.061698893732145876	0.00032081752660877817	0.24316770540795823	-0.24316770540795823
Nuclei_Texture_Correlation_Actin_3_02_256	0.11059056034732928	0.0008224203902097805	0.25015424960098454	-0.25015424960098454
Nuclei_Texture_Correlation_Actin_3_03_256	0.05308410354490667	0.00043045584978508784	0.20190246702151776	-0.20190246702151776
Nuclei_Texture_Correlation_ER_3_00_256	0.12203546326082204	-2.871835113690167e-05	0.34424696214678574	-0.3442469621467858
Nuclei_Texture_Correlation_ER_3_01_256	0.09569030916856203	-2.4919927547510976e-05	0.2965207515403243	-0.2965207515403243
Nuclei_Texture_Correlation_ER_3_02_256	0.12389090036117167	-1.6839317239779025e-05	0.34790786198825857	-0.34790786198825857
Nuclei_Texture_Correlation_ER_3_03_256	0.08320627939828107	3.0122375182268076e-05	0.2787366210212551	-0.2787366210212551
Nuclei_Texture_Correlation_Hoechst_3_00_256	0.09150616678423051	0.0005111956718196713	0.2608101241629856	-0.2608101241629856
Nuclei_Texture_Correlation_Hoechst_3_01_256	0.07142374957121023	0.00044980895456993086	0.22710942570178722	-0.22710942570178722
Nuclei_Texture_Correlation_Hoechst_3_02_256	0.08918204014760778	0.0004440675365206258	0.2691750920827943	-0.2691750920827943
Nuclei_Texture_Correlation_Hoechst_3_03_256	0.06958841771089541	0.0005459458373205946	0.20043420852128807	-0.2004342085212881
Nuclei_Texture_Correlation_Mitochondria_3_00_256	0.13717919895406294	0.00028518250960247814	0.36959066521776185	-0.36959066521776185
Nuclei_Texture_Correlation_Mitochondria_3_01_256	0.11637451513659858	0.00023027277790164767	0.3397143102226626	-0.33971431022266263
Nuclei_Texture_Correlation_Mitochondria_3_02_256	0.13378645039209136	0.0002128897376046951	0.37037892195034516	-0.3703789219503452
Nuclei_Texture_Correlation_Mitochondria_3_03_256	0.10155654684132642	0.00030315046543771254	0.30324238400057374	-0.30324238400057374
Nuclei_Texture_Correlation_PM_3_00_256	0.10586086834820663	0.0005756732228237683	0.28289717541791054	-0.28289717541791054
Nuclei_Texture_Correlation_PM_3_01_256	0.052482230091846604	0.0004375651451917933	0.1882857239445569	-0.18828572394455692
Nuclei_Texture_Correlation_PM_3_02_256	0.0846765557804664	0.00039031085573363304	0.27353660770105415	-0.2735366077010542
Nuclei_Texture_Correlation_PM_3_03_256	0.05606744412754561	0.0005305981911952086	0.17716167675563738	-0.17716167675563738
Nuclei_Texture_DifferenceEntropy_ER_3_01_256	0.29962826036759327	0.00015954927470576585	0.5464966859999449	-0.5464966859999449
Nuclei_Texture_DifferenceEntropy_ER_3_03_256	0.30489592477102045	0.0001307362150827057	0.5589016747646867	-0.5589016747646867
Nuclei_Texture_DifferenceEntropy_Mitochondria_3_02_256	0.23698622344895603	0.0007390857174851029	0.42404222158074745	-0.4240422215807475
Nuclei_Texture_DifferenceEntropy_PM_3_00_256	0.15795782734357156	3.2093361399894066e-05	0.43361325678693463	-0.4336132567869346
Nuclei_Texture_DifferenceVariance_Actin_3_01_256	0.24019770324341794	-0.0018065311250707722	0.11232799955541084	-0.11232799955541084
Nuclei_Texture_DifferenceVariance_Mitochondria_3_03_256	0.2364654147988673	-0.0005908135046757728	-0.49013514096126953	0.49013514096126953
Nuclei_Texture_DifferenceVariance_PM_3_03_256	0.2366394819122336	-8.696202992131121e-05	-0.5453801640997089	0.5453801640997089
Nuclei_Texture_InfoMeas1_ER_3_00_256	0.02458023528124953	0.0001567596165050417	-0.16275064965050143	0.16275064965050143
Nuclei_Texture_InfoMeas1_ER_3_01_256	0.03199330431207359	0.00016843228385618394	-0.18566611894290386	0.18566611894290386
Nuclei_Texture_InfoMeas1_Hoechst_3_00_256	0.07396143473601846	-0.0001917284405530126	-0.2689926491434706	0.2689926491434706
Nuclei_Texture_InfoMeas1_Hoechst_3_01_256	0.08750339085395109	-2.259053667395803e-05	-0.3077097547193399	0.3077097547193399
Nuclei_Texture_InfoMeas1_Hoechst_3_02_256	0.07393507020763379	-0.0001497927163237637	-0.27372880874780037	0.27372880874780037
Nuclei_Texture_InfoMeas1_Hoechst_3_03_256	0.08086588942102702	-8.693821165315376e-05	-0.2903745573710684	0.2903745573710684
Nuclei_Texture_InfoMeas1_Mitochondria_3_01_256	0.05331942643533272	0.00019377929064848926	-0.24629823120119337	0.24629823120119337
Nuclei_Texture_InfoMeas1_Mitochondria_3_02_256	0.04976392552540854	0.00030441642777641673	-0.23209116273109837	0.23209116273109837
Nuclei_Texture_InfoMeas1_Mitochondria_3_03_256	0.03582479631318547	0.00010284247471844468	-0.200609473386743	0.20060947338674304
Nuclei_Texture_InfoMeas1_PM_3_00_256	0.040152398547400936	-0.00037193644906423313	-0.1591362313113771	0.1591362313113771
Nuclei_Texture_InfoMeas1_PM_3_01_256	0.038154509799454006	-0.00024966003700190275	-0.17631444095173898	0.17631444095173898
Nuclei_Texture_InfoMeas1_PM_3_02_256	0.03178088743661078	-0.00021316236113040892	-0.16295539756101785	0.16295539756101785
Nuclei_Texture_InfoMeas1_PM_3_03_256	0.03613691015795362	-0.0003202708120374832	-0.15859081934498837	0.15859081934498837
Nuclei_Texture_InfoMeas2_ER_3_01_256	0.17857297027952812	-4.044544780593581e-05	0.45262344965196244	-0.45262344965196244
Nuclei_Texture_InfoMeas2_Hoechst_3_01_256	0.11956760875413441	-0.0001497258816179271	0.3651615747724598	-0.3651615747724598
Nuclei_Texture_InfoMeas2_Hoechst_3_03_256	0.11051362283386568	-0.00011183737002311503	0.35036811820088604	-0.35036811820088604
Nuclei_Texture_InfoMeas2_PM_3_01_256	0.12548818103206272	0.0003607640664854591	0.3534626754130078	-0.3534626754130078
Nuclei_Texture_InfoMeas2_PM_3_03_256	0.12065036556183184	0.000420013417256419	0.3398090035213124	-0.3398090035213124
Nuclei_Texture_InverseDifferenceMoment_Actin_3_02_256	0.019330440968637563	-0.0005053529467495445	0.0415026037687466	-0.04150260376874661
Nuclei_Texture_InverseDifferenceMoment_ER_3_01_256	0.33098440636044	-0.00018621512869084484	-0.5773045120987382	0.5773045120987382
Nuclei_Texture_InverseDifferenceMoment_Mitochondria_3_00_256	0.26721684874153295	-0.0007676405015861036	-0.46529794581394845	0.4652979458139484
Nuclei_Texture_InverseDifferenceMoment_PM_3_01_256	0.17297023182431315	-5.223338059258164e-05	-0.45835430180874637	0.45835430180874637
Nuclei_Texture_InverseDifferenceMoment_PM_3_03_256	0.17977168508231556	-8.60188756696461e-06	-0.47260144490378175	0.4726014449037817
Nuclei_Texture_SumVariance_Hoechst_3_03_256	0.04693866639900346	6.795514213162962e-05	0.2184918971539877	-0.21849189715398773
Nuclei_Texture_SumVariance_Mitochondria_3_01_256	0.01870351131414094	0.00028473199508637217	0.10019469119049546	-0.10019469119049547
Nuclei_Texture_SumVariance_PM_3_01_256	0.033063058175448745	2.7173114049803393e-05	0.20015623380630976	-0.20015623380630979
