Feature	r2_score	cell_count_coef	dose_coef	intercept
Cytoplasm_AreaShape_Area	0.021107902636333997	-0.00015090559868200114	0.054435612518780874	0.01559175909002447
Cytoplasm_AreaShape_BoundingBoxMinimum_X	0.00012749620444318932	-2.916807666211324e-05	0.004146986332247206	0.013989928351184224
Cytoplasm_AreaShape_Compactness	0.08628690946213458	-0.00016072221440336073	-0.09978276361152529	0.2898585384924018
Cytoplasm_AreaShape_Eccentricity	0.0114213287982593	-0.00011107710904248883	-0.03792318148590531	0.09059186827873672
Cytoplasm_AreaShape_Extent	0.0602599166386808	0.0003005012618562585	0.0855541217917039	-0.29861945324494427
Cytoplasm_AreaShape_FormFactor	0.0899174131810353	-7.634485875353677e-05	0.11121131962565795	-0.19117079114862445
Cytoplasm_AreaShape_MajorAxisLength	0.0038899124400142426	-0.0003023889417877905	-0.015454694610827041	0.17096877847920666
Cytoplasm_AreaShape_MinorAxisLength	0.023235065679956146	4.4332192456735134e-05	0.055126720939216084	-0.06778698741350718
Cytoplasm_AreaShape_Orientation	0.00041850034863677443	-2.6228691434072415e-06	0.007405249151781148	-0.03734557485666726
Cytoplasm_AreaShape_Perimeter	0.01752524575212122	-0.00018897044513604407	-0.044697574830806004	0.21848487362361146
Cytoplasm_AreaShape_Solidity	0.08932569262360002	0.00024378557389747395	0.10626260713756172	-0.34308969469878736
Cytoplasm_AreaShape_Zernike_0_0	0.05679304087249015	0.00026337714693424675	0.08392228807406163	-0.25916768708934
Cytoplasm_AreaShape_Zernike_1_1	0.010280420790688582	-0.00011888910786641236	0.03743191233176801	0.0072257871282634945
Cytoplasm_AreaShape_Zernike_2_0	0.07932356348908731	0.0003738399678638238	0.09790557795762085	-0.35929638103595846
Cytoplasm_AreaShape_Zernike_2_2	0.02058694092928437	0.0001607722477728669	0.050356309622337704	-0.16747390021547975
Cytoplasm_AreaShape_Zernike_3_1	0.006142921617412922	5.920694486150123e-05	0.027655777268078028	-0.08355530897140324
Cytoplasm_AreaShape_Zernike_4_0	0.004138875699953859	-0.00020107210549553416	-0.02082888521472162	0.1636072126679875
Cytoplasm_AreaShape_Zernike_4_2	0.021095415871953627	0.00018755818383821082	0.05042042214651782	-0.18655701661090443
Cytoplasm_AreaShape_Zernike_5_1	0.00020483142647553798	-0.00013849304258026077	0.003006358496695595	0.08235192654641194
Cytoplasm_AreaShape_Zernike_5_3	0.011203020082529047	0.00014960154261620213	0.03682973488797747	-0.14737824383672046
Cytoplasm_AreaShape_Zernike_6_0	0.0001754320117860475	-0.0001237142598847037	0.0033275941211320685	0.08268934415739299
Cytoplasm_AreaShape_Zernike_6_2	9.304914478858173e-05	7.407410429721317e-05	0.0017351965218075215	-0.04245717629416247
Cytoplasm_AreaShape_Zernike_6_4	0.014304796863466196	0.00023998591186114157	0.04033905565447111	-0.20888265160433306
Cytoplasm_AreaShape_Zernike_7_1	0.004770477400939388	-3.289680255656093e-05	0.02535930013567253	-0.0023601862625749134
Cytoplasm_AreaShape_Zernike_7_3	0.002587688917715991	0.00012128138022049449	0.01677891072117654	-0.10167343567021567
Cytoplasm_AreaShape_Zernike_8_0	0.00712514101928452	-7.730857817032429e-05	0.031608791865563604	-0.0010533518598864824
Cytoplasm_AreaShape_Zernike_8_2	0.003395567956856693	-3.984604998785625e-05	0.021326291187098976	-0.013845180008025119
Cytoplasm_AreaShape_Zernike_8_4	0.0007309683835445835	0.00016686021650088716	0.006529430185302156	-0.09726918520161436
Cytoplasm_AreaShape_Zernike_9_1	0.018113882887254795	0.00020858431551564472	0.047026710471849496	-0.17727739107682036
Cytoplasm_AreaShape_Zernike_9_3	0.0033495880745050277	0.0001239919892305291	0.01940704918931002	-0.10704598137078894
Cytoplasm_AreaShape_Zernike_9_5	0.0008995953405772639	0.00017632621972352757	0.00742038221071335	-0.10859310075554102
Cytoplasm_Correlation_Correlation_Actin_ER	0.01026917925085935	-0.00012419869112551533	0.0355668907992445	0.02151164617336844
Cytoplasm_Correlation_Correlation_Actin_Hoechst	0.012538139074826482	-0.00020300561168682134	0.040705230687566825	0.0191941922913443
Cytoplasm_Correlation_Correlation_ER_Hoechst	0.026364433634761264	-0.00023463843515556435	0.060075843588898836	-0.025516660763597005
Cytoplasm_Correlation_Correlation_ER_Mitochondria	0.1133955326556868	0.0014654644198920349	0.10364593156145809	-1.0871825692506474
Cytoplasm_Correlation_Correlation_ER_PM	0.1406258541481542	0.0008880813085962897	0.13810000118833984	-0.9672745439283653
Cytoplasm_Correlation_Correlation_Hoechst_Mitochondria	0.007950575433407603	-0.0005827574715627509	-0.019926016109332874	0.3578613761083465
Cytoplasm_Correlation_Correlation_Hoechst_PM	0.016813640332596802	-0.00032219079399065277	0.05136776652818539	-0.030668164412866072
Cytoplasm_Correlation_Correlation_Mitochondria_PM	0.020692164304571548	0.0005707770706251515	0.05302777472542906	-0.7270600783237846
Cytoplasm_Correlation_K_Actin_ER	0.036887362352274966	0.0010350445750773494	0.04853667890107824	-0.6600625597318291
Cytoplasm_Correlation_K_ER_Actin	0.019522196994785523	-0.0011264734526924356	-0.019417307412824443	0.617996008420681
Cytoplasm_Correlation_K_ER_Hoechst	0.10112593210479848	0.001184543440934709	0.07756541585492883	-0.8947402894435654
Cytoplasm_Correlation_K_Hoechst_ER	0.10227948150396249	-0.001267492074884639	-0.0987514379834124	0.9398839761356726
Cytoplasm_Correlation_K_Hoechst_Mitochondria	0.0926320854002558	-0.0008818463896423618	-0.09885332938220866	0.6577113593858162
Cytoplasm_Correlation_K_Mitochondria_Hoechst	0.08087779862186739	0.0002298428418813445	0.10270954329291777	-0.31157904040568585
Cytoplasm_Correlation_Manders_Actin_Hoechst	0.07713318058274865	-0.0010508982792767061	-0.08383732275568771	0.7625264650878151
Cytoplasm_Correlation_Manders_PM_Hoechst	0.09448461570427524	-0.0011630823995768251	-0.09379034053741585	0.8815765736415072
Cytoplasm_Correlation_Overlap_ER_Hoechst	0.029215926956516314	0.0008273621768308756	0.04778647970339999	-0.6092489266503556
Cytoplasm_Correlation_Overlap_Hoechst_Mitochondria	0.0039057550778158756	-7.946547671192541e-05	-0.02071674340297836	0.12675630651117525
Cytoplasm_Correlation_RWC_Actin_Mitochondria	0.01996324546912065	-0.0007798378241570347	-0.03673572144365073	0.6249059137537274
Cytoplasm_Correlation_RWC_Actin_PM	0.0032014144572390935	0.0002559919107217889	0.01738072345729721	-0.24498396194287686
Cytoplasm_Correlation_RWC_ER_Hoechst	0.10408899095353163	-0.0015034912875755908	-0.09485847443653019	1.043464800503473
Cytoplasm_Correlation_RWC_ER_PM	0.02906344106512626	0.00017738146388789018	0.06669172789292152	-0.4423647232650902
Cytoplasm_Correlation_RWC_Hoechst_ER	0.016293033390012313	0.0004604829262377096	0.03924687464855424	-0.3068999511663305
Cytoplasm_Correlation_RWC_Hoechst_Mitochondria	0.008434064926958307	0.00039707903144529954	0.026909124346986543	-0.22474559656027307
Cytoplasm_Correlation_RWC_Mitochondria_ER	0.0015918487243906654	0.0003925896851365936	-0.008703779727247703	-0.11828443340304352
Cytoplasm_Correlation_RWC_Mitochondria_Hoechst	0.10570984676613704	-0.0012747514921580114	-0.10541287119647219	0.9642289410694647
Cytoplasm_Correlation_RWC_Mitochondria_PM	0.02003002409641408	8.427254179169976e-05	0.05745763031556643	-0.3513827457876473
Cytoplasm_Correlation_RWC_PM_Actin	0.049111118685166155	-0.0011716778048369153	-0.053548278198714515	0.8329519465119962
Cytoplasm_Correlation_RWC_PM_Mitochondria	0.0075794183320472275	-0.0005809454673179812	0.031825877266292005	0.3052806217997134
Cytoplasm_Granularity_1_ER	0.08310749956906727	-0.0009700086348968251	-0.09270007875163579	0.7463926452586908
Cytoplasm_Granularity_1_PM	0.10214085680214335	-0.0010550429640762832	-0.10874365603277356	0.8962233925495124
Cytoplasm_Granularity_2_ER	0.005338643308381741	-8.695862273617815e-05	-0.024645938420428597	0.08758875679146799
Cytoplasm_Intensity_IntegratedIntensityEdge_Hoechst	0.08953304231266312	-0.0010667397695726336	-0.07999851167002864	0.5458465131590138
Cytoplasm_Intensity_IntegratedIntensity_Actin	0.09197152602158887	-0.002307112793097612	-0.05549837718871587	1.3314157918284248
Cytoplasm_Intensity_IntegratedIntensity_ER	0.048086680429782036	-0.0013594304312448827	-0.052886193671282014	0.8306734567019439
Cytoplasm_Intensity_IntegratedIntensity_Hoechst	0.015145375038268849	-0.0008752363029278572	0.037694322300233875	0.349333113101309
Cytoplasm_Intensity_IntegratedIntensity_Mitochondria	0.012454852519781623	-0.0007757307912822849	-0.021593258427927104	0.35101442613589384
Cytoplasm_Intensity_IntegratedIntensity_PM	0.01704092041795613	-0.0012396023574433412	0.031404335315608906	0.5798741326848545
Cytoplasm_Intensity_LowerQuartileIntensity_PM	0.04559087913897375	-0.0007355387924285466	-0.06135291550813773	0.49672345504131254
Cytoplasm_Intensity_MADIntensity_Actin	0.15639379626025496	-0.0019864443748973185	-0.09266008098667959	1.2104633082146674
Cytoplasm_Intensity_MADIntensity_ER	0.12296565153312833	-0.0010784617696109014	-0.0963211054566129	0.6938030937491402
Cytoplasm_Intensity_MADIntensity_Hoechst	0.07518984126739725	-0.0008518115154300456	-0.050451404667327726	0.46498843478866636
Cytoplasm_Intensity_MassDisplacement_ER	0.02265998438532668	-0.0005733617752929457	-0.04533020849800128	0.3894342024578723
Cytoplasm_Intensity_MassDisplacement_Hoechst	0.042791378616242826	-0.0005832657827340242	-0.0641736473110277	0.38962227807198413
Cytoplasm_Intensity_MassDisplacement_Mitochondria	0.009433116044506806	-4.869954606313301e-05	-0.03320704546695858	0.058551649476808965
Cytoplasm_Intensity_MassDisplacement_PM	0.015980175976944233	-0.00045570912625398513	-0.038638571134107236	0.3059823669874642
Cytoplasm_Intensity_MaxIntensityEdge_Hoechst	0.009103163003635562	3.6686332597881455e-06	0.028398551089826942	-0.2449285723172741
Cytoplasm_Intensity_MaxIntensity_Actin	0.05071542541536078	-0.0016484441477648353	-0.04303387257601134	0.8884303918654096
Cytoplasm_Intensity_MaxIntensity_ER	0.09965368168905875	-0.0014784406427110737	-0.08474055450645078	0.9029506871262835
Cytoplasm_Intensity_MaxIntensity_Hoechst	0.006922245520607162	3.628393305739038e-05	0.025030637294374408	-0.22593578538472686
Cytoplasm_Intensity_MaxIntensity_Mitochondria	0.02459218491734394	-0.0003192826604248135	-0.051343617672472315	0.03156314539316357
Cytoplasm_Intensity_MaxIntensity_PM	0.013509479600541496	-0.0007056160645856587	-0.03077858231080572	0.535561501375645
Cytoplasm_Intensity_MeanIntensityEdge_Hoechst	0.017513437447155833	-0.0006701227575340389	-0.027686514994341552	0.2754398468626671
Cytoplasm_Intensity_MinIntensityEdge_Hoechst	0.02293544215396659	-0.00044703416333110755	-0.04376238842992065	0.29226821617781984
Cytoplasm_Intensity_StdIntensityEdge_Hoechst	0.04346400361177505	-0.00013225732715516067	0.0626428006325809	-0.3494022029688917
Cytoplasm_Intensity_StdIntensity_Hoechst	0.002230710114791812	-0.00013100451871340228	-0.011558372184969799	-0.072338053976123
Cytoplasm_Intensity_StdIntensity_PM	0.010477502441789799	-0.000750740201357856	-0.01624685621364623	0.3491114586000511
Cytoplasm_Location_MaxIntensity_Y_Actin	0.0003498816396515503	-1.8659311757981903e-05	-0.006537747909643283	0.015401319531458037
Cytoplasm_RadialDistribution_FracAtD_Actin_1of4	0.004978078548084852	1.4916817480579902e-05	0.024821357353176615	-0.0315794399972847
Cytoplasm_RadialDistribution_FracAtD_Actin_2of4	0.006199135480917328	-6.845998478893356e-05	0.028396969891502668	0.013723520029889094
Cytoplasm_RadialDistribution_FracAtD_Actin_3of4	0.0068905620078750784	-0.00011705391475948267	0.03014818283885169	0.04115658926489343
Cytoplasm_RadialDistribution_FracAtD_Actin_4of4	0.0073040178884988816	9.598143120383436e-05	-0.03090693892373944	-0.027921073144513663
Cytoplasm_RadialDistribution_FracAtD_ER_2of4	0.01490073758801247	-9.860566087028797e-06	0.044161564128615986	-0.08827809070732888
Cytoplasm_RadialDistribution_FracAtD_ER_3of4	0.018940285050663475	1.0200995610387269e-05	0.04992131297205883	-0.1003984291726118
Cytoplasm_RadialDistribution_FracAtD_ER_4of4	0.019068114056542407	-3.099759561685929e-06	-0.05003942141955803	0.10081866145098134
Cytoplasm_RadialDistribution_FracAtD_Hoechst_1of4	0.009841360928870002	-0.00012504533978781928	0.03652836780537702	0.021581368725886257
Cytoplasm_RadialDistribution_FracAtD_Hoechst_2of4	0.01661745826231087	-0.0002176039693311382	0.04516998521195604	0.05455110860462204
Cytoplasm_RadialDistribution_FracAtD_Hoechst_3of4	0.01935541177364719	-0.00024603125279737593	0.050207859349775064	0.06996302154722714
Cytoplasm_RadialDistribution_FracAtD_Hoechst_4of4	0.020008295344804528	0.0002430906787801058	-0.051042827921744416	-0.06531045659960905
Cytoplasm_RadialDistribution_FracAtD_Mitochondria_1of4	0.015720169452817845	7.54516948187406e-05	0.043163569269014164	-0.13714273522942838
Cytoplasm_RadialDistribution_FracAtD_Mitochondria_3of4	0.023167498087823257	8.755123109141383e-05	0.053707442140892785	-0.1476083273410504
Cytoplasm_RadialDistribution_FracAtD_Mitochondria_4of4	0.02440699903517274	-9.428427934338206e-05	-0.05482258778018615	0.15918032304756727
Cytoplasm_RadialDistribution_FracAtD_PM_1of4	0.011036942938700167	9.247407924600922e-05	0.037212988789618914	-0.12780456826951261
Cytoplasm_RadialDistribution_MeanFrac_Actin_1of4	0.002712548996858466	0.0001284297605122193	-0.017962150957435134	-0.015569879219537395
Cytoplasm_RadialDistribution_MeanFrac_Actin_2of4	0.005324708298204417	5.551942418702798e-05	-0.025438195125964604	0.05147921572710536
Cytoplasm_RadialDistribution_MeanFrac_Actin_3of4	0.01484987827250317	-4.808189673584858e-05	-0.042143144932138665	0.14995709347105868
Cytoplasm_RadialDistribution_MeanFrac_Actin_4of4	0.01091089323846417	-5.285161034396577e-05	0.03759365094356757	-0.08570641659216126
Cytoplasm_RadialDistribution_MeanFrac_ER_3of4	0.0001569045953739856	9.498183193010992e-05	0.002203231941532912	-0.08096991089307093
Cytoplasm_RadialDistribution_MeanFrac_ER_4of4	0.0009668093046677484	-0.00015211487987861055	-0.008660578427589372	0.11475108811364704
Cytoplasm_RadialDistribution_MeanFrac_Hoechst_1of4	0.00017805410322069282	-8.408846288047554e-05	0.004549453248252992	0.04737288540196821
Cytoplasm_RadialDistribution_MeanFrac_Hoechst_2of4	0.0006053378099987183	-0.00021055468745998017	0.0043930916447254935	0.11268878325021178
Cytoplasm_RadialDistribution_MeanFrac_Hoechst_3of4	0.0007498835992161279	-0.0002579542818331071	0.002039488158127074	0.15633099044396462
Cytoplasm_RadialDistribution_MeanFrac_Hoechst_4of4	0.0034976487297893044	8.622569447539018e-05	0.018570651684902763	-0.105393584147321
Cytoplasm_RadialDistribution_MeanFrac_Mitochondria_1of4	0.0010625710865704852	0.00017177409372058332	0.007736869787055923	-0.14449572264828583
Cytoplasm_RadialDistribution_MeanFrac_Mitochondria_4of4	0.00276990414607281	-0.00028016266437850515	-0.01320326352643923	0.1941009685423056
Cytoplasm_RadialDistribution_MeanFrac_PM_1of4	0.00030412338402086014	0.0001527473596813031	0.001853673672052744	-0.11671228027494798
Cytoplasm_RadialDistribution_MeanFrac_PM_3of4	0.00032598538184747117	0.0001685046213620855	0.00105648347119761	-0.11990191635503479
Cytoplasm_RadialDistribution_RadialCV_Actin_1of4	0.0027543394646695196	0.00011072733588799958	0.01707395271832195	-0.08988651674918052
Cytoplasm_RadialDistribution_RadialCV_Actin_2of4	0.0005342117029034643	-4.284541723666162e-05	0.008189145776003088	0.011631758057653593
Cytoplasm_RadialDistribution_RadialCV_Actin_3of4	6.61356690256909e-06	-1.9638549218731594e-05	0.0007136903400127454	-0.009549120495933469
Cytoplasm_RadialDistribution_RadialCV_Actin_4of4	0.0011260142130954387	-0.000291259301379955	-0.0034044403834716354	0.12878192185511142
Cytoplasm_RadialDistribution_RadialCV_ER_1of4	0.0026633727385616535	-0.0003760684434075648	-0.011427809752769823	0.23980425348100215
Cytoplasm_RadialDistribution_RadialCV_ER_2of4	0.001146626356823166	-0.00030063745156434123	0.00946408051020806	0.15299002387769506
Cytoplasm_RadialDistribution_RadialCV_ER_3of4	0.005030765401891957	-0.0002697237374126411	0.026627503194853238	0.0879545571946286
Cytoplasm_RadialDistribution_RadialCV_ER_4of4	0.002171068477263449	-0.0004087819674176782	0.013228884836719804	0.16156152613995686
Cytoplasm_RadialDistribution_RadialCV_Hoechst_1of4	0.007771937506391602	-0.0002647639414686177	-0.024337477892944825	0.151484036176177
Cytoplasm_RadialDistribution_RadialCV_Hoechst_2of4	0.0030417133679763175	-0.0004996625265853201	0.005905829208687305	0.1834902551298629
Cytoplasm_RadialDistribution_RadialCV_Hoechst_3of4	0.003653504232334015	-0.0004996103279514186	0.012149046044919551	0.14782386215167806
Cytoplasm_RadialDistribution_RadialCV_Hoechst_4of4	0.0027187668720095592	3.248913864720039e-05	-0.018266658459589424	-0.08950697461511611
Cytoplasm_RadialDistribution_RadialCV_Mitochondria_1of4	0.01529640785453612	0.00043610377683345593	0.038247447049232206	-0.34234080920381965
Cytoplasm_RadialDistribution_RadialCV_Mitochondria_2of4	0.03996810446500643	0.0006193519498327092	0.0626989147372317	-0.5187629501149593
Cytoplasm_RadialDistribution_RadialCV_Mitochondria_3of4	0.06984324059778424	0.0008558726652661224	0.08175825224653004	-0.7176374785108459
Cytoplasm_RadialDistribution_RadialCV_Mitochondria_4of4	0.023829549626796398	0.0009163222632416463	0.03741761318655376	-0.672341858509148
Cytoplasm_RadialDistribution_RadialCV_PM_1of4	0.0037237761419143256	0.00011516890549371109	0.021283900435105908	-0.09809167887282988
Cytoplasm_RadialDistribution_RadialCV_PM_2of4	0.020614873144070178	0.0001920946810068063	0.05038644410249428	-0.2179091734600878
Cytoplasm_RadialDistribution_RadialCV_PM_3of4	0.04690128431417162	0.0002353944547524141	0.07605139945516443	-0.3205201266875511
Cytoplasm_RadialDistribution_RadialCV_PM_4of4	0.01266275013717777	1.8615947483790828e-05	0.04099659722057507	-0.1531961440105311
Cytoplasm_Texture_AngularSecondMoment_Actin_3_01_256	0.1291186217243313	0.0016017533828922804	0.08329628035242558	-1.0789294356882584
Cytoplasm_Texture_AngularSecondMoment_ER_3_01_256	0.15805579099023281	0.0012640017843426582	0.12153115589266918	-0.9009485796271105
Cytoplasm_Texture_AngularSecondMoment_Mitochondria_3_01_256	0.07475684629300139	0.0002820562210388909	0.11559568205728055	-0.23191086492969862
Cytoplasm_Texture_AngularSecondMoment_PM_3_01_256	0.011856157291773028	0.0006763820075237573	0.02647468895081216	-0.336545175094659
Cytoplasm_Texture_Contrast_Actin_3_00_256	0.08033867502789382	-0.0016188806418976865	-0.06730074858481969	0.9316404508443518
Cytoplasm_Texture_Contrast_Actin_3_01_256	0.09313830044620852	-0.0016725974632155539	-0.07155825897548869	0.9737290564294099
Cytoplasm_Texture_Contrast_Actin_3_02_256	0.09688929029400384	-0.0017817470939125632	-0.0680175612800166	1.0062012390470019
Cytoplasm_Texture_Contrast_Actin_3_03_256	0.09258448997033908	-0.0016980017589633923	-0.06799049359100848	0.9545788171483253
Cytoplasm_Texture_Contrast_ER_3_01_256	0.07400075512545157	-0.0009626612103965852	-0.08440559229861752	0.6583477841546679
Cytoplasm_Texture_Contrast_ER_3_03_256	0.07117797316470342	-0.0009450464117699184	-0.08021946840126754	0.6217774020864404
Cytoplasm_Texture_Contrast_Hoechst_3_01_256	0.001797504013538509	0.0001441791939752658	0.009312435488845567	-0.18422338306489297
Cytoplasm_Texture_Contrast_Mitochondria_3_00_256	0.01998067892142885	-0.0001989965314368612	-0.034143666408463655	-0.06664281553123103
Cytoplasm_Texture_Contrast_Mitochondria_3_01_256	0.015909942397914434	-0.00011341173931123577	-0.03160807939685999	-0.10032135225474315
Cytoplasm_Texture_Contrast_Mitochondria_3_02_256	0.018965008763512592	-3.662838024791026e-05	-0.03595501762563561	-0.1404384953431581
Cytoplasm_Texture_Contrast_Mitochondria_3_03_256	0.012915750144597227	-3.968132712522861e-05	-0.02861788287973345	-0.16809624086090888
Cytoplasm_Texture_Contrast_PM_3_01_256	0.010855740490400279	-0.00038841395413926336	-0.031742251122203864	0.2996573721093031
Cytoplasm_Texture_Correlation_Actin_3_00_256	0.017488918716674795	-0.0008647957013661755	-0.027095197452913514	0.5678273322491851
Cytoplasm_Texture_Correlation_Actin_3_02_256	0.02144216797906362	-0.001153581436636507	-0.022223339147003564	0.6942138715236994
Cytoplasm_Texture_Correlation_ER_3_00_256	0.035156319201770425	0.00039050089925192136	0.06323953040695006	-0.3999223073120206
Cytoplasm_Texture_Correlation_ER_3_01_256	0.0318441273363026	0.00029229824772663204	0.06109212423457788	-0.35245249780109056
Cytoplasm_Texture_Correlation_ER_3_02_256	0.0324082438724318	0.00018532455667989882	0.06303984365996274	-0.30285812106724447
Cytoplasm_Texture_Correlation_ER_3_03_256	0.025621872897333087	0.00023025795228081558	0.05377978786108438	-0.2553398276888764
Cytoplasm_Texture_Correlation_Hoechst_3_00_256	0.07191773355512421	-0.0012264422890521456	-0.07740312578070196	0.7899367882663132
Cytoplasm_Texture_Correlation_Hoechst_3_01_256	0.08253055000591236	-0.001326735952668571	-0.08246132107660575	0.8251680671016036
Cytoplasm_Texture_Correlation_Hoechst_3_02_256	0.0723677866678073	-0.0013549833405571425	-0.07488891524590817	0.8344872252659239
Cytoplasm_Texture_Correlation_Hoechst_3_03_256	0.08554784542970606	-0.0013596711942646098	-0.08328330690974722	0.8819480318815537
Cytoplasm_Texture_Correlation_Mitochondria_3_03_256	0.005019763847762482	0.0004457275499036452	0.016692339375789726	-0.2818712784698559
Cytoplasm_Texture_Correlation_PM_3_00_256	0.04478707663888837	7.691440487080014e-05	0.07989558338213935	-0.45326724447864375
Cytoplasm_Texture_Correlation_PM_3_01_256	0.03363720755973476	-7.568449758324642e-05	0.06993337277676298	-0.3385231122460747
Cytoplasm_Texture_Correlation_PM_3_02_256	0.044769705451632724	-8.100147440242202e-05	0.08167919372164338	-0.38098056192957225
Cytoplasm_Texture_Correlation_PM_3_03_256	0.030993079490715503	-9.27256982238323e-05	0.06688311567704562	-0.28785687309919133
Cytoplasm_Texture_DifferenceEntropy_Actin_3_00_256	0.1879781962726642	-0.002307954513810492	-0.1136663565088107	1.4093501672070312
Cytoplasm_Texture_DifferenceEntropy_Actin_3_01_256	0.20958972396214648	-0.002387173383799427	-0.12069485975708051	1.4857823133391246
Cytoplasm_Texture_DifferenceEntropy_Actin_3_02_256	0.19451155085782446	-0.002243260430333815	-0.11673468387624583	1.3860467602762845
Cytoplasm_Texture_DifferenceEntropy_Actin_3_03_256	0.19503883616925266	-0.0023216139106058183	-0.11467933558982141	1.4088835158276487
Cytoplasm_Texture_DifferenceEntropy_ER_3_01_256	0.23467925947107682	-0.0017146822698892764	-0.14798572813731278	1.1604120583602413
Cytoplasm_Texture_DifferenceEntropy_Hoechst_3_01_256	0.01285798425657736	-0.00024805852689280684	-0.034262782770898864	0.06974295641001024
Cytoplasm_Texture_DifferenceEntropy_Mitochondria_3_00_256	0.043989325379373834	-0.0002593657892996745	-0.06837799350392511	0.009520393262015814
Cytoplasm_Texture_DifferenceEntropy_Mitochondria_3_01_256	0.04069823563902686	-0.00013153548810444757	-0.0677755601530692	-0.04383881945732321
Cytoplasm_Texture_DifferenceEntropy_Mitochondria_3_02_256	0.04530336567504967	-4.2485125607103986e-05	-0.07153157027334708	-0.0886168019318675
Cytoplasm_Texture_DifferenceEntropy_Mitochondria_3_03_256	0.033999243288335146	-5.1421166071850344e-05	-0.061109159630524726	-0.13770341673209635
Cytoplasm_Texture_DifferenceEntropy_PM_3_00_256	0.027289365099479324	-0.000952371731018628	-0.0401109080198016	0.5401195809710178
Cytoplasm_Texture_DifferenceEntropy_PM_3_01_256	0.018608696720098905	-0.0007688435766007197	-0.03358192825888315	0.43404918065433384
Cytoplasm_Texture_DifferenceEntropy_PM_3_02_256	0.027289392011496716	-0.0007905713563203009	-0.045085775586494806	0.47423662153772816
Cytoplasm_Texture_DifferenceEntropy_PM_3_03_256	0.016395313152977042	-0.0007537683640399636	-0.02991408673223603	0.3835305084043997
Cytoplasm_Texture_DifferenceVariance_Actin_3_01_256	0.14188661776403377	0.00183188309151268	0.1029207867464518	-1.1676627251086285
Cytoplasm_Texture_DifferenceVariance_ER_3_01_256	0.21490180156484007	0.0021147558759057328	0.13941896316142757	-1.3346365899199812
Cytoplasm_Texture_DifferenceVariance_Hoechst_3_02_256	0.0030487436947392865	0.00023058729230462542	-0.01920126939896522	0.21286531771401626
Cytoplasm_Texture_DifferenceVariance_Mitochondria_3_01_256	0.050201521029441976	-4.326360184294065e-06	0.09570716297865008	0.03446701391550688
Cytoplasm_Texture_DifferenceVariance_PM_3_02_256	0.019081073960686035	0.0008310564120180657	0.03540754690719668	-0.5434919769681936
Cytoplasm_Texture_InfoMeas1_ER_3_00_256	0.19602394548067303	-0.001320332138654718	-0.14319592539370332	0.991721442330018
Cytoplasm_Texture_InfoMeas1_ER_3_01_256	0.15250535565200962	-0.0009234774598370466	-0.130355702583839	0.7876451830400157
Cytoplasm_Texture_InfoMeas1_ER_3_02_256	0.19326522734932228	-0.0009257479112717527	-0.14855831984502482	0.815391222016268
Cytoplasm_Texture_InfoMeas1_ER_3_03_256	0.13799525438587368	-0.0008846794051521785	-0.12183714782361704	0.6897641244395107
Cytoplasm_Texture_InfoMeas1_Hoechst_3_00_256	0.023097418215137666	0.0009215372922205714	0.038819867103353535	-0.5058551679747191
Cytoplasm_Texture_InfoMeas1_Hoechst_3_01_256	0.049201748240558896	0.0013314626037908245	0.056211891305264106	-0.7112646249978574
Cytoplasm_Texture_InfoMeas1_Hoechst_3_02_256	0.023599840177932263	0.0009913104683841579	0.03682569333612129	-0.5210368212285148
Cytoplasm_Texture_InfoMeas1_Hoechst_3_03_256	0.04928950002877097	0.0013676075834083532	0.05428048040986255	-0.7511621947840204
Cytoplasm_Texture_InfoMeas1_Mitochondria_3_00_256	0.03665159976897037	-0.0008700789679972735	-0.05665299043636698	0.5169658725991888
Cytoplasm_Texture_InfoMeas1_Mitochondria_3_01_256	0.028903812870007872	-0.0005929296808741256	-0.05411990829100173	0.42107520906080276
Cytoplasm_Texture_InfoMeas1_Mitochondria_3_02_256	0.03470523685693794	-0.0004589341594478259	-0.06231949152478787	0.33299325102330174
Cytoplasm_Texture_InfoMeas1_Mitochondria_3_03_256	0.01769933716420835	-0.0005379963944649	-0.041036091376082884	0.2866390453349405
Cytoplasm_Texture_InfoMeas1_PM_3_00_256	0.0526126413210386	-0.0007689395312025834	-0.06930037736591281	0.5729003153383071
Cytoplasm_Texture_InfoMeas1_PM_3_01_256	0.032084547959028376	-0.000378643562638639	-0.057996825535517285	0.36619857458639443
Cytoplasm_Texture_InfoMeas1_PM_3_02_256	0.0533748841389341	-0.0003975541740226335	-0.07665270571214526	0.41199181751643843
Cytoplasm_Texture_InfoMeas1_PM_3_03_256	0.023878302231578497	-0.000335142295718836	-0.049537169521082516	0.25667167604353136
Cytoplasm_Texture_InfoMeas2_ER_3_00_256	0.004790821955196534	-0.0001410399331376157	0.025788026629897428	-0.03026444978491677
Cytoplasm_Texture_InfoMeas2_ER_3_01_256	0.008394417225507045	-0.00020287206968213354	0.03407453425388515	-0.030119536703293828
Cytoplasm_Texture_InfoMeas2_ER_3_02_256	0.005877410407953532	-0.00037991442086194384	0.02740041909159901	0.07879853130513025
Cytoplasm_Texture_InfoMeas2_ER_3_03_256	0.0046192468011081456	-0.00025960049895942154	0.024077381444379188	0.07468488669856027
Cytoplasm_Texture_InfoMeas2_Hoechst_3_00_256	0.05201148689894863	-0.0010215367951698856	-0.06256753877305503	0.514324300529136
Cytoplasm_Texture_InfoMeas2_PM_3_00_256	0.016773737825614754	-1.407259446264597e-05	0.04657249871078891	-0.1847434915933973
Cytoplasm_Texture_InfoMeas2_PM_3_01_256	0.014066781815752827	-0.00013187935942740443	0.043766603751553286	-0.11913363945314102
Cytoplasm_Texture_InfoMeas2_PM_3_02_256	0.01710024380587749	-0.00018940859198100416	0.04884812529352427	-0.1081410594364901
Cytoplasm_Texture_InfoMeas2_PM_3_03_256	0.010409894804241038	-0.00016301835278967854	0.03659506717017712	-0.03794130511699766
Cytoplasm_Texture_InverseDifferenceMoment_Actin_3_00_256	0.2418930227453906	0.0024346524732545326	0.13521885955033539	-1.5614442697636415
Cytoplasm_Texture_InverseDifferenceMoment_Actin_3_01_256	0.2620938232157979	0.0025059086251795755	0.1402891693450274	-1.6344690114115883
Cytoplasm_Texture_InverseDifferenceMoment_Actin_3_02_256	0.2500187175767131	0.0023421392256534287	0.13933290235569398	-1.5293063897316304
Cytoplasm_Texture_InverseDifferenceMoment_Actin_3_03_256	0.24330135182822177	0.002426980433956522	0.1342910359596832	-1.5476739697737314
Cytoplasm_Texture_InverseDifferenceMoment_ER_3_00_256	0.2496099374917311	0.0017010656440357636	0.15145056170908808	-1.1455626725281063
Cytoplasm_Texture_InverseDifferenceMoment_ER_3_01_256	0.2334388975007219	0.001564789461358576	0.1490131085762996	-1.0821708417872733
Cytoplasm_Texture_InverseDifferenceMoment_ER_3_02_256	0.2517678727840079	0.0015209547287033177	0.1547590586689328	-1.0666267814948431
Cytoplasm_Texture_InverseDifferenceMoment_ER_3_03_256	0.22282439106534346	0.0015233479415544516	0.1424876255687424	-1.008716262292763
Cytoplasm_Texture_InverseDifferenceMoment_Hoechst_3_02_256	0.026923631794826042	0.0004118338163635591	0.04786085070102604	-0.20557812096355454
Cytoplasm_Texture_InverseDifferenceMoment_Mitochondria_3_00_256	0.05832320918643952	0.0003791843204204767	0.08024225996065817	-0.14148570072826885
Cytoplasm_Texture_InverseDifferenceMoment_Mitochondria_3_01_256	0.05940884792508405	0.00024249623420964455	0.0848173419282094	-0.10775604107060696
Cytoplasm_Texture_InverseDifferenceMoment_Mitochondria_3_02_256	0.05977268137168501	0.00013051749578573636	0.08337417216728481	-0.028466968527851078
Cytoplasm_Texture_InverseDifferenceMoment_Mitochondria_3_03_256	0.049046855877212026	0.0001641471534415391	0.07555362168280985	0.005176494170377688
Cytoplasm_Texture_InverseDifferenceMoment_PM_3_00_256	0.028098873530342905	0.0009399866635518523	0.03774953024592978	-0.47367695734481186
Cytoplasm_Texture_InverseDifferenceMoment_PM_3_01_256	0.019002408984097663	0.0007422109574347987	0.03262514657801641	-0.3692244911235595
Cytoplasm_Texture_InverseDifferenceMoment_PM_3_02_256	0.026971725694237114	0.00073718257068124	0.0423332731595598	-0.3852916555434839
Cytoplasm_Texture_InverseDifferenceMoment_PM_3_03_256	0.016560910065494094	0.000715951868777486	0.028447678200023797	-0.3029242198356954
Cytoplasm_Texture_SumAverage_Hoechst_3_03_256	0.024591313694373618	-0.0003829283050790436	-0.035405950213160224	0.16126685210494485
Cytoplasm_Texture_SumEntropy_ER_3_01_256	0.1904540758607436	-0.0016623444460323275	-0.12864033720129522	1.0737094194642707
Cytoplasm_Texture_SumEntropy_PM_3_01_256	0.011756146742512685	-0.000890159535619891	-0.01511813755865728	0.39114792546090754
Cytoplasm_Texture_SumVariance_ER_3_03_256	0.05601405242653912	-0.0008009742141667559	-0.061164700716215416	0.481999380721465
Cytoplasm_Texture_SumVariance_Hoechst_3_00_256	0.0001054548167500613	1.5031578701839477e-05	0.002455089226029352	-0.0743651938091715
Cytoplasm_Texture_SumVariance_Mitochondria_3_03_256	0.014792853988520815	-0.00010411334145514671	-0.032448590818336134	-0.09966050784966152
Cytoplasm_Texture_Variance_PM_3_01_256	0.006448738271811583	-0.0005016377837240471	-0.017193592808352042	0.24649566548170407
Cells_AreaShape_BoundingBoxArea	0.0026656824011126456	-0.00038744199035295517	-0.007302637825106849	0.21440232882691598
Cells_AreaShape_ConvexArea	0.0011243693081921524	-0.00030518926413159575	0.007380556135125143	0.17342945756605088
Cells_AreaShape_MeanRadius	0.07854852634259879	-9.45486117871808e-05	0.10671406393771841	-0.10479728199293867
Cells_AreaShape_Zernike_2_0	0.044884942132400796	0.00023725780345657503	0.07294006727142206	-0.21973165972397746
Cells_AreaShape_Zernike_3_1	0.006759650306580767	0.00013477916661279956	0.02796965861090266	-0.12025492679308405
Cells_AreaShape_Zernike_3_3	0.0050588301503904365	8.548248378453287e-05	0.024966058000982918	-0.07177609731335106
Cells_AreaShape_Zernike_4_0	0.0016697905345260944	0.00019530866536502463	0.011614593861531883	-0.13054896578199102
Cells_AreaShape_Zernike_4_2	0.007170074656780101	5.106799730109945e-05	0.02994660548759956	-0.07263785850966205
Cells_AreaShape_Zernike_4_4	0.005348470873107414	0.00012160804068204681	0.02506757117134911	-0.09913342539502408
Cells_AreaShape_Zernike_5_1	0.0021000136306982276	7.214592250762782e-05	0.0156130795374758	-0.07154046076210609
Cells_AreaShape_Zernike_5_3	0.006745545686761334	0.00011902130399153184	0.02852120960920536	-0.1081273886224093
Cells_AreaShape_Zernike_5_5	0.0058415224385575115	0.00014483846551444055	0.02621733071823308	-0.10226060217604716
Cells_AreaShape_Zernike_6_0	0.00025556407676197157	5.751805194267626e-05	-0.005875760846068624	-0.025516398995115094
Cells_AreaShape_Zernike_6_2	0.000334572238355868	0.00016335799043681317	-0.004751464723320528	-0.07766427530898522
Cells_AreaShape_Zernike_6_4	0.005638472954992202	0.00010034659142453019	0.025961252867965853	-0.10141776724910627
Cells_AreaShape_Zernike_6_6	0.00821490307226369	0.00013496645398458973	0.031289566178273685	-0.13204412746154207
Cells_AreaShape_Zernike_7_1	4.611033689427835e-06	-5.177827731819227e-06	-0.0007104961807860851	0.0017094114452843611
Cells_AreaShape_Zernike_7_3	0.001943628457976465	8.425966918712586e-05	0.014925978340117515	-0.07361791301718541
Cells_AreaShape_Zernike_7_5	0.008208405722347156	0.00020803569087061898	0.03055110625433545	-0.15729731695719595
Cells_AreaShape_Zernike_7_7	0.006087093574572933	6.820061311665394e-05	0.027679944837245785	-0.0762355168304445
Cells_AreaShape_Zernike_8_0	0.000970938671375321	-3.281609393992561e-05	-0.010972397249043576	0.038136857726571154
Cells_AreaShape_Zernike_8_2	0.0003826124018500021	3.293414290258727e-05	-0.007236432218285977	-0.0023289602445422243
Cells_AreaShape_Zernike_8_4	0.00018294161537923959	8.271391623093661e-05	0.003333135854656557	-0.03857041943890864
Cells_AreaShape_Zernike_8_6	0.008476887359227248	0.00015828610200094214	0.031362370766995745	-0.15407122651237382
Cells_AreaShape_Zernike_8_8	0.007178726378442413	0.00025190938268918896	0.027343970315032187	-0.18940641443240092
Cells_AreaShape_Zernike_9_1	0.00011069774898320173	-5.448836981692797e-05	-0.0028498973621801055	0.03554190358543115
Cells_AreaShape_Zernike_9_3	0.00015267574029376174	7.284218815560064e-05	0.0030692420080241055	-0.04397336256753911
Cells_AreaShape_Zernike_9_5	0.0008621554127749009	0.00013163946068990676	0.008543334919512303	-0.08337594924599129
Cells_AreaShape_Zernike_9_7	0.00785433583301065	9.210264016226519e-05	0.031131963135649608	-0.10251297951205363
Cells_AreaShape_Zernike_9_9	0.0071640499828560245	0.00014329455860755873	0.02913697050519226	-0.11661325010220555
Cells_Correlation_Correlation_Actin_Hoechst	0.003280613366267504	-0.00026596046876409734	0.02100229423886286	0.10913000401727026
Cells_Correlation_Correlation_Actin_Mitochondria	0.01730161710790712	-0.0013153326732561735	0.010047646707973677	0.7566021975962482
Cells_Correlation_Correlation_Actin_PM	0.0024519135751592813	-0.0004909167996307635	0.003220921404375462	0.28964739009160034
Cells_Correlation_Correlation_ER_Hoechst	0.18411595968900973	0.0008232706811468804	0.15042011345549672	-0.8501789996870176
Cells_Correlation_Correlation_ER_PM	0.19957027248801007	0.0009703841109196	0.160971333213092	-1.083374929252424
Cells_Correlation_Correlation_Hoechst_Mitochondria	0.006243927957838791	0.0004462993635466286	0.020804505597168156	-0.2878768775001769
Cells_Correlation_Correlation_Hoechst_PM	0.07011926647025413	0.0006392625839890374	0.09416585261448816	-0.5397850660246886
Cells_Correlation_K_ER_Hoechst	0.14963443952971878	0.0015784998915646551	0.1131085062024185	-1.1121688167155679
Cells_Correlation_K_Hoechst_ER	0.02246111628859815	-0.0006058742903432487	-0.04334512424810889	0.42196881326506186
Cells_Correlation_Manders_Hoechst_Actin	0.11007175729115637	-0.00155404784551608	-0.08820715354167817	1.0820190293518528
Cells_Correlation_Manders_PM_Hoechst	0.01904928934968475	-0.00011953299926287514	-0.0515592410373048	0.2811507924538061
Cells_Correlation_Overlap_Actin_ER	0.0025643507464380155	-0.0004167423203066354	-0.005797820976883687	0.2933505937860994
Cells_Correlation_Overlap_ER_Hoechst	0.11599002790635049	0.0011210934149533803	0.10951615886725391	-0.8014215357121285
Cells_Correlation_RWC_Actin_ER	0.004412477458873965	0.0004274327108377541	-0.021999254836458256	-0.10929707528746435
Cells_Correlation_RWC_ER_Hoechst	0.02017300772975139	-0.0005095196799034818	-0.0438406474652792	0.33289200143869674
Cells_Correlation_RWC_ER_Mitochondria	0.014043241045148314	-0.0007524563824913656	-0.03056077417008436	0.5369173790724894
Cells_Correlation_RWC_Hoechst_ER	0.0074525493943994325	-0.0003609436324183899	-0.026485006228586124	0.24681775528010927
Cells_Correlation_RWC_Hoechst_Mitochondria	0.020073971867580975	0.00036640358148465444	-0.056608704022973105	-0.08768370418022758
Cells_Correlation_RWC_Mitochondria_Hoechst	0.06441288305081072	-6.458906907557293e-05	-0.0944967578383706	0.23555658434204088
Cells_Correlation_RWC_PM_ER	0.04334450898879472	0.0008248003014240871	0.0660508092172419	-0.6584441650654109
Cells_Granularity_1_Actin	0.049739031333174366	0.0004230017130047786	-0.08301825675136469	-0.03764755625478558
Cells_Granularity_1_Hoechst	0.0002647149217347433	0.00016059376601850508	0.0006194638061282585	0.03567212496317951
Cells_Granularity_1_Mitochondria	0.05110487109829509	-0.0009504823009821033	-0.0695224005960891	0.6694583862780104
Cells_Granularity_2_Hoechst	0.0012819989501597906	0.0003171717928900189	-0.00560117369314213	-0.2277632846664891
Cells_Intensity_IntegratedIntensityEdge_Actin	0.2500015433050482	-0.0025291300114088197	-0.1367463887049124	1.6140662470889393
Cells_Intensity_IntegratedIntensityEdge_ER	0.30786673465906067	-0.0014771342150793725	-0.181136637610075	1.1727411568895711
Cells_Intensity_IntegratedIntensityEdge_Hoechst	0.18132392278437248	-0.0008512147673687613	-0.13276868160516775	0.6994689244440337
Cells_Intensity_IntegratedIntensityEdge_Mitochondria	0.23262750695576984	-0.0010048701014251304	-0.14658762224372837	0.7308101756429641
Cells_Intensity_IntegratedIntensityEdge_PM	0.16229753727927765	-0.0011492851295039459	-0.1294196110628188	0.8876974847741276
Cells_Intensity_IntegratedIntensity_Hoechst	0.02207145236786001	-0.0012787700598555695	0.031070105249073273	0.5389346569618466
Cells_Intensity_MADIntensity_Hoechst	0.051857907770130995	-0.0006968381914180668	-0.0618033284082675	0.45684891314737497
Cells_Intensity_MADIntensity_Mitochondria	0.018339054060727666	6.731041434165596e-05	-0.04022484236416677	-0.18902501835222546
Cells_Intensity_MADIntensity_PM	0.005958023349222463	-0.0005503034333345099	-0.010435232704761254	0.19432315944106354
Cells_Intensity_MassDisplacement_Actin	0.011504154072660144	-0.00048326758568480833	-0.028982988420796742	0.2971209217338729
Cells_Intensity_MassDisplacement_Hoechst	0.031133392877755184	-0.00044117233246517056	-0.05620783034754588	0.32590631547570054
Cells_Intensity_MaxIntensityEdge_Actin	0.10059155733395819	-0.0020725503807527616	-0.06757320703155428	1.1783967980889545
Cells_Intensity_MaxIntensityEdge_ER	0.13599095243480108	-0.0014247557987205066	-0.1065501150916578	0.9360675942953318
Cells_Intensity_MaxIntensityEdge_Hoechst	0.0239724722938216	-7.524041986575938e-05	-0.04667891474703319	0.05106847782390053
Cells_Intensity_MaxIntensityEdge_Mitochondria	0.06474656232479448	-0.0005277974151859832	-0.07746402360761799	0.23640184165004838
Cells_Intensity_MaxIntensityEdge_PM	0.03550750896969235	-0.0008031484284926432	-0.06042210265937028	0.6286488707158964
Cells_Intensity_MaxIntensity_Hoechst	0.011290725419538128	-0.00011298767383333251	0.034399064299428565	-0.12439743465169995
Cells_Intensity_MeanIntensityEdge_Hoechst	0.10214733425871303	-0.0007446910770292574	-0.0895611373338277	0.5257904169253105
Cells_Intensity_MeanIntensity_Hoechst	0.053783528263560365	-0.0005855429584183989	-0.06678555443440413	0.35025306877002205
Cells_Intensity_MinIntensityEdge_Actin	0.10513356037830512	-0.001509889286323798	-0.07544010617409405	0.9036156127584779
Cells_Intensity_StdIntensityEdge_Hoechst	0.04919102275914333	-0.00028139585741503517	-0.06520371216419701	0.2106387433701141
Cells_Intensity_StdIntensityEdge_Mitochondria	0.0814638053976684	-0.00047282101172732116	-0.07996758912388029	0.21505948441839526
Cells_Intensity_StdIntensityEdge_PM	0.0441835247085709	-0.0008900036085691426	-0.05625084885989016	0.5485774910582687
Cells_Intensity_UpperQuartileIntensity_Hoechst	0.06253663963188527	-0.0005514606456790827	-0.07750948306418212	0.4306371556753369
Cells_Neighbors_AngleBetweenNeighbors_Adjacent	0.001076025080569365	0.00020896791665446946	0.00745655988405867	-0.09793882756393699
Cells_Neighbors_FirstClosestDistance_Adjacent	0.009270793956287049	-0.0001742490647339952	0.03457363519251274	0.06818460876784457
Cells_Neighbors_PercentTouching_Adjacent	0.014997518529322629	-0.0004297221265457008	0.044442992394277236	0.13899423614986808
Cells_Neighbors_SecondClosestDistance_Adjacent	0.008690125208240307	-0.00017163726626170375	0.03273277013779307	0.04602780928732825
Cells_RadialDistribution_FracAtD_Actin_1of4	0.018669888088419295	-0.00013925810383384318	0.05016328880765224	0.021190161836443525
Cells_RadialDistribution_FracAtD_Actin_3of4	0.027550107139329927	-9.34739816087187e-05	0.0589480863470526	-0.03590883822184467
Cells_RadialDistribution_FracAtD_Actin_4of4	0.02755024026376074	0.0001294813352475156	-0.0593073514083312	0.010319813471106692
Cells_RadialDistribution_FracAtD_ER_1of4	0.0920844653916375	0.0001417168462019055	0.111885470542538	-0.2863135467681479
Cells_RadialDistribution_FracAtD_Hoechst_1of4	0.01443301548999476	9.252635227355421e-05	0.042946866984171994	-0.1258023768606926
Cells_RadialDistribution_FracAtD_Hoechst_2of4	0.021902988086074604	0.0001314560673213114	0.051489570636588905	-0.1639467192228955
Cells_RadialDistribution_FracAtD_Hoechst_3of4	0.01736923109600952	0.00028983126155619906	0.042683152965280725	-0.25073557969242916
Cells_RadialDistribution_FracAtD_Mitochondria_1of4	0.061468556259173246	0.0002961790080248694	0.08683829540000242	-0.313608522103521
Cells_RadialDistribution_FracAtD_PM_1of4	0.06327897940625393	0.0001324357039088897	0.092647292099976	-0.22305215671974055
Cells_RadialDistribution_FracAtD_PM_3of4	0.0961203718725514	0.00035011662369070757	0.10553640503269528	-0.3983858869973531
Cells_RadialDistribution_FracAtD_PM_4of4	0.10243642564421618	-0.00029584117058795986	-0.11163589439190495	0.3645249217912626
Cells_RadialDistribution_MeanFrac_Actin_1of4	0.0005988337102525998	-5.8218749682023834e-05	0.008947293394763085	0.0563281371339105
Cells_RadialDistribution_MeanFrac_Actin_2of4	0.0002610169702825793	-0.0001507074659327539	0.0034935113242789044	0.12202972194037856
Cells_RadialDistribution_MeanFrac_Actin_3of4	0.0021733114997030123	-0.00011881865286181943	-0.01486722762747102	0.13816300208233578
Cells_RadialDistribution_MeanFrac_Actin_4of4	0.0024810985744193603	4.122612702992092e-05	0.01752931003254887	-0.09956073959665701
Cells_RadialDistribution_MeanFrac_ER_1of4	0.05532196925877475	0.00033561404354715886	0.08063769383216889	-0.36419697546471563
Cells_RadialDistribution_MeanFrac_ER_2of4	0.06385479414146955	0.00042942667075284504	0.08491246724669801	-0.43678269851702567
Cells_RadialDistribution_MeanFrac_ER_3of4	0.022125316927637084	0.0004767044310874149	0.04542520909408428	-0.39809611635533015
Cells_RadialDistribution_MeanFrac_ER_4of4	0.13687043378886132	-0.0005494059841827358	-0.13055616646116716	0.585167812435613
Cells_RadialDistribution_MeanFrac_Hoechst_1of4	0.001940084440761547	0.00023704355426593725	0.011100733062261675	-0.15763194760667532
Cells_RadialDistribution_MeanFrac_Hoechst_2of4	0.0005465818106018538	0.0002291768526999511	-0.0006149147136544246	-0.13298400079352174
Cells_RadialDistribution_MeanFrac_Hoechst_3of4	0.009789784510315647	0.00011503249873458311	-0.03460082261257946	-0.016097257970236298
Cells_RadialDistribution_MeanFrac_Hoechst_4of4	0.02330697651943936	-0.00031079070727235876	-0.050216696195534684	0.2756468923341086
Cells_RadialDistribution_MeanFrac_Mitochondria_1of4	0.02674101694333464	0.0005763932298125674	0.047551133273921145	-0.4235949582972522
Cells_RadialDistribution_MeanFrac_Mitochondria_2of4	0.027251362632313425	0.0007009781980738201	0.04498854576002306	-0.49562891472444237
Cells_RadialDistribution_MeanFrac_Mitochondria_3of4	0.0070255314795397705	0.0006643387754984742	0.011222762650296295	-0.4225020881323944
Cells_RadialDistribution_MeanFrac_Mitochondria_4of4	0.10113647736590758	-0.0009846636128199042	-0.09951995149470154	0.7458065245691623
Cells_RadialDistribution_MeanFrac_PM_1of4	0.01712254200269181	0.0003216678412153621	0.04362355107429519	-0.25371090166151855
Cells_RadialDistribution_MeanFrac_PM_3of4	0.0012715030316521325	0.00034845654895737877	0.00029395994763813896	-0.21472661474594743
Cells_RadialDistribution_MeanFrac_PM_4of4	0.10464157392647389	-0.0005973506678003267	-0.11034397542498471	0.5383753483665743
Cells_RadialDistribution_RadialCV_Actin_1of4	0.001157667439553145	-0.0002758341280164339	0.009289954571311572	0.15101425860480439
Cells_RadialDistribution_RadialCV_Actin_2of4	0.0012804869850001621	-0.00030949208929783505	0.00844777489176099	0.1545229826639581
Cells_RadialDistribution_RadialCV_Actin_3of4	0.001398629164252596	-0.00010920837652668762	-0.01138754511507894	0.08092095745228718
Cells_RadialDistribution_RadialCV_Actin_4of4	0.012255861516958344	-0.00034652443999208337	-0.034315286195977894	0.243404155165507
Cells_RadialDistribution_RadialCV_ER_1of4	0.0018741302952406391	-0.0003101195460536022	-0.009078325149308798	0.20533245837416772
Cells_RadialDistribution_RadialCV_ER_2of4	0.0013441920817021114	-0.00018878294104160165	0.012895224277010231	0.08015644792453322
Cells_RadialDistribution_RadialCV_ER_3of4	0.0060162288164967714	-0.00024391975230611456	0.02876561980936461	0.06040341732799343
Cells_RadialDistribution_RadialCV_ER_4of4	0.004023577718024307	-0.00032212326197947664	0.022898333320961434	0.08415495752002984
Cells_RadialDistribution_RadialCV_Hoechst_1of4	0.030247141143467937	0.00016346836566687582	0.06151412858325664	-0.21538867826710506
Cells_RadialDistribution_RadialCV_Hoechst_2of4	0.07691565742360862	0.00041203868017137765	0.09533072937213018	-0.43034268465124514
Cells_RadialDistribution_RadialCV_Hoechst_3of4	0.0852316997279321	0.0006604076324450681	0.09667263543613522	-0.587034874993381
Cells_RadialDistribution_RadialCV_Hoechst_4of4	0.005514071185078406	0.0002137530037047455	-0.0271988163504309	-0.1144323355214053
Cells_RadialDistribution_RadialCV_Mitochondria_1of4	0.02140410962343353	0.00027679216042083974	0.048390074338563585	-0.29794047157942966
Cells_RadialDistribution_RadialCV_Mitochondria_2of4	0.04287498023656833	0.0005249527546156053	0.06544244204034211	-0.4879088994051178
Cells_RadialDistribution_RadialCV_Mitochondria_3of4	0.061862045695666334	0.0006541551090892167	0.07953171577760494	-0.5995690273677469
Cells_RadialDistribution_RadialCV_Mitochondria_4of4	0.024542335662149584	0.0008408156108164906	0.039570584025987725	-0.637011139349039
Cells_RadialDistribution_RadialCV_PM_1of4	0.01199780178479859	0.00011969931314819095	0.038361981762334574	-0.12965184882410646
Cells_RadialDistribution_RadialCV_PM_2of4	0.04984121543467035	0.0003190603723438663	0.07654681028840624	-0.321049934637019
Cells_RadialDistribution_RadialCV_PM_3of4	0.07340404226623265	0.0003254831054260274	0.09511765710286955	-0.3859143418110193
Cells_RadialDistribution_RadialCV_PM_4of4	0.01307176766002105	2.184335336052054e-05	0.041112655099093676	-0.1472974920317287
Cells_Texture_Contrast_Hoechst_3_02_256	0.001151256511102483	0.00014584436571749555	0.006877137485004088	-0.2287591458609483
Cells_Texture_Correlation_Actin_3_01_256	0.03637079634955287	-0.001234088763518058	-0.040210379295452583	0.7673034208922017
Cells_Texture_Correlation_Actin_3_03_256	0.05556982243240094	-0.0012917881623994182	-0.05615801296456966	0.8936218190058436
Cells_Texture_Correlation_Hoechst_3_00_256	0.029277485920116475	-0.0008605975669488332	-0.04315001829025884	0.5743707417748983
Cells_Texture_Correlation_Hoechst_3_01_256	0.03672359356842603	-0.0009140867949443875	-0.0500645697196036	0.6146583569365788
Cells_Texture_Correlation_Hoechst_3_02_256	0.03226377332444064	-0.0009993798998746595	-0.042803269943211514	0.6294275825309368
Cells_Texture_Correlation_Hoechst_3_03_256	0.035317757704176445	-0.0009038193285274422	-0.04810763524870967	0.6333990418591413
Cells_Texture_Correlation_Mitochondria_3_00_256	0.013164290152820057	0.0007944531444240082	0.025974317711592112	-0.5438297705078069
Cells_Texture_Correlation_Mitochondria_3_01_256	0.010142913348797689	0.0005404801099981799	0.027273416501754376	-0.41249819365910834
Cells_Texture_Correlation_Mitochondria_3_02_256	0.010493332793799826	0.00048378645049098316	0.030057155728341296	-0.4006689599917286
Cells_Texture_Correlation_PM_3_00_256	0.08593486755638302	0.0003935430747611996	0.11080384718706977	-0.6610195125719693
Cells_Texture_Correlation_PM_3_01_256	0.06958956616889667	0.0002634283803631682	0.09957509087377682	-0.5547715100068034
Cells_Texture_Correlation_PM_3_02_256	0.0847215624899097	0.0002577320024011972	0.11148402248041779	-0.5967446361133788
Cells_Texture_Correlation_PM_3_03_256	0.0672747500578913	0.0002514971564015052	0.09728833272160889	-0.5081531778460842
Cells_Texture_DifferenceVariance_Hoechst_3_01_256	0.0005789299995261343	6.556875198197102e-05	0.007678920448760097	0.045827103873890024
Cells_Texture_InfoMeas1_Actin_3_00_256	0.0010817702689797093	0.00025067972547477104	-0.009381878458564231	-0.14129739048068266
Cells_Texture_InfoMeas1_Actin_3_01_256	0.0017674302508408068	0.0003956755520889935	-0.007757802629278574	-0.171589725475278
Cells_Texture_InfoMeas1_Actin_3_02_256	0.003084773518092221	0.0005342199558562937	-0.009976003364154806	-0.27187596658219615
Cells_Texture_InfoMeas1_Actin_3_03_256	0.0032916290524244163	0.000509685869139994	0.005042065788211802	-0.32560408717678774
Cells_Texture_InfoMeas1_Hoechst_3_00_256	0.0020997679347113385	0.0004705862542456304	0.00022647828101313066	-0.33223875015689036
Cells_Texture_InfoMeas1_Hoechst_3_01_256	0.006227959855493959	0.0006454510817425398	0.01305952414753155	-0.4244077439109502
Cells_Texture_InfoMeas1_Hoechst_3_02_256	0.0032174734998673404	0.0005782716310115462	0.0003683301000090931	-0.3748367521666575
Cells_Texture_InfoMeas1_Hoechst_3_03_256	0.006113063735879498	0.0006695247199966088	0.010475645203066701	-0.45443268372834866
Cells_Texture_InfoMeas2_Actin_3_00_256	0.042344309456945894	-0.0013789393319855203	-0.0393219379516366	0.8625475122915
Cells_Texture_InfoMeas2_Actin_3_01_256	0.040159839576664025	-0.0014718793216308105	-0.03593696740940953	0.857863000218827
Cells_Texture_InfoMeas2_Actin_3_02_256	0.046154364052179764	-0.0016261471651122707	-0.03555677859794083	0.9616628729645733
Cells_Texture_InfoMeas2_Actin_3_03_256	0.055745645715237435	-0.0015284755142990975	-0.048226221794941265	0.9712788468840851
Cells_Texture_InfoMeas2_Hoechst_3_00_256	0.060644914492246293	-0.0002992276010978788	-0.08352038462425226	0.3140408933431177
Cells_Texture_InfoMeas2_Mitochondria_3_00_256	0.006756845664900646	0.0008730622200090265	0.00013852959678548176	-0.5710431794779721
Cells_Texture_InfoMeas2_Mitochondria_3_01_256	0.0037499112895212905	0.0005816307690085531	0.0062332439023584625	-0.4445304311326351
Cells_Texture_InfoMeas2_Mitochondria_3_02_256	0.0035146155252816502	0.0005642808324149264	0.006552030097999392	-0.437767902885672
Cells_Texture_InfoMeas2_Mitochondria_3_03_256	0.003006897859892721	0.0005888244999587374	-0.0036184821444044555	-0.36630447373769337
Cells_Texture_InfoMeas2_PM_3_00_256	0.035336933217153255	0.00012466199155005352	0.06586317422052403	-0.26636664039532576
Cells_Texture_InfoMeas2_PM_3_01_256	0.030163496667152123	2.9010718189578126e-05	0.0614392175509757	-0.20838694145040362
Cells_Texture_InfoMeas2_PM_3_02_256	0.03438725918645691	-5.193778234915123e-05	0.06682322723472914	-0.1864880836274288
Cells_Texture_InfoMeas2_PM_3_03_256	0.02499007236963091	-1.4901922753720814e-06	0.05400418750423254	-0.11964371154623857
Cells_Texture_InverseDifferenceMoment_Hoechst_3_01_256	0.036575702977875046	9.890364028055062e-05	0.0645282499066308	-0.12951430151799412
Cells_Texture_SumAverage_Hoechst_3_03_256	0.03103920778859559	-0.000152169453861083	-0.05476116756086071	0.08306395198075904
Cells_Texture_SumVariance_Actin_3_03_256	0.11383964559206872	-0.0016458994482537973	-0.07708206933914584	0.9656097649204884
Cells_Texture_Variance_Hoechst_3_01_256	0.00021425383508455464	-0.00011747530630042801	-5.171423652742801e-05	-0.1340581156555371
Nuclei_AreaShape_BoundingBoxArea	0.06866067983439994	-0.0009319428298280022	-0.07445577143460941	0.9175438718122835
Nuclei_AreaShape_Compactness	0.0006243324815521367	9.994891156240321e-05	-0.006303756018818154	-0.11385253823622243
Nuclei_AreaShape_Extent	0.00011755080679742846	2.1901067678461938e-05	0.0032997283528988204	0.053424598961214625
Nuclei_AreaShape_FormFactor	0.0006615133595492262	-0.00011883941050571233	0.007615888629356708	0.12971544211316033
Nuclei_AreaShape_MajorAxisLength	0.041389254022040856	-0.0006327054394383877	-0.05824211470665779	0.6388594707186951
Nuclei_AreaShape_MinFeretDiameter	0.05160379766357703	-0.000907789903487115	-0.06372472054527487	0.9187068847440821
Nuclei_AreaShape_Orientation	0.0006603711806413282	-3.321571246138961e-05	0.009490280904553174	-0.03709819570816899
Nuclei_AreaShape_Solidity	0.0004352765296131711	-0.00016290222900802425	-0.0007547030728726484	0.1816862915788251
Nuclei_AreaShape_Zernike_0_0	0.000589216230004519	-0.00020970684733097447	-0.002325051949752361	0.23934734171400787
Nuclei_AreaShape_Zernike_1_1	0.00021627403350676921	-0.00014870989787904576	0.002214310500891894	0.06340747318150373
Nuclei_AreaShape_Zernike_2_0	0.0002911353181754839	0.00018079014180616502	-0.002196640776093535	-0.19003271060697047
Nuclei_AreaShape_Zernike_2_2	0.0027480697989991087	0.0003358145380215541	0.012571704208890413	-0.31570965173821713
Nuclei_AreaShape_Zernike_3_1	0.0005403122535734273	-0.00023766245159064986	0.001514400362311839	0.12338304501729781
Nuclei_AreaShape_Zernike_3_3	0.0001641136758949724	-0.00012728907659412684	0.002283519524873029	0.06335799347489118
Nuclei_AreaShape_Zernike_4_0	0.004675199507492733	-0.00033797541830672196	-0.017801384637299536	0.32846267147603664
Nuclei_AreaShape_Zernike_4_2	0.00037746846995334593	-8.408367218811321e-05	-0.005315358810958576	0.06741476685573117
Nuclei_AreaShape_Zernike_4_4	0.0005487317087324861	0.00018037072022398628	0.0036158818401762815	-0.19945074283912023
Nuclei_AreaShape_Zernike_5_1	3.897826566567897e-05	-5.455109298864773e-05	0.0016196536815650908	0.007249367357358549
Nuclei_AreaShape_Zernike_5_3	7.102287739746416e-05	-6.377037165375486e-05	0.0025464417153707943	0.013577304164173099
Nuclei_AreaShape_Zernike_5_5	0.0005068211828108682	-8.809552686546933e-05	-0.006501561277867162	0.03703435046594322
Nuclei_AreaShape_Zernike_6_0	0.00012958602770762884	0.00010181700886330629	0.001501817533134169	-0.03511091440299841
Nuclei_AreaShape_Zernike_6_2	0.0011897281389187109	0.000236921927454143	0.007511685276313185	-0.21947220017834662
Nuclei_AreaShape_Zernike_6_4	0.0013431575303928245	0.00022777175464185122	0.008463431461735824	-0.170396728205232
Nuclei_AreaShape_Zernike_6_6	8.931520520361058e-05	3.900094559485361e-05	-0.0031664553771649016	-0.09240865009246696
Nuclei_AreaShape_Zernike_7_1	0.00037897594374980414	-0.00015256863573238726	-0.0034911314280844184	0.10694932279338965
Nuclei_AreaShape_Zernike_7_3	0.00040127167778003514	-0.00010291844524053722	0.006874434917031983	0.02285720522380115
Nuclei_AreaShape_Zernike_7_5	0.0010029156527983085	0.00010361276478414283	0.009685300939062827	-0.11654637443705826
Nuclei_AreaShape_Zernike_7_7	0.0001015503882947355	-6.171644689340755e-05	-0.002322573818240957	0.002974484883831445
Nuclei_AreaShape_Zernike_8_0	0.0007802732376319677	-8.397063930510542e-05	-0.008949643171448161	0.06655932791257223
Nuclei_AreaShape_Zernike_8_2	0.002155435476682288	-0.0001735938110628314	-0.014318830693360872	0.15647042784044363
Nuclei_AreaShape_Zernike_8_4	0.0009457971758896067	0.00023431452312464758	0.005137464073203754	-0.1614437147666081
Nuclei_AreaShape_Zernike_8_6	0.003084116816079341	0.00030956388677303364	0.014082800199850797	-0.2689347670474157
Nuclei_AreaShape_Zernike_8_8	0.0002639829892047141	-9.358643871937166e-05	-0.0036052417635452183	-0.01543180229111557
Nuclei_AreaShape_Zernike_9_1	2.4391834428150183e-05	-3.813735043405878e-05	-0.0008899070242531485	0.03017526287309425
Nuclei_AreaShape_Zernike_9_3	9.32700920908136e-05	-7.758057842010534e-05	0.0027744684772842633	0.02751090105837112
Nuclei_AreaShape_Zernike_9_5	5.4000514116192555e-05	-3.311936211903126e-05	0.002617199553997281	-0.003924096541713155
Nuclei_AreaShape_Zernike_9_7	0.0002875239712888389	-6.752684677182398e-05	0.005946377109480499	-0.029786418592272566
Nuclei_AreaShape_Zernike_9_9	3.447596362460281e-05	5.870678350657422e-05	-0.0008131807353408178	-0.05130125936651758
Nuclei_Correlation_Correlation_Actin_ER	0.11490976032005518	0.0008048191584824287	0.11102022157701259	-0.6588514423753237
Nuclei_Correlation_Correlation_Actin_Hoechst	0.07165839558691778	-0.0006600556179876939	-0.08630187592528213	0.6249504806022177
Nuclei_Correlation_Correlation_Actin_Mitochondria	0.016420991383459427	-0.0007317855151083777	0.04212329352360558	0.370522621287448
Nuclei_Correlation_Correlation_Actin_PM	0.0008259206595034874	-0.00015977213260835117	-0.006871572089610691	0.11102187068829077
Nuclei_Correlation_Correlation_ER_Hoechst	0.007753361777766199	-0.00014430503555271128	0.03182767792714549	-0.005681935585206387
Nuclei_Correlation_Correlation_ER_Mitochondria	0.07186718085929478	0.0009388788700449547	0.08442470230645892	-0.7713706525992219
Nuclei_Correlation_Correlation_ER_PM	0.015204990568959409	0.0002124938055422056	0.04158054707098651	-0.3661946015149279
Nuclei_Correlation_Correlation_Hoechst_Mitochondria	0.010426168088815801	0.0005969441634987853	0.02382379533389397	-0.3924796618412725
Nuclei_Correlation_Correlation_Hoechst_PM	0.0661959323244079	0.00047871590678129773	0.08783136523843706	-0.4336086855558416
Nuclei_Correlation_Correlation_Mitochondria_PM	0.01994527259230494	0.0007727784788220709	0.0375455586699908	-0.7061536972904217
Nuclei_Correlation_K_Actin_ER	0.16838172695768827	0.0017943140576755481	0.10674327281921661	-1.2668038216763835
Nuclei_Correlation_K_Actin_Mitochondria	0.14406640127518933	0.002011833247185191	0.06819509223624198	-1.3736114809565134
Nuclei_Correlation_K_ER_Actin	0.15543218252567592	-0.0023428964252933024	-0.10369946196982002	1.5234966237702763
Nuclei_Correlation_K_ER_Hoechst	0.08640064814588533	0.001198233788958434	0.08291910498248131	-0.8663167930879503
Nuclei_Correlation_K_ER_Mitochondria	0.02042839936939278	0.0008598563920449558	-0.045341723517126536	-0.5052794751553773
Nuclei_Correlation_K_ER_PM	0.10852395094130218	0.0007742631454375431	0.11905869784509783	-0.5611591283101701
Nuclei_Correlation_K_Hoechst_Actin	0.2049258108938663	-0.00226480933493082	-0.12092878369216324	1.496135218613107
Nuclei_Correlation_K_Hoechst_ER	0.058847834389426645	-0.0009052283253227197	-0.07150064063266232	0.6415605826882202
Nuclei_Correlation_K_Hoechst_Mitochondria	0.11168512214217807	-0.00037828239652556447	-0.11027107705416157	0.338551456984834
Nuclei_Correlation_K_Hoechst_PM	0.005894067841710204	-0.0007860168913427721	-0.002145334181553379	0.5504548292351022
Nuclei_Correlation_K_Mitochondria_Actin	0.1369440810427619	-0.002674936400513269	-0.07693445163967585	1.6837898425296125
Nuclei_Correlation_K_Mitochondria_ER	0.027120431027063074	-0.0013140714862874244	0.05641193123087096	0.6965372935722631
Nuclei_Correlation_K_Mitochondria_PM	0.16148698321556765	-0.0012509531418599476	0.16942739039468613	0.5117604285595282
Nuclei_Correlation_K_PM_Actin	0.26838119636902813	-0.002338806599493222	-0.14049103084374082	1.5463861540200834
Nuclei_Correlation_K_PM_ER	0.100638189152091	-0.0007203589806731612	-0.10185545456014533	0.4886938062278239
Nuclei_Correlation_K_PM_Hoechst	0.007074661887433886	0.0007619482074713949	-7.366062811131293e-05	-0.5825895051128676
Nuclei_Correlation_K_PM_Mitochondria	0.15999994312084587	0.0001139287232304751	-0.13283395729053582	-0.05665103839239058
Nuclei_Correlation_Overlap_Actin_ER	0.08447207287838931	0.0009193428809308592	0.09008055695605502	-0.7235108681424368
Nuclei_Correlation_Overlap_Actin_Hoechst	0.007415210924748394	-1.4543683034280834e-05	-0.029263743056687535	0.06900669348351217
Nuclei_Correlation_Overlap_Actin_Mitochondria	0.001191128106953765	-0.0003295497197997701	0.004998203115814447	0.19450873280808706
Nuclei_Correlation_Overlap_Actin_PM	0.0016898537103048339	0.00020896919153300298	0.010847654356393763	-0.19146877472235427
Nuclei_Correlation_Overlap_ER_Hoechst	0.10016167868032222	0.0008206611894014422	0.10470571399980169	-0.694107416389421
Nuclei_Correlation_Overlap_ER_Mitochondria	0.12182469981411503	0.0012114145176415985	0.11579383014384818	-0.9621138230895477
Nuclei_Correlation_Overlap_ER_PM	0.15631530447330255	0.0011031558950130578	0.14378849093381474	-1.074366492071251
Nuclei_Correlation_Overlap_Hoechst_Mitochondria	0.002305595617339007	0.0002776638851493928	0.011460692538606227	-0.11037546275773846
Nuclei_Correlation_Overlap_Hoechst_PM	0.047024276335166926	0.0005248473522871033	0.07563604791870991	-0.48801459299114913
Nuclei_Correlation_Overlap_Mitochondria_PM	0.02675406035879735	0.0006220075348514748	0.06410804073943953	-0.6435815531056748
Nuclei_Correlation_RWC_Actin_ER	0.04821986217028573	0.0013989915303144588	0.04996118077188704	-0.8723906451792164
Nuclei_Correlation_RWC_Actin_Hoechst	0.000942343705433446	-1.8405182903176007e-05	-0.010294594685381617	0.09233501977086711
Nuclei_Correlation_RWC_Actin_Mitochondria	0.0014368113602177823	-0.00022129102396921242	-0.00892386946032528	0.20073373401095368
Nuclei_Correlation_RWC_Actin_PM	0.06151599660760365	0.0012616273843786363	0.06493371335382851	-0.8217800484554361
Nuclei_Correlation_RWC_ER_Actin	0.008260922856396902	0.0008018892893511556	0.007445166142374627	-0.4406741467814927
Nuclei_Correlation_RWC_ER_Hoechst	0.07098947201015848	-0.0010612260697390296	-0.07867436676941048	0.7690070925878782
Nuclei_Correlation_RWC_ER_Mitochondria	0.03618696905409402	-0.001354499028901977	-0.036374266925466074	0.8860979601512645
Nuclei_Correlation_RWC_ER_PM	0.0032937432109210185	-0.00021999060951390082	-0.019667138145443127	0.0856708328461901
Nuclei_Correlation_RWC_Hoechst_Actin	0.02809588386777151	-0.0005792480895640912	-0.04903708494411504	0.4773161932806468
Nuclei_Correlation_RWC_Hoechst_ER	0.07694948161670867	-0.0011388216781150734	-0.08204945635849362	0.8069713958945016
Nuclei_Correlation_RWC_Hoechst_Mitochondria	0.013921685179451249	0.0001699265766923633	-0.043002509673633775	0.027769052174862394
Nuclei_Correlation_RWC_Hoechst_PM	0.010509744257216846	-0.0008236068987808261	-0.01798704445335833	0.5138671854726841
Nuclei_Correlation_RWC_Mitochondria_Actin	0.010324179377792841	-0.0005130021223257168	-0.025340917806289224	0.39377578376274835
Nuclei_Correlation_RWC_Mitochondria_ER	0.01798577081646302	-0.0011354815369237757	-0.016226152680675905	0.7241482986962537
Nuclei_Correlation_RWC_Mitochondria_PM	0.030936635843137106	-0.00013829834629632083	0.0626802162938544	0.050944811498332396
Nuclei_Correlation_RWC_PM_ER	0.011782237441670729	-0.00035296020983640805	-0.036023546738202475	0.19431065421271437
Nuclei_Correlation_RWC_PM_Mitochondria	0.01957080746167239	-0.00017682275877691056	0.04799758890485	0.12496744741575068
Nuclei_Granularity_1_Actin	0.06017733298551231	-0.0002612612568219672	-0.09009867570942282	0.4175675338373691
Nuclei_Granularity_1_ER	0.013279406966024032	-0.0006339423525939338	-0.03055041830880122	0.4421891928395568
Nuclei_Granularity_1_Hoechst	0.010661609039095299	0.0006659301935941691	0.023317893002092194	-0.39062582307023613
Nuclei_Granularity_1_Mitochondria	0.03556308514958151	-0.0008895641362453459	-0.053869474305771464	0.62736799184716
Nuclei_Granularity_1_PM	0.0669182016856924	-0.0010578761229065672	-0.0836006480217606	0.8270697705475517
Nuclei_Intensity_IntegratedIntensityEdge_Hoechst	0.029281849709439256	-0.0008667069752246572	0.047826820736248554	-0.011056168780925246
Nuclei_Intensity_IntegratedIntensity_ER	0.053364084981532	-0.0009964590182464472	-0.05591768540070146	0.609083812962
Nuclei_Intensity_IntegratedIntensity_Hoechst	0.018496762081324003	-0.0011285950935599532	0.00570626926338103	0.4809662211893953
Nuclei_Intensity_IntegratedIntensity_Mitochondria	0.09413084006802908	-0.000662119289187409	-0.08675589992575786	0.4140196901013528
Nuclei_Intensity_IntegratedIntensity_PM	0.016615512177100666	-0.0011667401779285414	0.0016819421955793024	0.637699893733841
Nuclei_Intensity_LowerQuartileIntensity_Hoechst	0.07754860882383707	-0.00020754908876162285	0.0883426941823592	-0.4841973498957694
Nuclei_Intensity_LowerQuartileIntensity_Mitochondria	0.061512872386338846	-0.00032341985727553016	-0.07143919136618988	0.09437401577673593
Nuclei_Intensity_LowerQuartileIntensity_PM	0.023568785914342638	-0.0007981141572817173	0.04896959243429404	0.20290933104756648
Nuclei_Intensity_MADIntensity_Actin	0.1552293379325974	-0.001913091047277734	-0.09312533353828459	1.2068372588061076
Nuclei_Intensity_MADIntensity_ER	0.06581500055686185	-0.000888970918056764	-0.06600439814418167	0.5171498962424914
Nuclei_Intensity_MADIntensity_Hoechst	0.0011643131857563827	-0.0002761740812564981	-0.003104038583829839	0.013984091269882759
Nuclei_Intensity_MADIntensity_Mitochondria	0.008468237447849303	-0.0001280247250244477	-0.0242433188897597	-0.07136199552663346
Nuclei_Intensity_MADIntensity_PM	0.006738375784599904	-0.000621670350073017	-0.00871164166013289	0.2823537478581176
Nuclei_Intensity_MassDisplacement_Actin	0.003673214933473279	-0.0005065339405899464	-0.009642376385968456	0.37474680035650776
Nuclei_Intensity_MassDisplacement_ER	0.02283786681008315	-0.0005818600125365711	-0.045190244564808794	0.44803427163753157
Nuclei_Intensity_MassDisplacement_Hoechst	0.001188319017867867	-9.586189819396703e-05	-0.010504565982660554	0.07773620448691022
Nuclei_Intensity_MassDisplacement_Mitochondria	3.322485672163644e-05	-5.752419151795407e-05	0.000867464851686543	0.01084887072463266
Nuclei_Intensity_MassDisplacement_PM	0.013019052189547797	-0.00040409977984488387	-0.035744256977870745	0.3248124831480098
Nuclei_Intensity_MaxIntensity_Actin	0.1420593014866497	-0.0022158680715151525	-0.0865121493088323	1.334511712378736
Nuclei_Intensity_MaxIntensity_Hoechst	0.014950930131859774	-0.00022765025000363886	0.040686589121903385	-0.08078668624111333
Nuclei_Intensity_MaxIntensity_Mitochondria	0.04422597741980494	-0.00038981826655827936	-0.06361618190133192	0.1176501406600825
Nuclei_Intensity_MaxIntensity_PM	0.01589348511565991	-0.0008936217847981714	-0.028226552804503625	0.5560601900444999
Nuclei_Intensity_MeanIntensityEdge_Hoechst	0.12944953037845464	-0.0004161788566158368	0.10151979513215659	-0.6031188900431266
Nuclei_Intensity_MinIntensityEdge_ER	0.03490144134462325	-0.0008130608177983017	-0.04783255739211461	0.4673122427858967
Nuclei_Intensity_MinIntensityEdge_Hoechst	0.09239201598912195	-0.0008325516296175635	0.08232429396030472	-0.34193879006805233
Nuclei_Intensity_MinIntensityEdge_Mitochondria	0.0798228286033007	-0.0006255322906111841	-0.07960741008721359	0.33969896387388276
Nuclei_Intensity_MinIntensity_Actin	0.08391142529015128	-0.001375641500795691	-0.06159881735894316	0.7846521155339214
Nuclei_Intensity_MinIntensity_PM	0.007823881228496643	-0.0008303191704598888	0.014109857279126448	0.31765248089205456
Nuclei_Intensity_StdIntensityEdge_Actin	0.14012610895839073	-0.0019837813383457186	-0.08806687716106235	1.216678165741596
Nuclei_Intensity_StdIntensityEdge_ER	0.04658337002441071	-0.000909067946975762	-0.05377781041843743	0.49701524808457886
Nuclei_Intensity_StdIntensityEdge_Hoechst	0.0032063352561648717	1.6155362540751605e-06	0.018184147458680393	-0.16674261121988648
Nuclei_Intensity_StdIntensityEdge_Mitochondria	0.011499885036632906	-8.47838634316013e-06	-0.0325145946498305	-0.1438471148637523
Nuclei_Intensity_StdIntensityEdge_PM	0.002903723269784275	-0.00048358151917230087	-0.0037133791071615485	0.21630603719774968
Nuclei_Intensity_StdIntensity_PM	0.009264998505712274	-0.0006179388727067834	-0.020196934260291448	0.3560537784691047
Nuclei_Neighbors_AngleBetweenNeighbors_Adjacent	0.00017346478715440927	-0.0001351601045333488	0.0006511891178706458	0.08896862507130224
Nuclei_Neighbors_FirstClosestDistance_Adjacent	0.0015796043391155257	-0.00039536949794053794	0.00012213504001000423	0.254564879648603
Nuclei_Neighbors_SecondClosestDistance_Adjacent	0.004110457931898681	-0.00012811590820530842	0.02277610118496507	0.05088512559376748
Nuclei_RadialDistribution_FracAtD_Actin_3of4	0.039987219074507974	-0.0004928941386562198	-0.06578629629928004	0.43301415221338707
Nuclei_RadialDistribution_FracAtD_ER_1of4	0.00022685288016743854	6.311012014449502e-05	-0.005639790504997186	0.056758965376475776
Nuclei_RadialDistribution_FracAtD_ER_3of4	0.13159621152868506	0.0007097998011889202	0.12609002551819803	-0.7645550439709888
Nuclei_RadialDistribution_FracAtD_Hoechst_1of4	0.0011576689789598582	-0.00026927464986003407	-0.00517872746818008	0.1652611327014364
Nuclei_RadialDistribution_FracAtD_Hoechst_2of4	0.002144551313384868	-0.0002678219204442162	-0.01078207976800099	0.16423022553740008
Nuclei_RadialDistribution_FracAtD_Hoechst_3of4	0.0005652427536684268	-0.00011375905122418466	-0.006407645848735926	0.01608247693824808
Nuclei_RadialDistribution_FracAtD_Hoechst_4of4	0.001896760190799207	0.00026183297668364497	0.010061948348692413	-0.13342048007652568
Nuclei_RadialDistribution_FracAtD_Mitochondria_1of4	0.004379907681749895	0.00040354004068650275	0.014498617007736445	-0.18423072944209257
Nuclei_RadialDistribution_FracAtD_Mitochondria_2of4	0.011543461660732834	0.0005617170649841479	0.025295694450084755	-0.3060281193623931
Nuclei_RadialDistribution_FracAtD_Mitochondria_3of4	0.01794363687622902	0.0005344918384874458	0.0373504660319481	-0.409198204577135
Nuclei_RadialDistribution_FracAtD_Mitochondria_4of4	0.018756790776957355	-0.0006540033049727479	-0.03428979565826758	0.3984970606312579
Nuclei_RadialDistribution_FracAtD_PM_1of4	0.006948420517189358	-0.00018505928960757585	-0.027720184725488067	0.273613790926793
Nuclei_RadialDistribution_FracAtD_PM_2of4	0.0060319171363394375	-0.00011497365261748022	-0.025074795458374023	0.22146755044364522
Nuclei_RadialDistribution_FracAtD_PM_3of4	0.028638126868893665	0.00028246469026607657	0.05706881675117495	-0.25860913141073844
Nuclei_RadialDistribution_FracAtD_PM_4of4	1.6502795868511555e-05	3.0179384500705658e-06	-0.001380755783023706	-0.10807618871568876
Nuclei_RadialDistribution_MeanFrac_Actin_1of4	0.01174093649759933	-8.982846117918385e-05	-0.03881874790188445	0.17256819748577384
Nuclei_RadialDistribution_MeanFrac_Actin_2of4	0.02814812771009989	-0.0002353593621548279	-0.058490482459541075	0.3109140136088323
Nuclei_RadialDistribution_MeanFrac_Actin_4of4	0.0549114805413734	0.0004580835133805224	0.08029981781821297	-0.4846339824773665
Nuclei_RadialDistribution_MeanFrac_ER_1of4	0.00031977376375147415	0.00019368633422609915	-0.0016699457082152282	-0.0657961058252221
Nuclei_RadialDistribution_MeanFrac_ER_2of4	0.004861321120014805	0.00031027169849973785	0.020232213081558367	-0.19035092479706203
Nuclei_RadialDistribution_MeanFrac_ER_4of4	0.03707358395657934	-0.0005029204022459472	-0.06321707127368732	0.4283992353938747
Nuclei_RadialDistribution_MeanFrac_Hoechst_1of4	0.00021434791732732883	-0.00012476577898669157	-0.0018866124629793757	-0.02253681554470982
Nuclei_RadialDistribution_MeanFrac_Hoechst_2of4	0.0018864009748673638	-0.00018681814492104204	-0.012265765343793434	0.050110190833818666
Nuclei_RadialDistribution_MeanFrac_Mitochondria_1of4	0.014151641000126336	0.0007345363826770447	0.02636149013273975	-0.46197442317283566
Nuclei_RadialDistribution_MeanFrac_Mitochondria_2of4	0.019539071844717926	0.0007969770967650943	0.03249110379875423	-0.5050134750131126
Nuclei_RadialDistribution_MeanFrac_Mitochondria_4of4	0.022776578124933278	-0.0008186631488088336	-0.03647571068538128	0.5281376081487777
Nuclei_RadialDistribution_MeanFrac_PM_1of4	0.006774326666908026	-4.3527465534251615e-05	-0.030723916761628722	0.14909226728379196
Nuclei_RadialDistribution_MeanFrac_PM_2of4	0.008231792234410729	-2.2236997836737786e-05	-0.032798807707256884	0.14699425309233063
Nuclei_RadialDistribution_MeanFrac_PM_3of4	0.02357666930410951	0.00015573486058005715	0.055400477135398266	-0.13775211343364355
Nuclei_RadialDistribution_MeanFrac_PM_4of4	0.00012892988002644046	-3.5440146666527304e-05	0.004193372230339535	-0.08935339153490174
Nuclei_RadialDistribution_RadialCV_Actin_1of4	0.0010638910177140914	-2.8846731455574185e-05	0.01174924909994997	0.058721365192729816
Nuclei_RadialDistribution_RadialCV_Actin_2of4	0.0013186103237099456	-0.0003644052679585934	0.005275943362550042	0.24492530782220337
Nuclei_RadialDistribution_RadialCV_Actin_3of4	0.002164861656760886	-0.0004704839247648813	0.004890510225879108	0.2950032823630145
Nuclei_RadialDistribution_RadialCV_Actin_4of4	0.002907404834356808	-0.0004339502657447833	-0.007999335050754418	0.3014312885784518
Nuclei_RadialDistribution_RadialCV_ER_1of4	0.09291053530567972	-0.0009143490030829069	-0.10296765205368427	0.7641474227877554
Nuclei_RadialDistribution_RadialCV_ER_2of4	0.09343887224019287	-0.0008938933761124791	-0.09928602574243833	0.7291248287628274
Nuclei_RadialDistribution_RadialCV_ER_3of4	0.034927595297835734	-0.0006124462818076775	-0.05647672993392298	0.45000459445290636
Nuclei_RadialDistribution_RadialCV_ER_4of4	0.0019467833211440633	-0.00026431854341192693	-0.010158279672699335	0.12457745199260323
Nuclei_RadialDistribution_RadialCV_Hoechst_1of4	0.00047726113417456695	0.00020155271908785068	-0.006302493360209355	0.010716080384103918
Nuclei_RadialDistribution_RadialCV_Hoechst_2of4	0.001348826328750219	-6.706018445903298e-05	-0.01217081173499046	0.12346938567427021
Nuclei_RadialDistribution_RadialCV_Hoechst_3of4	1.0368522809112157e-05	-1.9973139026621548e-05	0.0009638725794700871	-0.018018194025637285
Nuclei_RadialDistribution_RadialCV_Hoechst_4of4	0.0005548978037454022	-4.4583390139552896e-05	-0.007413628080195092	0.006735282424237675
Nuclei_RadialDistribution_RadialCV_Mitochondria_1of4	0.0016152589418649832	-0.0002068852752037753	-0.010398246215943213	0.11928045241896543
Nuclei_RadialDistribution_RadialCV_Mitochondria_2of4	0.0006455767683883895	-0.00023939868152046256	-0.0010380890888822738	0.07230886778321685
Nuclei_RadialDistribution_RadialCV_Mitochondria_3of4	0.001165510337606701	-0.00010659496845884943	0.011985545566049905	-0.05345069242542691
Nuclei_RadialDistribution_RadialCV_Mitochondria_4of4	0.01244902867109543	0.0004137222046039685	0.032229791427013176	-0.39178681897710077
Nuclei_RadialDistribution_RadialCV_PM_1of4	0.06739880173375457	-0.000675104637433893	-0.09243603900583601	0.6342896909993371
Nuclei_RadialDistribution_RadialCV_PM_2of4	0.07103940087207994	-0.0007076590974825656	-0.09424554426582636	0.6391532624816835
Nuclei_RadialDistribution_RadialCV_PM_3of4	0.025130977203413507	-0.0005253435486595243	-0.0529458681383994	0.40739249930667654
Nuclei_RadialDistribution_RadialCV_PM_4of4	0.0038015917592070236	-0.0001732996256776147	-0.02051530028292751	0.12486067730155728
Nuclei_Texture_AngularSecondMoment_Actin_3_03_256	0.14744785003094707	0.0016385660242726585	0.09392612974486175	-1.1592737337523573
Nuclei_Texture_AngularSecondMoment_ER_3_01_256	0.10364581439161158	0.0013517453225458873	0.10126233041217284	-0.8305540952002278
Nuclei_Texture_AngularSecondMoment_Hoechst_3_02_256	0.026002996799977196	-0.00039103223855988466	-0.056731874388280666	0.5479598179574748
Nuclei_Texture_AngularSecondMoment_Mitochondria_3_01_256	0.01370789857685406	-0.00014840095437105698	0.04775126494571803	0.1824792296460288
Nuclei_Texture_AngularSecondMoment_PM_3_01_256	0.013004379352954287	0.00095617204641889	0.013730769772300425	-0.5060659985047318
Nuclei_Texture_Contrast_Actin_3_00_256	0.07168890651652315	-0.0013500836180165756	-0.06666026903213759	0.8328732572465021
Nuclei_Texture_Contrast_Actin_3_01_256	0.07973795825986674	-0.0014572683334372863	-0.06773055353777754	0.8907583920740102
Nuclei_Texture_Contrast_Actin_3_02_256	0.08522843568258165	-0.0015611975946230557	-0.06291974033894882	0.922395998227282
Nuclei_Texture_Contrast_Actin_3_03_256	0.07700323394448116	-0.001357589530288966	-0.06279104118623592	0.8075226306127673
Nuclei_Texture_Contrast_ER_3_01_256	0.03524726825588731	-0.0005933653171966077	-0.05223605446530022	0.3761791836484139
Nuclei_Texture_Contrast_ER_3_03_256	0.04754224350225733	-0.0006275413976922559	-0.05160004415746117	0.3824188931064855
Nuclei_Texture_Contrast_Mitochondria_3_01_256	0.008339753960148744	-0.00027877510568307827	-0.02248784933307061	0.06018595766054044
Nuclei_Texture_Contrast_Mitochondria_3_02_256	0.011116220768647711	-0.0002473235950665704	-0.02686772487991888	0.041138841491506595
Nuclei_Texture_Contrast_PM_3_01_256	0.00526077605835551	-0.0004159575399634107	-0.018517132109001026	0.274580948583122
Nuclei_Texture_Correlation_ER_3_00_256	0.0015999774329190641	-0.00021650138166724083	0.013948001550851963	0.02741831982461837
Nuclei_Texture_Correlation_ER_3_01_256	0.00542027232455089	-0.0002543021213143381	0.026764881882708893	0.022932691474673125
Nuclei_Texture_Correlation_ER_3_02_256	0.0021957048322074346	-0.0003114467217954696	0.01565358455454229	0.06651720104439549
Nuclei_Texture_Correlation_ER_3_03_256	0.005563825632758923	-8.431874695184745e-05	0.02746966232709773	-0.06064869997719605
Nuclei_Texture_Correlation_Hoechst_3_00_256	0.03252001607018562	-0.000667949957339019	-0.054160803523743965	0.4494640092891838
Nuclei_Texture_Correlation_Hoechst_3_01_256	0.02524239431958708	-0.0006184484599442203	-0.04609006766347516	0.3775477424359403
Nuclei_Texture_Correlation_Hoechst_3_02_256	0.033133301584456376	-0.000862447374723743	-0.05076106642815328	0.5252970084832238
Nuclei_Texture_Correlation_Hoechst_3_03_256	0.02859320668001475	-0.0007045060724412877	-0.0490978038759522	0.4720979775443488
Nuclei_Texture_Correlation_Mitochondria_3_00_256	0.011418769908505766	0.0005208934238780063	0.03012885391919569	-0.4368978447192008
Nuclei_Texture_Correlation_Mitochondria_3_01_256	0.010524168971474457	0.00034230536918959746	0.031926880880161136	-0.34262042915755103
Nuclei_Texture_Correlation_Mitochondria_3_02_256	0.010183749374831907	0.00037227231225314027	0.0314958654106054	-0.3761138112096756
Nuclei_Texture_Correlation_Mitochondria_3_03_256	0.008744103570575534	0.000401939206200064	0.027284581228292006	-0.3209092925794674
Nuclei_Texture_Correlation_PM_3_00_256	0.005678463249733534	-0.00025459540789755345	-0.02196826675640432	0.16724555730835564
Nuclei_Texture_Correlation_PM_3_01_256	0.0006124789806569719	-0.0001856972581094314	-0.0038319596337129877	0.0772285380832032
Nuclei_Texture_Correlation_PM_3_02_256	0.005161240097083519	-0.00042966276067331837	-0.01595140562505795	0.2335989617001352
Nuclei_Texture_Correlation_PM_3_03_256	0.0010692952979448611	-0.00020434216644784584	-0.00690104986114207	0.1352439874861999
Nuclei_Texture_DifferenceEntropy_Actin_3_00_256	0.18536562146554536	-0.002311407625348378	-0.10815772490904715	1.4812098742221909
Nuclei_Texture_DifferenceEntropy_ER_3_01_256	0.15435448993768075	-0.0014375932023862417	-0.1151198043657506	0.9334430067817756
Nuclei_Texture_DifferenceEntropy_ER_3_03_256	0.1611455219631519	-0.0015066664975111955	-0.11555844529318457	0.9652940184371874
Nuclei_Texture_DifferenceEntropy_Hoechst_3_02_256	0.023500861855469957	0.00018394515933110162	0.05068563887428431	-0.3802205904592291
Nuclei_Texture_DifferenceEntropy_Mitochondria_3_02_256	0.045081622489899664	-0.00029162974255656773	-0.0658800128007949	0.06161730223162784
Nuclei_Texture_DifferenceEntropy_PM_3_02_256	0.02676471079758902	-0.0010992001472943805	-0.03601830202118341	0.6529020570179609
Nuclei_Texture_DifferenceVariance_ER_3_01_256	0.1432889305927051	0.0017499122605060503	0.11249974434367432	-1.071307510404272
Nuclei_Texture_DifferenceVariance_Mitochondria_3_01_256	0.05535386069641113	-5.625887235717081e-06	0.09540660160548468	0.031657025192366794
Nuclei_Texture_DifferenceVariance_PM_3_01_256	0.029486497662323252	0.0013164340372396313	0.03062045006944181	-0.7641725199658885
Nuclei_Texture_InfoMeas1_ER_3_00_256	0.042663057169832985	-0.00045457305733697203	-0.06983865524829286	0.42129098681950683
Nuclei_Texture_InfoMeas1_ER_3_01_256	0.041032712004454575	-0.00017293305610912148	-0.0715363137722355	0.2933356250144269
Nuclei_Texture_InfoMeas1_ER_3_02_256	0.04059184696756135	-0.00026217087050508045	-0.07108393970946708	0.3311734092915122
Nuclei_Texture_InfoMeas1_ER_3_03_256	0.04381853407089009	-0.0002986007268979911	-0.07341686618742752	0.3469682967575261
Nuclei_Texture_InfoMeas1_Hoechst_3_00_256	0.02187517470226852	0.0007079053142622526	0.040485030538581386	-0.47653436731474674
Nuclei_Texture_InfoMeas1_Hoechst_3_01_256	0.009568003567885786	0.0005378909537075945	0.023354868973784904	-0.293216453561281
Nuclei_Texture_InfoMeas1_Hoechst_3_02_256	0.024423591085302898	0.0008378246892612308	0.04072511819016613	-0.5309787949881091
Nuclei_Texture_InfoMeas1_Hoechst_3_03_256	0.01069976124943861	0.0006068095836164432	0.02439650566997781	-0.3575340359432669
Nuclei_Texture_InfoMeas1_Mitochondria_3_00_256	0.040055191981430704	-0.000856188953218402	-0.059504702161179826	0.6512464328053911
Nuclei_Texture_InfoMeas1_Mitochondria_3_01_256	0.031544192815872174	-0.0006221155848956361	-0.05439302194880885	0.5472910050882589
Nuclei_Texture_InfoMeas1_Mitochondria_3_02_256	0.037994656782768144	-0.0005635827539178386	-0.06356806948993844	0.5171478865512106
Nuclei_Texture_InfoMeas1_Mitochondria_3_03_256	0.026530306362894662	-0.0006456909835260984	-0.049425356643956246	0.5036185795962633
Nuclei_Texture_InfoMeas1_PM_3_00_256	0.004778093182770782	-0.0001750677715653998	0.024158446643448458	0.028608428422742513
Nuclei_Texture_InfoMeas1_PM_3_01_256	0.0004728704869446654	-8.209745308813098e-05	0.0073376008498175944	0.04996129901300139
Nuclei_Texture_InfoMeas1_PM_3_02_256	0.0029357187919684113	6.774315652333262e-05	0.017741001265588918	-0.07120292680969863
Nuclei_Texture_InfoMeas1_PM_3_03_256	0.0010666433082232585	-2.6403122550090946e-06	0.011174389566065273	-0.05084911211602725
Nuclei_Texture_InfoMeas2_Hoechst_3_00_256	0.00843234912447377	-0.0005674120040810722	-0.020104948278612395	0.30990078282504585
Nuclei_Texture_InfoMeas2_Hoechst_3_01_256	0.002895853175833074	-0.00044337473315509665	-0.006404792584412984	0.1762696889213938
Nuclei_Texture_InfoMeas2_Hoechst_3_02_256	0.010618021872621619	-0.0007155788572336675	-0.019718920637303277	0.37191612989687656
Nuclei_Texture_InfoMeas2_Hoechst_3_03_256	0.0034793228629380613	-0.0004860579085579431	-0.007334609791396335	0.22216761803675483
Nuclei_Texture_InfoMeas2_Mitochondria_3_00_256	0.006832682622069153	0.0005723044478665369	0.019945348051856503	-0.5162064239561681
Nuclei_Texture_InfoMeas2_Mitochondria_3_01_256	0.007238843175585319	0.00047689713527760444	0.023318824341662266	-0.47831482088287214
Nuclei_Texture_InfoMeas2_Mitochondria_3_02_256	0.006249831877635281	0.00048013529179894495	0.02145212093848234	-0.4772347241927206
Nuclei_Texture_InfoMeas2_Mitochondria_3_03_256	0.006179470780640628	0.0005371153160937136	0.018463516535832412	-0.472088480676768
Nuclei_Texture_InfoMeas2_PM_3_01_256	0.005678194906942546	-0.0004111395265119177	-0.01812119886179913	0.2506641330143029
Nuclei_Texture_InfoMeas2_PM_3_03_256	0.007069221572970297	-0.00044307273886838203	-0.020732086693886063	0.3052975692326239
Nuclei_Texture_InverseDifferenceMoment_Actin_3_01_256	0.2416247432543559	0.002512560028565845	0.12832246253913857	-1.666738637022145
Nuclei_Texture_InverseDifferenceMoment_ER_3_01_256	0.14045850285714534	0.0013420908188138472	0.1100126809681842	-0.8545041145420093
Nuclei_Texture_InverseDifferenceMoment_ER_3_03_256	0.1461098167270617	0.001395042011595774	0.10986070314210789	-0.8690910026417745
Nuclei_Texture_InverseDifferenceMoment_Mitochondria_3_00_256	0.029519857897264412	0.00030156867095206045	0.05193048796964161	-0.02382298733111171
Nuclei_Texture_InverseDifferenceMoment_Mitochondria_3_01_256	0.022078197127910926	0.00012332006077369817	0.04802107130832202	0.061719200329592855
Nuclei_Texture_InverseDifferenceMoment_Mitochondria_3_02_256	0.030323403430427054	0.00011130616809708787	0.0549782380204942	0.06363163570638572
Nuclei_Texture_InverseDifferenceMoment_Mitochondria_3_03_256	0.020453389126984356	0.00010441609258538208	0.045177210446793535	0.10804702837049737
Nuclei_Texture_InverseDifferenceMoment_PM_3_00_256	0.016512626049804746	0.0011360587326684247	0.008910686078812437	-0.5598378157082757
Nuclei_Texture_InverseDifferenceMoment_PM_3_01_256	0.01657927603008369	0.0010459224080242085	0.015561067895661085	-0.5368809903092738
Nuclei_Texture_InverseDifferenceMoment_PM_3_02_256	0.01459627095930105	0.0009945906168272807	0.013313490685302146	-0.5013630525305807
Nuclei_Texture_InverseDifferenceMoment_PM_3_03_256	0.015633342217676538	0.0009957720904625114	0.015104341133139486	-0.4817882040773668
Nuclei_Texture_SumEntropy_ER_3_01_256	0.09328956288772328	-0.001303634184968818	-0.08510566629532881	0.7757109210295822
Nuclei_Texture_SumEntropy_Mitochondria_3_00_256	0.010460366142542421	5.4893646421291574e-05	-0.03537837458995876	-0.19341701778579845
Nuclei_Texture_SumEntropy_PM_3_03_256	0.017644517594369136	-0.000957299826870243	-0.023720346739635606	0.5342475679321027
Nuclei_Texture_SumVariance_ER_3_01_256	0.02429364892144581	-0.0005363501761161976	-0.03745482061032955	0.3039801387574354
Nuclei_Texture_SumVariance_Hoechst_3_03_256	0.0013209194278156478	-0.0002706422437938085	-0.004581868450711058	0.08829233523244219
Nuclei_Texture_SumVariance_Mitochondria_3_03_256	0.0031081492686881873	-0.0001688615817797559	-0.01485741541423158	0.025147748081906854
Nuclei_Texture_SumVariance_PM_3_03_256	0.0018873126693643716	-0.0002838769393762929	-0.006916541658063886	0.1489483508032303
