feature	r2_score	cell_count_coef	DMSO_coef	TGFRi_coef
Cytoplasm_AreaShape_Area	0.039682658305855045	-0.0008561618020892085	0.08628560239020588	-0.08628560239020819
Cytoplasm_AreaShape_Compactness	0.01008455915904971	-0.00020804998535773204	0.0778216347559227	-0.07782163475592478
Cytoplasm_AreaShape_Eccentricity	0.0025264289951940633	-0.0001411710127999031	-0.05866032548775016	0.05866032548775172
Cytoplasm_AreaShape_FormFactor	0.00428541658115833	6.0954477060970784e-05	-0.06565004206450675	0.06565004206450852
Cytoplasm_AreaShape_MajorAxisLength	0.0379291120995755	-0.0007039755120494469	0.07409735353902706	-0.07409735353902903
Cytoplasm_AreaShape_MinorAxisLength	0.04849791470343512	-0.0006754824248215516	0.15033816216573237	-0.1503381621657364
Cytoplasm_AreaShape_Orientation	7.33279285541899e-05	-5.515746636531022e-05	-0.005371716775272652	0.005371716775272795
Cytoplasm_AreaShape_Zernike_0_0	0.00033477070521192864	0.00011697241169233099	0.009700918536455556	-0.009700918536455815
Cytoplasm_AreaShape_Zernike_1_1	0.0007283325608431479	0.0001734245276694227	0.019399250862753663	-0.01939925086275418
Cytoplasm_AreaShape_Zernike_2_0	0.005084640812380248	-0.00032234677229491833	0.030219069692925662	-0.030219069692926464
Cytoplasm_AreaShape_Zernike_2_2	0.001152419551251782	9.070532773629663e-05	-0.0264977054924993	0.02649770549250001
Cytoplasm_AreaShape_Zernike_3_1	0.0009699336906996425	0.00019199433979838655	0.00486839784209446	-0.00486839784209459
Cytoplasm_AreaShape_Zernike_3_3	0.0010642946528537367	0.00020807925836043248	0.0064111237990854275	-0.006411123799085598
Cytoplasm_AreaShape_Zernike_4_0	0.00717459030369394	0.0004275960235105377	-0.03271691578400073	0.032716915784001606
Cytoplasm_AreaShape_Zernike_4_2	0.00038592038848672683	-0.00010031106630052022	0.005318601107453089	-0.005318601107453231
Cytoplasm_AreaShape_Zernike_4_4	0.002991137586266457	7.267583232218478e-05	-0.05251923374192935	0.05251923374193076
Cytoplasm_AreaShape_Zernike_5_1	0.003701611659067905	0.0003611039099797146	-0.0019507749760954113	0.0019507749760954633
Cytoplasm_AreaShape_Zernike_5_3	0.00020712748311213502	8.994836627620845e-05	0.0023674198818630777	-0.002367419881863141
Cytoplasm_AreaShape_Zernike_6_0	0.0011212205710868783	0.00021469832105017978	0.0037385033179506127	-0.003738503317950713
Cytoplasm_AreaShape_Zernike_6_2	0.0013748593709949075	0.00019624001511580062	-0.00925967935700087	0.009259679357001116
Cytoplasm_AreaShape_Zernike_6_4	0.00033293729969929853	-5.761302022830303e-05	-0.02191394650483801	0.021913946504838595
Cytoplasm_AreaShape_Zernike_6_6	0.003122141051731364	0.0001986541353737683	-0.03494332184591563	0.034943321845916565
Cytoplasm_AreaShape_Zernike_7_1	0.001141895595982989	0.0002256377350565165	0.020062026399987	-0.020062026399987536
Cytoplasm_AreaShape_Zernike_7_3	0.0012819372945078733	0.00014355155987707825	-0.01947913672184015	0.01947913672184067
Cytoplasm_AreaShape_Zernike_7_5	0.0004169857807020394	6.951663694848102e-05	-0.01302736382009495	0.013027363820095299
Cytoplasm_AreaShape_Zernike_8_0	0.0010142541720290499	0.0001950885623316937	0.03085976296718898	-0.030859762967189806
Cytoplasm_AreaShape_Zernike_8_2	0.00040918860198657647	8.674494931274702e-05	-0.009978917223785747	0.009978917223786014
Cytoplasm_AreaShape_Zernike_8_4	0.00044519606622428487	8.807987845135228e-05	-0.010633856709592342	0.010633856709592627
Cytoplasm_AreaShape_Zernike_8_6	0.000651808718573621	-2.557276142876254e-05	-0.02899049704059488	0.028990497040595656
Cytoplasm_AreaShape_Zernike_9_1	0.0006720179792040204	0.000140578884567252	-0.004993948586116954	0.004993948586117088
Cytoplasm_AreaShape_Zernike_9_3	0.002157796960547742	0.00015781715437498782	-0.030417126758967017	0.03041712675896783
Cytoplasm_AreaShape_Zernike_9_5	0.0031864235518811457	2.6626538934178042e-05	-0.058777701785072065	0.05877770178507364
Cytoplasm_Correlation_Correlation_Hoechst_PM	0.009881926204635905	-0.0005856688277422459	-0.10076475673533236	0.10076475673533505
Cytoplasm_Correlation_RWC_Hoechst_ER	0.0051510241915618815	-9.058756186820746e-05	-0.08414695387314204	0.0841469538731443
Cytoplasm_Correlation_RWC_Hoechst_Mitochondria	0.017309092636937473	0.00015013779591183297	-0.1294516010879086	0.12945160108791207
Cytoplasm_Correlation_RWC_Hoechst_PM	0.005740675229843006	0.00024571504572276187	-0.05479263064768135	0.05479263064768281
Cytoplasm_Correlation_RWC_PM_ER	0.006588457671350301	0.0003761022591576705	-0.02870605416800858	0.028706054168009355
Cytoplasm_Correlation_RWC_PM_Mitochondria	0.015411739446774542	0.0002676523704161771	-0.10420791285396547	0.10420791285396827
Cytoplasm_Granularity_1_ER	7.30167055379427e-05	-5.509731898895551e-05	-0.011728291639619876	0.011728291639620192
Cytoplasm_Granularity_1_Hoechst	0.04824813160897701	0.00011588951603746494	0.2456648266389977	-0.24566482663900427
Cytoplasm_Granularity_1_Mitochondria	0.008147198917087262	0.0005415472009535782	0.10664230736796168	-0.10664230736796451
Cytoplasm_Granularity_1_PM	0.010449679231716691	0.0007489570948992949	0.048535532164889	-0.048535532164890295
Cytoplasm_Intensity_IntegratedIntensityEdge_Hoechst	0.010416437926167976	0.000239976616232764	-0.09791188796466219	0.09791188796466481
Cytoplasm_Intensity_IntegratedIntensity_Actin	0.08620302006804892	-0.00020412596591862245	0.32782281264335805	-0.3278228126433668
Cytoplasm_Intensity_IntegratedIntensity_ER	0.05232784348214159	-0.0007171867596555296	0.1930862277381329	-0.19308622773813808
Cytoplasm_Intensity_IntegratedIntensity_Hoechst	0.006875859808460172	-0.0004899577351127154	0.01694728590971679	-0.016947285909717245
Cytoplasm_Intensity_IntegratedIntensity_Mitochondria	0.01659720008192711	-0.0002932098874841091	0.12353457285211039	-0.1235345728521137
Cytoplasm_Intensity_LowerQuartileIntensity_Actin	0.07434358825522924	0.0010986967921557198	0.30843755825185687	-0.3084375582518651
Cytoplasm_Intensity_LowerQuartileIntensity_ER	0.003484423466179165	0.0003930431800730373	0.019068369293533685	-0.0190683692935342
Cytoplasm_Intensity_LowerQuartileIntensity_Hoechst	0.0016878544761937953	0.00012071915906106501	-0.026462047965014328	0.026462047965015036
Cytoplasm_Intensity_LowerQuartileIntensity_Mitochondria	0.03097025193328662	0.0010684569854497521	-0.01853529707227762	0.018535297072278117
Cytoplasm_Intensity_MADIntensity_ER	0.008961853385443641	-0.00026185714244475147	0.0632294676419847	-0.06322946764198639
Cytoplasm_Intensity_MADIntensity_Hoechst	0.013129360121812317	0.0002377131519007004	-0.09326930718578785	0.09326930718579036
Cytoplasm_Intensity_MADIntensity_Mitochondria	0.045911746445729595	0.001035305701257257	-0.08316478764836084	0.08316478764836306
Cytoplasm_Intensity_MADIntensity_PM	0.014597578487311136	4.125539052106208e-05	-0.12441694172980314	0.12441694172980645
Cytoplasm_Intensity_MassDisplacement_Hoechst	0.005214525211794885	-0.0003984763732081022	-0.06334091904973116	0.06334091904973285
Cytoplasm_Intensity_MassDisplacement_PM	0.0164508365266689	-0.0005948438810052695	0.0473845629317185	-0.04738456293171976
Cytoplasm_Intensity_MaxIntensity_ER	0.01919714172226883	-0.0008037294083401228	-0.022557875663029123	0.02255787566302973
Cytoplasm_Intensity_MaxIntensity_Hoechst	0.06535545573116885	0.00040528741600951736	-0.22859459605837967	0.22859459605838583
Cytoplasm_Intensity_MaxIntensity_Mitochondria	0.005248610452730285	0.0004566691790461344	0.014957073147498272	-0.01495707314749867
Cytoplasm_Intensity_MaxIntensity_PM	0.010021874520243612	-0.00023634178293575303	-0.11986036235732048	0.11986036235732367
Cytoplasm_Intensity_StdIntensityEdge_Hoechst	0.16844698194183838	0.000820730202420509	-0.3470882291084767	0.347088229108486
Cytoplasm_Intensity_StdIntensity_Hoechst	0.11857735813864234	0.0005717368543271479	-0.2862665760213009	0.28626657602130856
Cytoplasm_Intensity_StdIntensity_Mitochondria	0.02775212155035034	0.0007693934319612832	-0.0715265574670531	0.07152655746705501
Cytoplasm_Intensity_StdIntensity_PM	0.02131506325038668	-0.000122403456346964	-0.16382757070299045	0.16382757070299483
Cytoplasm_RadialDistribution_FracAtD_Hoechst_1of4	0.005431438724580406	-0.00023270722648318645	0.047181970533782785	-0.04718197053378404
Cytoplasm_RadialDistribution_FracAtD_Hoechst_2of4	0.006818831251335311	-0.00025945300512901227	0.05561016663168643	-0.05561016663168791
Cytoplasm_RadialDistribution_FracAtD_Hoechst_3of4	0.009296432174598745	-0.00030652598520956994	0.06624050728104376	-0.06624050728104552
Cytoplasm_RadialDistribution_FracAtD_Hoechst_4of4	0.009188311682968187	0.000305231141441917	-0.06548826168880084	0.06548826168880259
Cytoplasm_RadialDistribution_MeanFrac_Hoechst_1of4	0.014950460521255593	-0.00034007325442172667	0.08091608359239483	-0.08091608359239698
Cytoplasm_RadialDistribution_MeanFrac_Hoechst_2of4	0.022369600328580597	-0.00041498674090227156	0.10333062238836188	-0.10333062238836463
Cytoplasm_RadialDistribution_MeanFrac_Hoechst_3of4	0.032492148245339636	-0.0005394244544183645	0.12315675961205996	-0.12315675961206324
Cytoplasm_RadialDistribution_MeanFrac_Hoechst_4of4	0.03124377711932247	0.00044991100992606555	-0.1367584110860892	0.13675841108609285
Cytoplasm_RadialDistribution_MeanFrac_PM_3of4	0.002131520716933344	-0.00021915989007335025	0.01593878032023966	-0.015938780320240084
Cytoplasm_RadialDistribution_MeanFrac_PM_4of4	0.0024477953697741306	0.00013915444710820124	-0.03900841327565094	0.039008413275651986
Cytoplasm_RadialDistribution_RadialCV_Actin_2of4	0.00020282757602474444	-4.444991432789364e-05	-0.016751215967385505	0.01675121596738595
Cytoplasm_RadialDistribution_RadialCV_Actin_3of4	0.00015801099929213525	-4.6637141005427604e-05	-0.01523576193418099	0.015235761934181398
Cytoplasm_RadialDistribution_RadialCV_Actin_4of4	0.0001199779075681251	3.763212847876713e-05	-0.007699513237967399	0.007699513237967605
Cytoplasm_RadialDistribution_RadialCV_ER_2of4	0.0020127631094053466	-0.0002381871715719849	0.014498468746058958	-0.014498468746059343
Cytoplasm_RadialDistribution_RadialCV_ER_3of4	0.0038108207817302286	-0.0004144104559320779	-0.024914500146796886	0.024914500146797552
Cytoplasm_RadialDistribution_RadialCV_ER_4of4	0.010130095714920184	-0.0006403942800163837	-0.07297404563334672	0.07297404563334868
Cytoplasm_RadialDistribution_RadialCV_Hoechst_2of4	0.0019223429342110077	-7.054634737767774e-06	-0.04721729899848866	0.04721729899848992
Cytoplasm_RadialDistribution_RadialCV_Hoechst_3of4	0.019066802786886217	-3.686268614932131e-05	-0.14602941572141545	0.14602941572141936
Cytoplasm_RadialDistribution_RadialCV_Hoechst_4of4	0.0518960790723193	0.00021120415152778573	-0.21606824381418122	0.21606824381418704
Cytoplasm_RadialDistribution_RadialCV_Mitochondria_2of4	0.00023537278293872532	1.988978400658562e-05	-0.013675523019877116	0.01367552301987748
Cytoplasm_RadialDistribution_RadialCV_Mitochondria_3of4	0.00298505451766351	-6.729071156457266e-05	-0.058479286711155806	0.05847928671115736
Cytoplasm_RadialDistribution_RadialCV_Mitochondria_4of4	0.004021183492760594	-0.00010171286818996093	-0.07014167287287645	0.07014167287287833
Cytoplasm_RadialDistribution_RadialCV_PM_2of4	0.00055242872323924	-4.661938068834713e-05	0.022561040414035956	-0.022561040414036563
Cytoplasm_RadialDistribution_RadialCV_PM_3of4	0.0006022982161907331	-0.00016991854889225955	-0.012540696872409923	0.012540696872410259
Cytoplasm_RadialDistribution_RadialCV_PM_4of4	0.0021679304673706268	-0.00031230091952978717	-0.030193672548161125	0.03019367254816193
Cytoplasm_Texture_AngularSecondMoment_ER_3_00_256	0.005503755076869177	-0.0001097788228761871	-0.05585043350040489	0.05585043350040639
Cytoplasm_Texture_AngularSecondMoment_ER_3_01_256	0.005062206987452411	-0.0001345223624343133	-0.05725378116351755	0.057253781163519084
Cytoplasm_Texture_AngularSecondMoment_ER_3_02_256	0.0054758704415772685	-0.00012685638628468954	-0.05706765422973473	0.05706765422973625
Cytoplasm_Texture_AngularSecondMoment_ER_3_03_256	0.003639656768296695	-8.023706774473317e-05	-0.04753060482356937	0.04753060482357064
Cytoplasm_Texture_AngularSecondMoment_Hoechst_3_01_256	0.024596124525454566	-0.0003887313189893005	0.10451613269174928	-0.10451613269175207
Cytoplasm_Texture_AngularSecondMoment_Mitochondria_3_00_256	0.011446880496621015	-0.00039984363035963346	0.016703237640809818	-0.016703237640810265
Cytoplasm_Texture_AngularSecondMoment_Mitochondria_3_01_256	0.010207785804751568	-0.00037052369316216215	0.025426048090695083	-0.02542604809069576
Cytoplasm_Texture_AngularSecondMoment_Mitochondria_3_02_256	0.010699658211523522	-0.00036754006924728306	0.02379528915063448	-0.023795289150635116
Cytoplasm_Texture_AngularSecondMoment_Mitochondria_3_03_256	0.009316429531891934	-0.0003519064550377008	0.024918121127251475	-0.024918121127252137
Cytoplasm_Texture_AngularSecondMoment_PM_3_01_256	0.01698463064714817	-0.00018878856145051974	0.07352374340300137	-0.07352374340300334
Cytoplasm_Texture_Contrast_Actin_3_00_256	0.048440954391334	0.0011200214829547718	0.27471996311221797	-0.2747199631122253
Cytoplasm_Texture_Contrast_ER_3_00_256	0.004553339400270695	-0.0003984673889099128	-0.019041694964379963	0.01904169496438047
Cytoplasm_Texture_Contrast_ER_3_01_256	0.00407891636528479	-0.0003862439976529776	-0.01733769839358594	0.017337698393586405
Cytoplasm_Texture_Contrast_ER_3_02_256	0.003034118607003866	-0.00034045984365242774	-0.02639679092214632	0.026396790922147025
Cytoplasm_Texture_Contrast_ER_3_03_256	0.004225682062505176	-0.00040641500639688663	-0.031070544279187547	0.031070544279188372
Cytoplasm_Texture_Contrast_Hoechst_3_00_256	0.05539830422291747	0.000374596295502287	-0.2040827553639667	0.20408275536397216
Cytoplasm_Texture_Contrast_Hoechst_3_01_256	0.04974600794595274	0.00034520951429910636	-0.19727065781016767	0.19727065781017294
Cytoplasm_Texture_Contrast_Hoechst_3_02_256	0.05499577846940806	0.0004461107084378785	-0.19962239228395817	0.19962239228396347
Cytoplasm_Texture_Contrast_Hoechst_3_03_256	0.05626616364903603	0.00040952160693885674	-0.19389395622314654	0.19389395622315173
Cytoplasm_Texture_Contrast_Mitochondria_3_00_256	0.01350371098533143	0.0007814579782014611	-0.0004963983023905162	0.0004963983023905294
Cytoplasm_Texture_Contrast_Mitochondria_3_01_256	0.012993476493558642	0.0007337661947700474	-0.006623980122846328	0.006623980122846505
Cytoplasm_Texture_Contrast_Mitochondria_3_02_256	0.014366523084320182	0.0007526266849522702	-0.01856227158566394	0.018562271585664435
Cytoplasm_Texture_Contrast_Mitochondria_3_03_256	0.014623558531093872	0.0007295258596859436	-0.024236245451823915	0.024236245451824567
Cytoplasm_Texture_Contrast_PM_3_00_256	0.010725183761965296	0.0002060193500662909	-0.09187052977063306	0.0918705297706355
Cytoplasm_Texture_Contrast_PM_3_01_256	0.011608136530119717	0.00017563972009211504	-0.10124035863259326	0.10124035863259596
Cytoplasm_Texture_Contrast_PM_3_02_256	0.011664188812620213	0.00022798885376418192	-0.0853382381262788	0.0853382381262811
Cytoplasm_Texture_Contrast_PM_3_03_256	0.011955554384099676	0.0001536308078366396	-0.10120962682741316	0.10120962682741587
Cytoplasm_Texture_Correlation_Actin_3_00_256	0.003781880484260536	-5.8339051530840865e-05	0.046244019379656526	-0.046244019379657754
Cytoplasm_Texture_Correlation_Actin_3_01_256	0.0035903515611348524	-0.00011234273763054058	0.04134217953412255	-0.041342179534123655
Cytoplasm_Texture_Correlation_Actin_3_02_256	0.005908031370416622	-7.21941803219438e-05	0.056215006240310575	-0.05621500624031208
Cytoplasm_Texture_Correlation_Actin_3_03_256	0.005531901028387631	-0.00011912800623296818	0.05396073026280125	-0.053960730262802695
Cytoplasm_Texture_Correlation_ER_3_00_256	0.002665440940306407	-0.00030026060897913936	-0.005871219440512042	0.005871219440512199
Cytoplasm_Texture_Correlation_ER_3_01_256	0.0031466035159520844	-0.0003170670159993505	0.001693269677387331	-0.001693269677387376
Cytoplasm_Texture_Correlation_ER_3_02_256	0.0022915239248667563	-0.0002807900695636052	-0.005193908747816344	0.005193908747816483
Cytoplasm_Texture_Correlation_ER_3_03_256	0.002372163189639398	-0.0002987968523733173	-0.009631832810321919	0.009631832810322176
Cytoplasm_Texture_Correlation_Hoechst_3_00_256	0.005017531910471162	1.601590014577098e-05	-0.0732579167968863	0.07325791679688826
Cytoplasm_Texture_Correlation_Hoechst_3_01_256	0.0026379617611939077	-7.059670488316681e-05	-0.0582119915976988	0.05821199159770035
Cytoplasm_Texture_Correlation_Hoechst_3_02_256	0.006205210367557168	5.158037753566854e-05	-0.07821003140808601	0.0782100314080881
Cytoplasm_Texture_Correlation_Hoechst_3_03_256	0.0032255571993657917	-9.972963777441109e-05	-0.06493490762964754	0.06493490762964928
Cytoplasm_Texture_Correlation_Mitochondria_3_00_256	0.004927000806615456	-0.00013227579254067757	-0.08190213905181251	0.0819021390518147
Cytoplasm_Texture_Correlation_Mitochondria_3_01_256	0.004824046444940389	-0.00020143094458875793	-0.08217931104940618	0.08217931104940839
Cytoplasm_Texture_Correlation_Mitochondria_3_02_256	0.0059630818349415415	-0.00023494309170653575	-0.09178748309890764	0.09178748309891009
Cytoplasm_Texture_Correlation_Mitochondria_3_03_256	0.003989424755698967	-0.00021390814430711136	-0.07424975852547235	0.07424975852547432
Cytoplasm_Texture_Correlation_PM_3_00_256	0.004124038848658529	-0.00029924749835356235	-0.06948487008028807	0.06948487008028993
Cytoplasm_Texture_Correlation_PM_3_01_256	0.0025050095542974438	-0.0002751835714780985	-0.05075779525568576	0.05075779525568712
Cytoplasm_Texture_Correlation_PM_3_02_256	0.003629757031032854	-0.0002617298911853992	-0.06694715591850506	0.06694715591850683
Cytoplasm_Texture_Correlation_PM_3_03_256	0.002638770119802958	-0.000318419836664721	-0.04297681004339026	0.042976810043391406
Cytoplasm_Texture_DifferenceEntropy_ER_3_00_256	0.0046956453641473495	-6.499864216550608e-05	0.05217289390900638	-0.052172893909007784
Cytoplasm_Texture_DifferenceEntropy_Hoechst_3_02_256	0.08761639941864086	0.000673495056712389	-0.23161985338732427	0.23161985338733046
Cytoplasm_Texture_DifferenceEntropy_Mitochondria_3_00_256	0.04772944411097768	0.001142323581109098	-0.03131435282550108	0.03131435282550192
Cytoplasm_Texture_DifferenceEntropy_Mitochondria_3_01_256	0.04857542504102452	0.001112474757647796	-0.04367353463292497	0.04367353463292614
Cytoplasm_Texture_DifferenceEntropy_Mitochondria_3_02_256	0.05225130482208429	0.0011650624700082106	-0.03984813819637613	0.03984813819637719
Cytoplasm_Texture_DifferenceEntropy_Mitochondria_3_03_256	0.04792468551889417	0.001079638323135605	-0.05171848350155338	0.051718483501554766
Cytoplasm_Texture_DifferenceEntropy_PM_3_00_256	0.038341541659256184	0.0003306064292193517	-0.15609799270005012	0.1560979927000543
Cytoplasm_Texture_DifferenceEntropy_PM_3_02_256	0.040923473802610855	0.00038293856047354234	-0.15676780404781165	0.15676780404781585
Cytoplasm_Texture_DifferenceEntropy_PM_3_03_256	0.042871655385483765	0.00033299503586480623	-0.1700668526695498	0.17006685266955435
Cytoplasm_Texture_DifferenceVariance_Actin_3_01_256	0.019718529975265464	-0.0001740953668212572	-0.0467474081564524	0.046747408156453646
Cytoplasm_Texture_DifferenceVariance_ER_3_01_256	0.003553894050172701	8.574099480871223e-05	-0.03186740389845	0.031867403898450844
Cytoplasm_Texture_DifferenceVariance_ER_3_03_256	0.0038679033235713423	0.0001253720266805663	-0.026003970309601415	0.02600397030960211
Cytoplasm_Texture_DifferenceVariance_Hoechst_3_02_256	0.12151852585912892	-0.0008014031813390705	0.26965242525027006	-0.2696524252502773
Cytoplasm_Texture_DifferenceVariance_Mitochondria_3_00_256	0.010769654610346291	-0.0004266904694929861	0.01666998757463814	-0.016669987574638587
Cytoplasm_Texture_DifferenceVariance_Mitochondria_3_01_256	0.01052978416044148	-0.0004084114208773672	0.022905617509817823	-0.022905617509818434
Cytoplasm_Texture_DifferenceVariance_Mitochondria_3_02_256	0.011015672229273132	-0.00040050219883762704	0.023924673526893273	-0.02392467352689391
Cytoplasm_Texture_DifferenceVariance_Mitochondria_3_03_256	0.010629075812176647	-0.0003956716724259108	0.025081145782716384	-0.025081145782717057
Cytoplasm_Texture_DifferenceVariance_PM_3_03_256	0.029014370918935883	-1.7064388902358462e-05	0.1404350396710857	-0.14043503967108945
Cytoplasm_Texture_InfoMeas1_ER_3_00_256	0.016070085817765478	0.0007410265865505737	0.07758457866783355	-0.07758457866783564
Cytoplasm_Texture_InfoMeas1_ER_3_01_256	0.014742456973526052	0.0007261053825778067	0.07017116714117116	-0.07017116714117305
Cytoplasm_Texture_InfoMeas1_ER_3_02_256	0.017366121058342898	0.0007693605516054867	0.06989287111984696	-0.06989287111984883
Cytoplasm_Texture_InfoMeas1_ER_3_03_256	0.015961122662433325	0.0007513706310192294	0.07753172778738339	-0.07753172778738547
Cytoplasm_Texture_InfoMeas1_Hoechst_3_00_256	0.019455365809086578	0.0004432076511137725	0.1646034472192859	-0.16460344721929032
Cytoplasm_Texture_InfoMeas1_Hoechst_3_01_256	0.014107045607607338	0.00038661050442414797	0.13577449918003248	-0.13577449918003612
Cytoplasm_Texture_InfoMeas1_Hoechst_3_02_256	0.018464612036709682	0.0004540154489134123	0.16054672288521055	-0.16054672288521485
Cytoplasm_Texture_InfoMeas1_Hoechst_3_03_256	0.015414061335648044	0.00045530570776057636	0.1393613173138153	-0.139361317313819
Cytoplasm_Texture_InfoMeas1_Mitochondria_3_00_256	0.018335308875810474	0.0007654961038821036	0.11398804605385793	-0.11398804605386097
Cytoplasm_Texture_InfoMeas1_Mitochondria_3_01_256	0.015359820595197804	0.0006799523677114762	0.10364754251671116	-0.10364754251671394
Cytoplasm_Texture_InfoMeas1_Mitochondria_3_02_256	0.021392476720361486	0.0008407426368505958	0.11236829711244034	-0.11236829711244335
Cytoplasm_Texture_InfoMeas1_Mitochondria_3_03_256	0.013509376072848078	0.0006491631477714955	0.0980621345586852	-0.09806213455868783
Cytoplasm_Texture_InfoMeas1_PM_3_00_256	0.017927328104132334	0.0008242210277979207	0.04401273259060652	-0.044012732590607694
Cytoplasm_Texture_InfoMeas1_PM_3_01_256	0.017255097407583908	0.0007733495118944521	0.025455651337807778	-0.025455651337808458
Cytoplasm_Texture_InfoMeas1_PM_3_02_256	0.019218844168870985	0.0008339871379324016	0.037322390856405055	-0.03732239085640606
Cytoplasm_Texture_InfoMeas1_PM_3_03_256	0.0199260784875529	0.0008162297689610791	0.017762935637962524	-0.017762935637963
Cytoplasm_Texture_InfoMeas2_ER_3_00_256	0.0049126771848547746	-0.0003783656731273066	-0.009836680827790224	0.009836680827790488
Cytoplasm_Texture_InfoMeas2_ER_3_01_256	0.006712763854226367	-0.00042487308322882453	-0.0025314125561768795	0.002531412556176947
Cytoplasm_Texture_InfoMeas2_ER_3_02_256	0.004882298863046475	-0.00036864785343790715	-0.0023693921606243963	0.0023693921606244596
Cytoplasm_Texture_InfoMeas2_ER_3_03_256	0.007616745394412261	-0.0004897329242779001	-0.015326764371664109	0.01532676437166452
Cytoplasm_Texture_InfoMeas2_Hoechst_3_00_256	0.07444166605247737	0.00024193756212095814	-0.24989811732929634	0.24989811732930303
Cytoplasm_Texture_InfoMeas2_Hoechst_3_01_256	0.06123487769565261	0.00017223619308974134	-0.22037675407965324	0.22037675407965912
Cytoplasm_Texture_InfoMeas2_Hoechst_3_02_256	0.07652659713321175	0.00026699717629588793	-0.25058430912953467	0.2505843091295414
Cytoplasm_Texture_InfoMeas2_Hoechst_3_03_256	0.05921558660007653	0.00014893341033939613	-0.21927494717812718	0.21927494717813303
Cytoplasm_Texture_InfoMeas2_Mitochondria_3_00_256	0.00640883176450191	-9.776334836407701e-05	-0.08639412719268853	0.08639412719269085
Cytoplasm_Texture_InfoMeas2_Mitochondria_3_01_256	0.007367356498908739	-0.0001278743158994538	-0.09244785969683908	0.09244785969684154
Cytoplasm_Texture_InfoMeas2_Mitochondria_3_02_256	0.006323742790735554	-0.000156131577919325	-0.08898561130806162	0.088985611308064
Cytoplasm_Texture_InfoMeas2_Mitochondria_3_03_256	0.006901307719712535	-0.00013505784093225412	-0.0903285475349915	0.09032854753499393
Cytoplasm_Texture_InfoMeas2_PM_3_00_256	0.007154128164812645	-0.0003336567774556911	-0.0945660996214481	0.09456609962145063
Cytoplasm_Texture_InfoMeas2_PM_3_01_256	0.0063269792561703175	-0.00035702739591325704	-0.08744131229321411	0.08744131229321646
Cytoplasm_Texture_InfoMeas2_PM_3_02_256	0.006801468631617902	-0.00028538055227654135	-0.0946630805504256	0.09466308055042813
Cytoplasm_Texture_InfoMeas2_PM_3_03_256	0.0068059148886032705	-0.00042299123630700966	-0.08427813827717792	0.08427813827718017
Cytoplasm_Texture_InverseDifferenceMoment_Actin_3_02_256	0.09374530217487209	-0.0008535348854467413	-0.21193814674913142	0.21193814674913705
Cytoplasm_Texture_InverseDifferenceMoment_ER_3_00_256	0.006467816748694344	-0.0002559353033936141	-0.07418376046125212	0.07418376046125409
Cytoplasm_Texture_InverseDifferenceMoment_ER_3_01_256	0.007257321287279295	-0.0003067066807999185	-0.07490456549781466	0.07490456549781667
Cytoplasm_Texture_InverseDifferenceMoment_ER_3_02_256	0.006524591282896064	-0.00029386398356247024	-0.07175949661116243	0.07175949661116436
Cytoplasm_Texture_InverseDifferenceMoment_ER_3_03_256	0.005225222558779885	-0.0002483658343407072	-0.06464147107211889	0.06464147107212062
Cytoplasm_Texture_InverseDifferenceMoment_Hoechst_3_02_256	0.02871162994663279	-0.0004111456892413143	0.12915405568416097	-0.1291540556841644
Cytoplasm_Texture_InverseDifferenceMoment_Mitochondria_3_00_256	0.06481045654871664	-0.0013251118731921736	0.013382025668468543	-0.013382025668468904
Cytoplasm_Texture_InverseDifferenceMoment_Mitochondria_3_01_256	0.07176243442119434	-0.0013213948136463396	0.027749303407070006	-0.027749303407070748
Cytoplasm_Texture_InverseDifferenceMoment_Mitochondria_3_02_256	0.07088627480005738	-0.0013563016087146497	0.021514465090007276	-0.021514465090007852
Cytoplasm_Texture_InverseDifferenceMoment_Mitochondria_3_03_256	0.06876407824824105	-0.0012508461737549864	0.04300755682012182	-0.04300755682012297
Cytoplasm_Texture_InverseDifferenceMoment_PM_3_00_256	0.048031076840277964	-0.000507895397849334	0.1509889941530994	-0.15098899415310346
Cytoplasm_Texture_InverseDifferenceMoment_PM_3_01_256	0.055901507159805686	-0.0005207746415051501	0.1660010889328592	-0.16600108893286364
Cytoplasm_Texture_InverseDifferenceMoment_PM_3_02_256	0.05389843186553045	-0.0005708984529947728	0.1559728429551418	-0.15597284295514593
Cytoplasm_Texture_InverseDifferenceMoment_PM_3_03_256	0.054379005138279424	-0.00048739823025187426	0.1685581607448712	-0.16855816074487573
Cytoplasm_Texture_SumEntropy_ER_3_01_256	0.00508500535093559	-0.00013504478590356894	0.050905984139771154	-0.050905984139772514
Cytoplasm_Texture_SumEntropy_PM_3_01_256	0.020183489182176495	6.306684664805785e-05	-0.13127004413857646	0.13127004413857996
Cytoplasm_Texture_SumVariance_ER_3_01_256	0.012046146686584769	-0.0007052027567331955	-0.02702284445210886	0.027022844452109583
Cytoplasm_Texture_SumVariance_Hoechst_3_00_256	0.02796625430588129	0.00012163946561863701	-0.14554340433919088	0.1455434043391948
Cytoplasm_Texture_SumVariance_Mitochondria_3_03_256	0.01268548179531137	0.0005596004402511583	-0.05058815786573098	0.05058815786573234
Cytoplasm_Texture_SumVariance_PM_3_01_256	0.00757933010422851	-9.301091883098485e-05	-0.10149549958371026	0.10149549958371297
Cells_AreaShape_Compactness	0.010615781052911943	-0.00032625809945405486	0.05352872323212064	-0.05352872323212207
Cells_AreaShape_Extent	0.0012617229063134339	0.0002075624400071934	0.015491292752490601	-0.015491292752491014
Cells_AreaShape_FormFactor	0.007003616069636953	0.00026125309615520844	-0.05437401036808419	0.054374010368085646
Cells_AreaShape_Orientation	0.00018011086272295973	-8.690423057147426e-05	-0.0069522747434510035	0.006952274743451189
Cells_AreaShape_Solidity	0.0029726942039569604	0.00022583487046223076	-0.020546750782960622	0.020546750782961174
Cells_AreaShape_Zernike_0_0	0.002386435250124941	0.0002414781267285434	0.044778260537803524	-0.044778260537804725
Cells_AreaShape_Zernike_1_1	0.0007718150288602565	0.00017982050668812768	0.016119425220945057	-0.016119425220945487
Cells_AreaShape_Zernike_2_0	0.0018476674124318082	0.00023531678920556075	0.0023899585898185917	-0.002389958589818656
Cells_AreaShape_Zernike_2_2	0.00015920848494443973	4.6546559950009386e-05	-0.007259065852232845	0.007259065852233039
Cells_AreaShape_Zernike_3_1	3.7646708744953905e-05	3.56580558040823e-05	0.005908416773633849	-0.005908416773634007
Cells_AreaShape_Zernike_3_3	0.0013676685517165499	0.00024007156856250034	0.010284474647127766	-0.01028447464712804
Cells_AreaShape_Zernike_4_0	8.835506671001081e-05	-2.988445561580491e-05	0.006416970808570142	-0.006416970808570313
Cells_AreaShape_Zernike_4_2	0.0008394622906492399	-8.655020135826453e-06	-0.03200100680506328	0.03200100680506414
Cells_AreaShape_Zernike_4_4	0.002903644076587053	7.398349958333529e-05	-0.051296756690029005	0.05129675669003037
Cells_AreaShape_Zernike_5_1	0.00010686022410555385	2.6233838418665624e-05	0.012198437469748781	-0.012198437469749107
Cells_AreaShape_Zernike_5_3	0.00017148998042026964	6.60278629178026e-05	0.014391074527418706	-0.01439107452741909
Cells_AreaShape_Zernike_5_5	0.0006238126827442514	0.00016509062205814456	0.011751265506723473	-0.011751265506723787
Cells_AreaShape_Zernike_6_0	4.113673663652673e-05	-1.0239113127386148e-05	-0.0074933507701832325	0.007493350770183433
Cells_AreaShape_Zernike_6_2	0.00040051499757742803	-2.4636944551576195e-05	0.01923278333744389	-0.019232783337444402
Cells_AreaShape_Zernike_6_4	0.0005150700369689343	-0.00011810782365849595	0.005318187472754464	-0.0053181874727546066
Cells_AreaShape_Zernike_6_6	0.0038220156230133195	0.00020099802398229575	-0.04209747177719076	0.042097471777191885
Cells_AreaShape_Zernike_7_1	0.0007029192275049834	2.9968517903593748e-05	0.030382171133623126	-0.030382171133623945
Cells_AreaShape_Zernike_7_3	0.0003424895831278807	-1.3276232696374044e-05	0.01872960637432524	-0.01872960637432574
Cells_AreaShape_Zernike_7_5	2.6539868167474445e-05	2.515837908532742e-05	0.0056685826126361746	-0.005668582612636326
Cells_AreaShape_Zernike_7_7	0.00047912287741680437	0.00013807504602784889	0.004310608419058544	-0.004310608419058658
Cells_AreaShape_Zernike_8_0	0.0003808537637436382	7.818586511105134e-05	0.022931429417509863	-0.022931429417510474
Cells_AreaShape_Zernike_8_2	0.000736924836813313	-3.344727849328671e-05	0.025888913848162755	-0.02588891384816345
Cells_AreaShape_Zernike_8_4	0.00025873974953039003	3.827456403853265e-05	-0.013060215147763135	0.013060215147763485
Cells_AreaShape_Zernike_8_6	7.811388983203216e-05	-4.987667280360188e-05	0.0006426231780704865	-0.0006426231780705037
Cells_AreaShape_Zernike_8_8	0.0050471164939344115	0.0002582005563151671	-0.04339007219610577	0.04339007219610693
Cells_AreaShape_Zernike_9_1	4.6198500374572404e-05	2.465260488127884e-06	0.007384257092891344	-0.007384257092891542
Cells_AreaShape_Zernike_9_3	0.00021608135411965712	8.954296301722943e-05	0.01259294605708624	-0.012592946057086576
Cells_AreaShape_Zernike_9_5	0.0001623325625612626	4.4196576025291656e-06	-0.013376649805291737	0.013376649805292094
Cells_AreaShape_Zernike_9_7	3.735677920158054e-05	-2.7840251841016294e-05	0.002349508510587024	-0.002349508510587087
Cells_AreaShape_Zernike_9_9	0.0008660060406442405	9.721408109753501e-05	-0.019809329181957068	0.0198093291819576
Cells_Correlation_Correlation_ER_Hoechst	0.041354063433404975	-0.0005335922119749017	-0.23344741128393082	0.23344741128393706
Cells_Correlation_Correlation_ER_PM	0.02950105032134409	-0.00048034671463158864	-0.19458736795171294	0.19458736795171816
Cells_Correlation_Correlation_Hoechst_PM	0.031634364850247176	-0.0004069128492936644	-0.21550931032306064	0.21550931032306642
Cells_Correlation_K_Hoechst_PM	0.02533786005853167	-0.0008560153626911347	0.04374380026776934	-0.04374380026777051
Cells_Correlation_Overlap_Hoechst_PM	0.037060821681945244	0.00014897061062555525	-0.1964273704584626	0.19642737045846784
Cells_Correlation_RWC_ER_PM	0.029154519420256375	2.1542332481015038e-05	-0.17329134158299683	0.17329134158300144
Cells_Correlation_RWC_Hoechst_ER	0.022314897172334813	0.0002278645766662982	-0.15068702486776495	0.15068702486776897
Cells_Correlation_RWC_Hoechst_PM	0.002451010581761892	-0.00018664845275614202	0.023781020171871683	-0.02378102017187232
Cells_Correlation_RWC_PM_Actin	0.005646189069355212	0.00029725628836499055	-0.024040303466004234	0.024040303466004876
Cells_Correlation_RWC_PM_ER	0.02409844189046151	0.00031525425258432325	-0.1394020794804632	0.13940207948046693
Cells_Correlation_RWC_PM_Mitochondria	0.037091208583007185	0.00043214468507758464	-0.16742518669086717	0.16742518669087164
Cells_Granularity_1_ER	0.0009475358345308882	0.0001492289210627258	-0.0209973302654764	0.02099733026547696
Cells_Granularity_1_Hoechst	0.040186525157797526	-2.539463585005845e-05	0.22515926676515363	-0.22515926676515965
Cells_Granularity_2_Hoechst	0.017944383521822704	7.043433560315368e-05	-0.12977782388322262	0.12977782388322606
Cells_Intensity_IntegratedIntensityEdge_Actin	0.13221854704955094	0.0003386004846688117	0.4124558278767114	-0.4124558278767224
Cells_Intensity_IntegratedIntensityEdge_ER	0.0655340567892897	-0.000297810898187195	0.25802586057029103	-0.2580258605702979
Cells_Intensity_IntegratedIntensityEdge_Hoechst	0.0005265759174596374	-3.0252178644457484e-05	0.024901857512453864	-0.024901857512454526
Cells_Intensity_IntegratedIntensityEdge_Mitochondria	0.012265160798381691	0.00039715645028945456	0.13438308301152943	-0.134383083011533
Cells_Intensity_IntegratedIntensityEdge_PM	0.0080505421540229	-0.00038451435416700407	0.047392282518605944	-0.04739228251860721
Cells_Intensity_IntegratedIntensity_Hoechst	0.0014975722584305018	-0.00024152729928326842	0.0007188195897291554	-0.0007188195897291746
Cells_Intensity_LowerQuartileIntensity_PM	0.014496961058001578	0.00030182113642068727	-0.10073515662059293	0.10073515662059562
Cells_Intensity_MADIntensity_Hoechst	0.023598461052905972	0.00044990720876885977	-0.12066845676644633	0.12066845676644955
Cells_Intensity_MADIntensity_PM	0.027049133286095484	7.728804421344459e-05	-0.16501360927943431	0.1650136092794387
Cells_Intensity_MassDisplacement_Hoechst	0.006985147498048461	-0.00044669927213352015	-0.0038803077766662013	0.003880307776666305
Cells_Intensity_MaxIntensityEdge_ER	0.01571226582913543	-0.0005931783776938282	0.027619399249231125	-0.027619399249231867
Cells_Intensity_MaxIntensityEdge_Hoechst	0.046758970935260824	0.0004424032969123264	-0.17876098499684157	0.17876098499684634
Cells_Intensity_MaxIntensityEdge_Mitochondria	0.012996893242248175	0.000656583731551759	-0.008635268590716439	0.00863526859071667
Cells_Intensity_MaxIntensityEdge_PM	0.01141422138941639	-6.778336224143249e-05	-0.11903199111542564	0.11903199111542882
Cells_Intensity_MaxIntensity_Hoechst	0.09700666956966042	0.00028705867455837696	-0.3129620961637325	0.3129620961637409
Cells_Intensity_MedianIntensity_Hoechst	0.004327888794220636	0.00018551247339256466	-0.04773605803434333	0.04773605803434461
Cells_Intensity_StdIntensityEdge_Mitochondria	0.029896190199382833	0.0008649386273232746	-0.05269959180922684	0.052699591809228244
Cells_Intensity_StdIntensityEdge_PM	0.01556690319873677	2.115137935270072e-05	-0.12926460060990605	0.12926460060990952
Cells_Intensity_UpperQuartileIntensity_Hoechst	0.04669646214482448	0.0005561757467021906	-0.1676596728988128	0.16765967289881728
Cells_Neighbors_AngleBetweenNeighbors_Adjacent	0.0016941948533810702	0.00016396210692379875	0.04682565500213781	-0.046825655002139074
Cells_Neighbors_FirstClosestDistance_Adjacent	0.08078169888261266	-0.000908866480479469	0.1260489688362684	-0.12604896883627176
Cells_Neighbors_PercentTouching_Adjacent	0.011912404993672077	0.0004506413669980932	-0.05691762509577593	0.05691762509577744
Cells_Neighbors_SecondClosestDistance_Adjacent	0.08432344085398091	-0.0009788959439517375	0.09879068696318394	-0.09879068696318657
Cells_RadialDistribution_FracAtD_ER_3of4	0.018634005392843322	-0.00010763761452138597	-0.15172251670087805	0.1517225167008821
Cells_RadialDistribution_FracAtD_ER_4of4	0.01855855352225233	0.00015048385471274183	0.15286427235067532	-0.15286427235067943
Cells_RadialDistribution_FracAtD_Hoechst_1of4	0.0014241768328513427	9.904965530602802e-05	-0.027368987828283696	0.027368987828284428
Cells_RadialDistribution_FracAtD_Hoechst_2of4	0.004710166336983734	0.0001274097816534121	-0.056576946593977925	0.05657694659397944
Cells_RadialDistribution_FracAtD_Hoechst_3of4	0.012819409080056632	0.0001991500956582406	-0.08987205023447573	0.08987205023447813
Cells_RadialDistribution_FracAtD_Hoechst_4of4	0.010875591084578695	-0.00019700533680284404	0.08412842265331019	-0.08412842265331244
Cells_RadialDistribution_FracAtD_PM_1of4	0.00024774904817748133	5.813346326196703e-05	-0.008148513041351689	0.008148513041351908
Cells_RadialDistribution_FracAtD_PM_3of4	0.009029998438661813	0.00012132256507479315	-0.0812666916293061	0.08126669162930826
Cells_RadialDistribution_FracAtD_PM_4of4	0.004408679147104189	-0.00010659061431543262	0.05530713569964961	-0.055307135699651094
Cells_RadialDistribution_MeanFrac_ER_4of4	0.016427184018037444	0.00042990458212353974	0.1593446953947125	-0.15934469539471677
Cells_RadialDistribution_MeanFrac_Hoechst_1of4	0.0009377955947019734	-2.360466793587739e-05	-0.029135525928642998	0.029135525928643775
Cells_RadialDistribution_MeanFrac_Hoechst_2of4	0.002014034506534035	-4.225137330740142e-05	-0.04151653749224891	0.04151653749225002
Cells_RadialDistribution_MeanFrac_Hoechst_3of4	0.0007661616863453569	-2.4835487596950936e-05	-0.025393722365800023	0.025393722365800703
Cells_RadialDistribution_MeanFrac_Hoechst_4of4	0.010341412275909456	-0.00011969606787305783	0.09149560927487382	-0.09149560927487627
Cells_RadialDistribution_MeanFrac_PM_1of4	0.0005454622571515744	-0.00012418617803699666	-0.014635649914706582	0.01463564991470697
Cells_RadialDistribution_MeanFrac_PM_3of4	0.0009955652012649807	-0.00015485929858083988	-0.01988824970214056	0.019888249702141092
Cells_RadialDistribution_MeanFrac_PM_4of4	0.0019288032721720416	0.0001423839401584542	0.048068349366280835	-0.04806834936628211
Cells_RadialDistribution_RadialCV_Actin_1of4	0.00582861941520485	0.00032922308295757344	0.10163337501977904	-0.10163337501978176
Cells_RadialDistribution_RadialCV_Actin_2of4	0.0033720645335876265	0.00019931254636250308	0.07541259033656698	-0.075412590336569
Cells_RadialDistribution_RadialCV_Actin_3of4	0.0022505368114699165	0.00018690098752248264	0.060088444163933566	-0.06008844416393516
Cells_RadialDistribution_RadialCV_Actin_4of4	0.0013422274175773907	0.00014179204787551116	0.046060767631960695	-0.04606076763196192
Cells_RadialDistribution_RadialCV_ER_1of4	0.010256881801638973	0.0001282809778822951	0.1341414188480474	-0.13414141884805098
Cells_RadialDistribution_RadialCV_ER_2of4	0.009159734777859252	7.098603592281643e-05	0.11871617943984827	-0.11871617943985147
Cells_RadialDistribution_RadialCV_ER_3of4	0.005714096291606352	-0.00011205485236046084	0.07548109540207397	-0.07548109540207598
Cells_RadialDistribution_RadialCV_ER_4of4	0.007436147277020799	-0.0005587243177427512	-0.036236914158180485	0.036236914158181456
Cells_RadialDistribution_RadialCV_Hoechst_1of4	0.0005593844444563567	-0.00013990877395176585	-0.01768346068418272	0.01768346068418319
Cells_RadialDistribution_RadialCV_Hoechst_2of4	0.0010019609985245648	-0.00013185698377701614	-0.03315679840818575	0.03315679840818664
Cells_RadialDistribution_RadialCV_Hoechst_3of4	0.0055344706222213436	-2.0890805258816196e-05	-0.07401450347014732	0.07401450347014929
Cells_RadialDistribution_RadialCV_Hoechst_4of4	0.015850185961293617	9.376611429129443e-05	-0.1167338967864626	0.11673389678646569
Cells_RadialDistribution_RadialCV_Mitochondria_1of4	0.004814823491921416	0.00024253621860274624	0.08931527821067081	-0.0893152782106732
Cells_RadialDistribution_RadialCV_Mitochondria_2of4	0.0016761494600305848	0.0002009445316257957	0.04554708585117248	-0.0455470858511737
Cells_RadialDistribution_RadialCV_Mitochondria_3of4	0.00033285681307859694	0.00011608417799587953	0.007405904923177829	-0.007405904923178027
Cells_RadialDistribution_RadialCV_Mitochondria_4of4	0.0005169289822657408	2.259924643367973e-05	-0.02156355343336586	0.021563553433366436
Cells_RadialDistribution_RadialCV_PM_1of4	0.0006308783050270605	-7.991431161837789e-05	0.017706296023347907	-0.01770629602334838
Cells_RadialDistribution_RadialCV_PM_2of4	0.0009304352429584384	-0.00018204843150553256	-0.010332183394893968	0.010332183394894244
Cells_RadialDistribution_RadialCV_PM_3of4	0.002624238520752775	-0.00027426379888879904	-0.04294045918077798	0.04294045918077913
Cells_RadialDistribution_RadialCV_PM_4of4	0.003601170351441696	-0.00036476424324503057	-0.039605527889773666	0.03960552788977472
Cells_Texture_AngularSecondMoment_ER_3_03_256	0.003822182190365231	-0.00011940329276073052	-0.0455715828090692	0.04557158280907042
Cells_Texture_AngularSecondMoment_Hoechst_3_01_256	0.02157046046722111	-0.0004994480851192764	0.07756178122312173	-0.0775617812231238
Cells_Texture_AngularSecondMoment_Mitochondria_3_03_256	0.013308225809007923	-0.00034414819477881906	0.04572969177020361	-0.045729691770204826
Cells_Texture_AngularSecondMoment_PM_3_01_256	0.027785845989406477	-0.00021133156324476345	0.05625335349589969	-0.0562533534959012
Cells_Texture_Contrast_Hoechst_3_00_256	0.06593474371781494	0.0003262069153146313	-0.23990149603860456	0.23990149603861097
Cells_Texture_Contrast_Hoechst_3_02_256	0.06561006544306647	0.0003152985519936235	-0.24757144501336564	0.24757144501337222
Cells_Texture_Contrast_Mitochondria_3_03_256	0.02558441096397468	0.0009146251335376574	-0.033652220258037636	0.03365222025803854
Cells_Texture_Contrast_PM_3_01_256	0.023246093847698046	0.00011306205978773686	-0.15019835946350676	0.1501983594635108
Cells_Texture_Contrast_PM_3_03_256	0.02380856621472771	0.00013090533777558418	-0.1441364185473083	0.14413641854731216
Cells_Texture_Correlation_Actin_3_00_256	0.011191140259734556	-3.790404931736634e-06	0.07032872912461019	-0.07032872912461208
Cells_Texture_Correlation_Actin_3_01_256	0.012606000761056113	-4.873069628915214e-05	0.07930458961203476	-0.07930458961203689
Cells_Texture_Correlation_Actin_3_02_256	0.013343844621287015	-4.172761891278302e-05	0.07330195120734836	-0.07330195120735032
Cells_Texture_Correlation_Actin_3_03_256	0.01614502543494889	-7.697357786505211e-05	0.08758519381215807	-0.0875851938121604
Cells_Texture_Correlation_ER_3_00_256	0.004642428795640252	-0.0004132758527763627	-0.0073594863243560404	0.007359486324356239
Cells_Texture_Correlation_ER_3_01_256	0.004848668786015642	-0.00042386390374795816	-0.0063538311676965015	0.0063538311676966715
Cells_Texture_Correlation_ER_3_03_256	0.004889588784768417	-0.00043358705673262064	-0.009748056483740287	0.009748056483740546
Cells_Texture_Correlation_Hoechst_3_03_256	8.562060298455965e-05	-3.841643599872001e-05	-0.010121410742822086	0.010121410742822355
Cells_Texture_Correlation_Mitochondria_3_00_256	0.009032100154382272	-0.0001672364962696513	-0.10650241929786919	0.10650241929787202
Cells_Texture_Correlation_Mitochondria_3_01_256	0.007732618588850104	-0.00021987721672797497	-0.09979166089061106	0.09979166089061371
Cells_Texture_Correlation_Mitochondria_3_02_256	0.010212212152939104	-0.00018540035916914194	-0.11287425398978634	0.11287425398978936
Cells_Texture_Correlation_Mitochondria_3_03_256	0.008042585275606307	-0.00022855400582894188	-0.10316194871815285	0.1031619487181556
Cells_Texture_Correlation_PM_3_01_256	0.00480780271757264	-0.0003940638548393777	-0.050789846643126677	0.05078984664312804
Cells_Texture_Correlation_PM_3_03_256	0.0053302321485376725	-0.00041674395597783646	-0.05180182193627737	0.05180182193627876
Cells_Texture_DifferenceEntropy_Hoechst_3_02_256	0.09207080941257773	0.0006768372025634544	-0.25681000964580636	0.25681000964581324
Cells_Texture_DifferenceEntropy_PM_3_01_256	0.05286438099490032	0.00031281039264212585	-0.18811274607334283	0.18811274607334788
Cells_Texture_DifferenceEntropy_PM_3_03_256	0.052714859084009524	0.0003269979321593149	-0.18639521253117125	0.18639521253117625
Cells_Texture_DifferenceVariance_Hoechst_3_01_256	0.09132037092607714	-0.0006617252816079395	0.25880056794941503	-0.25880056794942197
Cells_Texture_DifferenceVariance_Mitochondria_3_03_256	0.01272301979353585	-0.0003955574276903798	0.035568616663825305	-0.035568616663826255
Cells_Texture_DifferenceVariance_PM_3_03_256	0.039673099160818626	-6.216134977124809e-05	0.1361072985011476	-0.13610729850115127
Cells_Texture_InfoMeas1_ER_3_00_256	0.018998181223102484	0.0007730599367706903	0.09353829144118556	-0.09353829144118807
Cells_Texture_InfoMeas1_ER_3_01_256	0.017246458840118217	0.0007237673653920769	0.0893522835850514	-0.08935228358505379
Cells_Texture_InfoMeas1_ER_3_03_256	0.020179320594201022	0.0007756522383951711	0.09960948442983777	-0.09960948442984043
Cells_Texture_InfoMeas1_Hoechst_3_03_256	0.005126627244659732	0.00039847585370886675	-0.003548785040771495	0.00354878504077159
Cells_Texture_InfoMeas1_Mitochondria_3_00_256	0.02593776469053266	0.0008965026291317623	0.13042298589293444	-0.1304229858929379
Cells_Texture_InfoMeas1_Mitochondria_3_01_256	0.02311738851087186	0.0008454431298891836	0.11424715712671993	-0.114247157126723
Cells_Texture_InfoMeas1_Mitochondria_3_02_256	0.02931660822872484	0.0009578988901348214	0.126756847036799	-0.12675684703680234
Cells_Texture_InfoMeas1_Mitochondria_3_03_256	0.02116401199097495	0.0008190457063232971	0.10769011928426331	-0.10769011928426621
Cells_Texture_InfoMeas1_PM_3_00_256	0.02036611452634185	0.0007168044240995452	-0.006049399516263499	0.0060493995162636625
Cells_Texture_InfoMeas1_PM_3_01_256	0.020614263671978383	0.0007115372476189576	-0.008776548967549093	0.008776548967549327
Cells_Texture_InfoMeas1_PM_3_02_256	0.022739170779632722	0.0007539424529569478	-0.00386967878832981	0.0038696787883299127
Cells_Texture_InfoMeas1_PM_3_03_256	0.021684939172429196	0.00073623572315268	-0.005864132832365861	0.005864132832366018
Cells_Texture_InfoMeas2_Hoechst_3_02_256	0.018993301631176518	0.00015484533933660314	-0.12378254721576185	0.12378254721576515
Cells_Texture_InverseDifferenceMoment_Hoechst_3_01_256	0.04775255851927118	-0.0005423992024470739	0.17564534822843478	-0.17564534822843947
Cells_Texture_InverseDifferenceMoment_Mitochondria_3_00_256	0.07874952915031597	-0.0013783021822089856	0.04466836800105646	-0.04466836800105765
Cells_Texture_InverseDifferenceMoment_Mitochondria_3_02_256	0.08347264876104177	-0.0014144477936930962	0.04638947734036497	-0.046389477340366206
Cells_Texture_SumVariance_PM_3_01_256	0.02092609917383159	-0.00023379257445696943	-0.1734695950129166	0.17346959501292122
Cells_Texture_Variance_Hoechst_3_00_256	0.10396341201131654	0.0004345957518617391	-0.2978427498528212	0.29784274985282916
Nuclei_AreaShape_Compactness	0.016742280995283743	0.00014586208593430426	-0.14856197046692393	0.1485619704669279
Nuclei_AreaShape_Eccentricity	0.02201023781688194	0.00022725104146311848	-0.12864215517623145	0.12864215517623492
Nuclei_AreaShape_Extent	0.028054389707337424	-0.0002814320664920769	0.15534256338446034	-0.15534256338446448
Nuclei_AreaShape_FormFactor	0.03320007643457468	-0.0002485905219177282	0.18639902554828292	-0.1863990255482879
Nuclei_AreaShape_Orientation	0.00012921196174608962	6.413709524145943e-05	-0.0008463853181031253	0.000846385318103148
Nuclei_AreaShape_Solidity	0.028505497925062073	-0.00023660228663447444	0.18147036846867132	-0.18147036846867617
Nuclei_AreaShape_Zernike_0_0	0.05010478971838317	-0.000264155015455808	0.2048262686177703	-0.20482626861777578
Nuclei_AreaShape_Zernike_1_1	0.0007167413430584357	0.00016129144864624633	-0.00014408493543130387	0.0001440849354313077
Nuclei_AreaShape_Zernike_2_0	0.0053272843748368715	0.00014208766391843612	-0.0572347746292476	0.05723477462924914
Nuclei_AreaShape_Zernike_2_2	0.002823915915234121	0.00013373142696090752	-0.040528086950052805	0.04052808695005388
Nuclei_AreaShape_Zernike_3_1	0.00926303389156058	0.0002254428765390747	-0.08395220704479804	0.08395220704480029
Nuclei_AreaShape_Zernike_3_3	0.0069452827527412	0.0001122144803555121	-0.08426098940667909	0.08426098940668134
Nuclei_AreaShape_Zernike_4_0	0.033662935835256036	-0.00025967690127606905	0.16781205575356825	-0.16781205575357275
Nuclei_AreaShape_Zernike_4_2	0.04354531538728024	0.0001791777920741059	-0.20455634545534268	0.20455634545534815
Nuclei_AreaShape_Zernike_4_4	0.05000329736895093	0.00018148796417597298	-0.21570669754321203	0.2157066975432178
Nuclei_AreaShape_Zernike_5_1	0.0023002243030718628	0.00010592771233346927	0.05788015689098555	-0.057880156890987106
Nuclei_AreaShape_Zernike_5_3	0.0005538556489097513	0.00015754486654002284	0.014993684508038358	-0.014993684508038759
Nuclei_AreaShape_Zernike_5_5	0.01120751509015605	7.416213722592602e-05	-0.11319372511011724	0.11319372511012026
Nuclei_AreaShape_Zernike_6_0	0.0035023444203625687	-0.0001080835223112089	-0.06863065212149239	0.06863065212149422
Nuclei_AreaShape_Zernike_6_2	0.004198187610181092	-5.488226113542593e-05	0.06326902781349605	-0.06326902781349775
Nuclei_AreaShape_Zernike_6_4	0.0214720099845378	-0.00011969471830791527	0.1455863795397894	-0.1455863795397933
Nuclei_AreaShape_Zernike_6_6	0.06437928449181862	0.0001673568895761122	-0.25385379750541315	0.2538537975054199
Nuclei_AreaShape_Zernike_7_1	0.0010021405028957098	0.00018046826393024502	-0.0019164147021714898	0.0019164147021715411
Nuclei_AreaShape_Zernike_7_3	0.004427973226205473	0.00028450121771696657	-0.03290625675887718	0.032906256758878066
Nuclei_AreaShape_Zernike_7_5	0.004050054585656548	0.00012113833009042016	-0.0574877312716313	0.05748773127163284
Nuclei_AreaShape_Zernike_7_7	0.01235622493366173	5.3544528325063387e-05	-0.12078037521922197	0.12078037521922519
Nuclei_AreaShape_Zernike_8_0	0.0028422338631982624	-6.194995699404382e-05	-0.06043685526921111	0.06043685526921272
Nuclei_AreaShape_Zernike_8_2	0.00021407584648935885	-9.151952614481932e-05	-0.01130924810906692	0.011309248109067223
Nuclei_AreaShape_Zernike_8_4	0.021424694661335453	0.00019186150138684658	-0.13695298388282076	0.13695298388282443
Nuclei_AreaShape_Zernike_8_6	0.0002269104292221824	4.053218280035271e-06	0.016326403458152908	-0.016326403458153345
Nuclei_AreaShape_Zernike_8_8	0.05601571567756092	0.00018400664892222814	-0.24181874085366944	0.24181874085367586
Nuclei_AreaShape_Zernike_9_1	0.0007057153477615374	4.627996692534121e-05	0.0312873376364971	-0.031287337636497936
Nuclei_AreaShape_Zernike_9_3	0.000413336761639127	4.2967515239260264e-05	0.024268976118008212	-0.024268976118008864
Nuclei_AreaShape_Zernike_9_5	0.003842408739220926	0.00016411726948053327	-0.04872911671227918	0.04872911671228049
Nuclei_AreaShape_Zernike_9_7	0.012368401639333837	4.661767554070363e-05	-0.11779098079356379	0.11779098079356694
Nuclei_AreaShape_Zernike_9_9	0.014907924286617469	0.0002195719320336201	-0.11539715784650051	0.1153971578465036
Nuclei_Correlation_Correlation_ER_Hoechst	0.029684421135319772	0.0003422546693756455	-0.14774238307686163	0.14774238307686557
Nuclei_Correlation_Correlation_ER_PM	0.04653730845590809	0.00031220896862739543	-0.18221778622164875	0.1822177862216536
Nuclei_Correlation_Correlation_Hoechst_PM	0.12606122314093693	-0.00025963970665938795	-0.3996142844972913	0.3996142844973019
Nuclei_Correlation_Costes_PM_Actin	0.07703264989939185	-0.000376735469850361	-0.2906788832563491	0.2906788832563568
Nuclei_Correlation_K_ER_Hoechst	0.04116834043924311	0.00040034830518674103	-0.1356751172363641	0.13567511723636774
Nuclei_Correlation_K_Hoechst_Actin	0.09600731117291117	0.0005991098887943324	0.37369851130029763	-0.3736985113003077
Nuclei_Correlation_K_Hoechst_ER	0.021927656459265532	-0.00046382180371649104	0.1093360360920026	-0.10933603609200553
Nuclei_Correlation_K_Hoechst_Mitochondria	0.006605265420056128	0.0005465345923860374	0.05441377808230738	-0.05441377808230883
Nuclei_Correlation_K_PM_Hoechst	0.04003411040332128	0.0007846331815943298	-0.09471648553142104	0.09471648553142356
Nuclei_Correlation_Overlap_ER_Hoechst	0.029890020460161204	0.00030638642148774663	-0.15358610709022247	0.15358610709022658
Nuclei_Correlation_Overlap_Hoechst_PM	0.0832483736372659	-0.0004659309916458315	-0.3286862364388431	0.32868623643885186
Nuclei_Correlation_RWC_ER_Actin	0.019280441101554358	-0.0002304578366728459	-0.15863358613463083	0.15863358613463505
Nuclei_Correlation_RWC_ER_Hoechst	0.008196342213565244	0.0005332572042409763	0.043694153494913915	-0.04369415349491508
Nuclei_Correlation_RWC_ER_Mitochondria	0.015681983952692047	-0.00042581397218183795	-0.16005571247011738	0.16005571247012165
Nuclei_Correlation_RWC_ER_PM	0.0019419828186795218	4.489584488933155e-05	0.044818387567751694	-0.044818387567752895
Nuclei_Correlation_RWC_Hoechst_Actin	0.0011718192625634893	9.229987129407053e-07	-0.03505714251830561	0.03505714251830655
Nuclei_Correlation_RWC_Hoechst_ER	0.022696755839260563	-0.00010481576479683112	-0.18799961391129133	0.18799961391129635
Nuclei_Correlation_RWC_Hoechst_Mitochondria	0.005307645091113811	0.00010261660491547337	-0.07191174093559942	0.07191174093560135
Nuclei_Correlation_RWC_Hoechst_PM	0.001041896524370589	0.00017424893115344594	0.030335604506928383	-0.030335604506929202
Nuclei_Correlation_RWC_PM_Actin	0.001758653455977588	6.0825838117899905e-05	-0.03615857978373577	0.03615857978373673
Nuclei_Correlation_RWC_PM_ER	0.03831988371169537	-0.00025421623071352124	-0.25487942211307696	0.2548794221130838
Nuclei_Correlation_RWC_PM_Mitochondria	0.01743040303584209	0.00023655654075295022	-0.12853096239603973	0.12853096239604317
Nuclei_Granularity_1_Actin	3.9291079849568256e-05	2.711431596322077e-05	-0.005070770504124181	0.0050707705041243166
Nuclei_Granularity_1_ER	0.0007406621739609598	0.00015120496716335981	-0.014426887569461415	0.0144268875694618
Nuclei_Granularity_1_Hoechst	0.0042545991476719	0.0004197800695744619	0.05863507040399758	-0.05863507040399914
Nuclei_Granularity_1_Mitochondria	0.008754858539554822	0.0006053305113881188	0.10594908606928508	-0.1059490860692879
Nuclei_Intensity_IntegratedIntensityEdge_Hoechst	0.08728055326506168	0.0007659058048046174	-0.25802869746459034	0.2580286974645972
Nuclei_Intensity_IntegratedIntensity_Actin	0.04285627794155977	0.0005648011410192482	0.2703505355819943	-0.2703505355820015
Nuclei_Intensity_IntegratedIntensity_ER	0.0020563481567958952	-0.00026316884183751456	0.005709137483948266	-0.005709137483948418
Nuclei_Intensity_IntegratedIntensity_Hoechst	0.0017680921508429481	0.0001619277747962432	-0.027282642564381947	0.027282642564382675
Nuclei_Intensity_IntegratedIntensity_PM	0.0030264151989475296	-0.00032683555245978754	0.009037068604291718	-0.009037068604291959
Nuclei_Intensity_LowerQuartileIntensity_Hoechst	0.22132537851288325	0.000617577018094152	-0.43205946027882514	0.4320594602788367
Nuclei_Intensity_MADIntensity_Actin	0.04652607392528607	0.0009561556587397291	0.24453512198458305	-0.24453512198458963
Nuclei_Intensity_MADIntensity_Hoechst	0.05711589647275539	0.0001302552213286416	-0.245905867607355	0.24590586760736158
Nuclei_Intensity_MADIntensity_Mitochondria	0.04100598351635931	0.0009370458614794151	-0.09609660927883923	0.0960966092788418
Nuclei_Intensity_MADIntensity_PM	0.03543104941528874	-3.815814263360519e-06	-0.20203135125991079	0.2020313512599162
Nuclei_Intensity_MassDisplacement_ER	0.030333264432986784	0.00020969320469316061	0.22387939205839752	-0.2238793920584035
Nuclei_Intensity_MassDisplacement_Hoechst	0.004821488400016061	6.674240153697498e-05	-0.0771670644114141	0.07716706441141617
Nuclei_Intensity_MassDisplacement_PM	0.0012550960748292095	0.0002213282884236453	0.03529200670491996	-0.03529200670492091
Nuclei_Intensity_MaxIntensityEdge_PM	0.028177104105771678	-0.00011814021221951123	-0.19461081884735149	0.1946108188473567
Nuclei_Intensity_MinIntensity_PM	0.03802871495541349	-0.0003953771037976567	-0.25388576647172256	0.2538857664717294
Nuclei_Intensity_StdIntensityEdge_Actin	0.05196921983509495	0.0009310863989007107	0.25464218068877803	-0.2546421806887848
Nuclei_Intensity_StdIntensityEdge_ER	0.003918278365509287	-0.0003845505211795252	-0.039250267554809475	0.03925026755481052
Nuclei_Intensity_StdIntensityEdge_Hoechst	0.019846929796585866	0.0003946435727091377	-0.11616606533718013	0.11616606533718324
Nuclei_Intensity_StdIntensityEdge_Mitochondria	0.021004327941600676	0.0006399477038623438	-0.0758413907455609	0.07584139074556293
Nuclei_Intensity_StdIntensityEdge_PM	0.015187904481687942	-4.648953690706023e-06	-0.1358897633918862	0.13588976339188982
Nuclei_Neighbors_AngleBetweenNeighbors_Adjacent	0.0016897692636617112	0.00011499429271968548	0.048152752053691905	-0.04815275205369318
Nuclei_Neighbors_FirstClosestDistance_Adjacent	0.05897830262420678	-0.0007550165073611616	0.11762504293732134	-0.11762504293732448
Nuclei_Neighbors_SecondClosestDistance_Adjacent	0.07073415767218805	-0.0008527625145942609	0.11219413628191091	-0.11219413628191391
Nuclei_RadialDistribution_FracAtD_ER_3of4	0.046326939040701065	5.909545696751587e-05	-0.2643883286646671	0.2643883286646742
Nuclei_RadialDistribution_FracAtD_ER_4of4	0.029983000421449413	-7.850021282111963e-07	0.20919661227264708	-0.2091966122726527
Nuclei_RadialDistribution_FracAtD_Hoechst_1of4	0.0021016994481712903	-0.00029346011575072736	-0.04351329405801506	0.043513294058016225
Nuclei_RadialDistribution_FracAtD_Hoechst_2of4	0.002046365313081777	-0.0002711888356041561	-0.048889188973383055	0.048889188973384366
Nuclei_RadialDistribution_FracAtD_Hoechst_3of4	0.007426894014923691	-0.000108781665263934	-0.10598207169915771	0.10598207169916053
Nuclei_RadialDistribution_FracAtD_Hoechst_4of4	0.00414693765669627	0.00025707318494334815	0.08269814824187739	-0.0826981482418796
Nuclei_RadialDistribution_FracAtD_PM_1of4	0.04513880705162132	-1.2614274679249803e-05	0.24733597406830204	-0.24733597406830862
Nuclei_RadialDistribution_FracAtD_PM_2of4	0.05324112270058512	-7.157942541452701e-05	0.2613271966357573	-0.26132719663576426
Nuclei_RadialDistribution_FracAtD_PM_3of4	0.009300833689701027	-3.0257713777278495e-05	-0.11207302618192236	0.11207302618192536
Nuclei_RadialDistribution_FracAtD_PM_4of4	0.02649576063731074	6.202499160343185e-05	-0.1841867523066833	0.18418675230668818
Nuclei_RadialDistribution_MeanFrac_Hoechst_1of4	0.03377771083059167	-0.00012010574636870708	-0.2249817146538005	0.2249817146538065
Nuclei_RadialDistribution_MeanFrac_Hoechst_2of4	0.03817544580762322	-8.836067451300334e-05	-0.23448810385553365	0.23448810385553986
Nuclei_RadialDistribution_MeanFrac_Hoechst_3of4	0.012068976074364635	-0.00016225638441699444	-0.13411421031665405	0.13411421031665763
Nuclei_RadialDistribution_MeanFrac_Hoechst_4of4	0.029181508460422778	0.0001901502871943136	0.2099838208523921	-0.20998382085239772
Nuclei_RadialDistribution_MeanFrac_PM_1of4	0.01086085531266523	0.0002609085326389149	0.13931812615345218	-0.1393181261534559
Nuclei_RadialDistribution_MeanFrac_PM_2of4	0.01209301679167707	0.00023418182309850133	0.139997212434704	-0.13999721243470775
Nuclei_RadialDistribution_MeanFrac_PM_3of4	0.02002339463620717	-8.511062146435417e-05	-0.16719534999050506	0.16719534999050953
Nuclei_RadialDistribution_MeanFrac_PM_4of4	0.008246978725337417	-0.00011676064561974994	-0.11291674028073426	0.11291674028073725
Nuclei_RadialDistribution_RadialCV_Actin_1of4	0.0103251410794587	0.00037850635434937647	0.13822384481419897	-0.13822384481420263
Nuclei_RadialDistribution_RadialCV_Actin_2of4	0.008117136429418581	0.00028382406247350354	0.11738279272619934	-0.11738279272620246
Nuclei_RadialDistribution_RadialCV_Actin_3of4	0.006751906409850128	0.0002867390460811663	0.10473057251874884	-0.10473057251875165
Nuclei_RadialDistribution_RadialCV_Actin_4of4	0.005880649821730977	0.0002501019987531204	0.09631053211297447	-0.09631053211297702
Nuclei_RadialDistribution_RadialCV_ER_1of4	0.02053169871990146	0.0004127346422662789	0.20757876276446802	-0.20757876276447357
Nuclei_RadialDistribution_RadialCV_ER_2of4	0.031420385083438696	0.00047380290426779015	0.24827825079858235	-0.24827825079858898
Nuclei_RadialDistribution_RadialCV_ER_3of4	0.03251029873469413	0.0005019228540632427	0.24580232209242792	-0.2458023220924345
Nuclei_RadialDistribution_RadialCV_ER_4of4	0.009775659190380703	0.0003689756055484853	0.13001854890849068	-0.13001854890849415
Nuclei_RadialDistribution_RadialCV_Hoechst_1of4	0.034732107110828414	9.536890479484428e-05	0.2202862290664524	-0.22028622906645823
Nuclei_RadialDistribution_RadialCV_Hoechst_2of4	0.005670245189899115	0.00012325254121770321	0.09204286733019007	-0.09204286733019251
Nuclei_RadialDistribution_RadialCV_Hoechst_3of4	0.010911124819653728	0.00010180435543885114	-0.10858288529754692	0.10858288529754984
Nuclei_RadialDistribution_RadialCV_Hoechst_4of4	0.011269555049238988	0.0001373048153453125	-0.10806703163206952	0.10806703163207242
Nuclei_RadialDistribution_RadialCV_Mitochondria_1of4	0.01528257243891773	0.0005082346672927936	0.17865930512138062	-0.17865930512138536
Nuclei_RadialDistribution_RadialCV_Mitochondria_2of4	0.01528856605781892	0.0006153689892188411	0.16576067741919417	-0.1657606774191986
Nuclei_RadialDistribution_RadialCV_Mitochondria_3of4	0.0105108169142063	0.000563678415789702	0.12753556874499317	-0.12753556874499655
Nuclei_RadialDistribution_RadialCV_Mitochondria_4of4	0.00464639366143782	0.0003920488728974509	0.07981270639111887	-0.07981270639112101
Nuclei_RadialDistribution_RadialCV_PM_1of4	0.04388503835576352	0.0002927354436631038	0.25478674539469354	-0.2547867453947003
Nuclei_RadialDistribution_RadialCV_PM_2of4	0.051747812124307124	0.00038399376081445653	0.2636548297375367	-0.2636548297375437
Nuclei_RadialDistribution_RadialCV_PM_3of4	0.004715160815877639	0.00039472955237806985	0.06196787069664786	-0.0619678706966495
Nuclei_RadialDistribution_RadialCV_PM_4of4	0.004968961999520016	0.00036421722121964705	-0.019993313062309795	0.01999331306231033
Nuclei_Texture_AngularSecondMoment_ER_3_01_256	0.000939542142454397	-7.588545262998184e-05	-0.0219006965137115	0.021900696513712088
Nuclei_Texture_AngularSecondMoment_Hoechst_3_00_256	0.056614374876013285	-0.0003164028893085691	0.21832111570129675	-0.21832111570130255
Nuclei_Texture_AngularSecondMoment_Mitochondria_3_01_256	0.027703303976949756	-0.0005091033752992317	0.03593205243022674	-0.0359320524302277
Nuclei_Texture_AngularSecondMoment_PM_3_03_256	0.028130027779350253	-8.811544862850713e-05	0.13203660493023173	-0.13203660493023528
Nuclei_Texture_Contrast_ER_3_00_256	0.0027915890062992776	-0.00031299708253840815	-0.04240697445043043	0.04240697445043156
Nuclei_Texture_Contrast_ER_3_01_256	0.002479441051899789	-0.00030755973553357193	-0.03724106729384445	0.037241067293845444
Nuclei_Texture_Contrast_ER_3_02_256	0.002755262249923618	-0.00029963430782659376	-0.04616956166656978	0.04616956166657101
Nuclei_Texture_Contrast_ER_3_03_256	0.0029365751034519105	-0.00032064995224682566	-0.04648506529840378	0.04648506529840503
Nuclei_Texture_Contrast_Hoechst_3_00_256	0.04606278103737804	5.516457485224261e-05	-0.2074057952319613	0.20740579523196687
Nuclei_Texture_Contrast_Hoechst_3_02_256	0.040886934731025115	3.437709633354989e-05	-0.21145461207092098	0.2114546120709266
Nuclei_Texture_Contrast_Mitochondria_3_01_256	0.010208081426745452	0.0005894336536343835	-0.018185619556726224	0.01818561955672671
Nuclei_Texture_Contrast_Mitochondria_3_03_256	0.011324958781661176	0.0005709965834793452	-0.02978712936799703	0.029787129367997826
Nuclei_Texture_Contrast_PM_3_00_256	0.021449094783162592	-0.00015435744813559332	-0.15124665624602993	0.15124665624603395
Nuclei_Texture_Contrast_PM_3_01_256	0.019294404816425303	-0.0001451391744624559	-0.1479549954282716	0.14795499542827553
Nuclei_Texture_Contrast_PM_3_02_256	0.020660719304893882	-9.444873708974068e-05	-0.14713430591840107	0.14713430591840498
Nuclei_Texture_Contrast_PM_3_03_256	0.01967406271546701	-0.00010687327776438959	-0.1372328471470192	0.13723284714702286
Nuclei_Texture_Correlation_Actin_3_00_256	0.010200438144236101	7.925728061428518e-05	0.07751542343450216	-0.07751542343450422
Nuclei_Texture_Correlation_Actin_3_01_256	0.008367407010062555	1.5118471274426393e-05	0.07473442763376525	-0.07473442763376727
Nuclei_Texture_Correlation_Actin_3_02_256	0.0120853108780824	8.415220943122672e-07	0.07780174797428423	-0.0778017479742863
Nuclei_Texture_Correlation_Actin_3_03_256	0.011478441589506727	-4.3322060588403526e-05	0.08248739373834259	-0.08248739373834478
Nuclei_Texture_Correlation_ER_3_00_256	0.0026966143973391477	-0.00031152414377100056	-0.006913511417270047	0.006913511417270233
Nuclei_Texture_Correlation_ER_3_01_256	0.001634780926377255	-0.00026023212815377914	-0.01167697952048985	0.011676979520490162
Nuclei_Texture_Correlation_ER_3_02_256	0.001883453102796917	-0.00026528978909474965	-0.01002649272980037	0.010026492729800636
Nuclei_Texture_Correlation_ER_3_03_256	0.0017051980215911922	-0.00026602841966341965	-0.014341067598510102	0.014341067598510487
Nuclei_Texture_Correlation_Hoechst_3_00_256	0.008909612627205243	-0.00010897697245780854	-0.10442472040893352	0.10442472040893633
Nuclei_Texture_Correlation_Hoechst_3_01_256	0.006518438487873146	-1.4434322973835235e-05	-0.08660477821829643	0.08660477821829873
Nuclei_Texture_Correlation_Hoechst_3_02_256	0.009877525500445405	-2.722373284289492e-05	-0.10436978528430618	0.10436978528430899
Nuclei_Texture_Correlation_Hoechst_3_03_256	0.008231260535145779	-5.918217444513005e-05	-0.10047602276434484	0.10047602276434754
Nuclei_Texture_Correlation_Mitochondria_3_00_256	0.007684802743387675	0.00015825844299133986	-0.06637326812749882	0.06637326812750059
Nuclei_Texture_Correlation_Mitochondria_3_01_256	0.004413843438365372	8.120393677194295e-05	-0.05740442550987887	0.057404425509880404
Nuclei_Texture_Correlation_Mitochondria_3_02_256	0.007917982981415217	0.00010686824072109886	-0.07423197693061641	0.07423197693061838
Nuclei_Texture_Correlation_Mitochondria_3_03_256	0.004157103418645947	7.551189969236189e-05	-0.056393125883046666	0.05639312588304817
Nuclei_Texture_Correlation_PM_3_00_256	0.016323137200542126	-7.894320389547336e-05	0.10137337221164816	-0.10137337221165087
Nuclei_Texture_Correlation_PM_3_01_256	0.01402653091703343	-0.00010202263018447963	0.1015836294675167	-0.1015836294675194
Nuclei_Texture_Correlation_PM_3_02_256	0.01502302244093845	-0.00012214375933246327	0.09485601039033142	-0.09485601039033396
Nuclei_Texture_Correlation_PM_3_03_256	0.014722082062570307	-0.00015135849401078907	0.09805002432981474	-0.09805002432981737
Nuclei_Texture_DifferenceEntropy_ER_3_01_256	0.0006317301708517187	-9.218364496879678e-05	0.009205365956621303	-0.00920536595662155
Nuclei_Texture_DifferenceEntropy_ER_3_03_256	0.0006983592614046019	-7.416544198097201e-05	0.014198294160729524	-0.0141982941607299
Nuclei_Texture_DifferenceEntropy_Mitochondria_3_02_256	0.05480415047159859	0.0010705897948201815	-0.07746058211399251	0.07746058211399458
Nuclei_Texture_DifferenceEntropy_PM_3_00_256	0.03270884513430916	3.5870059105817795e-05	-0.17285108358986473	0.17285108358986934
Nuclei_Texture_DifferenceVariance_Actin_3_01_256	0.054882308025461235	-0.00024692958146125166	-0.07133024734752867	0.07133024734753057
Nuclei_Texture_DifferenceVariance_Mitochondria_3_03_256	0.037898839664178174	-0.0005838821636448904	0.06535650429227409	-0.06535650429227584
Nuclei_Texture_DifferenceVariance_PM_3_03_256	0.027971464270870272	-1.2593508856016822e-06	0.1325779684328476	-0.13257796843285116
Nuclei_Texture_InfoMeas1_ER_3_00_256	0.0066693013186069905	0.0004907373228932684	0.02037432319259851	-0.020374323192599054
Nuclei_Texture_InfoMeas1_ER_3_01_256	0.003166002056781858	0.00034471235687060566	0.02296369753812061	-0.02296369753812122
Nuclei_Texture_InfoMeas1_Hoechst_3_00_256	0.024181979519290464	0.00016824609262959913	0.18036201655394946	-0.18036201655395429
Nuclei_Texture_InfoMeas1_Hoechst_3_01_256	0.04405672386814574	1.2341513906765812e-06	0.22955800051041203	-0.22955800051041816
Nuclei_Texture_InfoMeas1_Hoechst_3_02_256	0.025338201580050734	0.00011797143368520957	0.1803479456728	-0.18034794567280482
Nuclei_Texture_InfoMeas1_Hoechst_3_03_256	0.045605578016262305	3.512540417282005e-05	0.2365790535408448	-0.23657905354085115
Nuclei_Texture_InfoMeas1_Mitochondria_3_01_256	0.0049674229231871925	0.00023415182175417576	0.075626299168588	-0.07562629916859001
Nuclei_Texture_InfoMeas1_Mitochondria_3_02_256	0.005622385623802462	0.00032280210853724345	0.07453301619934337	-0.07453301619934537
Nuclei_Texture_InfoMeas1_Mitochondria_3_03_256	0.004320649370314178	0.000206562812332139	0.0710467276742028	-0.07104672767420471
Nuclei_Texture_InfoMeas1_PM_3_00_256	0.028820031445794148	0.00018133177656337558	-0.1488703309036453	0.14887033090364926
Nuclei_Texture_InfoMeas1_PM_3_01_256	0.013531706023934387	0.0001545542859137359	-0.099814727139585	0.09981472713958767
Nuclei_Texture_InfoMeas1_PM_3_02_256	0.027631765138422804	0.00022779542114211438	-0.14123607996853846	0.14123607996854223
Nuclei_Texture_InfoMeas1_PM_3_03_256	0.015310025032129526	0.0002643395500028756	-0.09321161389102284	0.09321161389102534
Nuclei_Texture_InfoMeas2_ER_3_01_256	0.0020510521688031913	-0.00023787567027781507	-0.006043518019834498	0.00604351801983466
Nuclei_Texture_InfoMeas2_Hoechst_3_01_256	0.05442826318231275	4.688173709756667e-05	-0.24758046876485834	0.24758046876486492
Nuclei_Texture_InfoMeas2_Hoechst_3_03_256	0.05534963412351068	9.555543551803926e-06	-0.2529795401464184	0.25297954014642515
Nuclei_Texture_InfoMeas2_PM_3_01_256	0.003220503582585743	-9.178774958219175e-05	0.03692726167398069	-0.03692726167398167
Nuclei_Texture_InfoMeas2_PM_3_03_256	0.004186218850674606	-0.00017895100364328996	0.03014051228084043	-0.030140512280841233
Nuclei_Texture_InverseDifferenceMoment_Actin_3_02_256	0.08224981011454502	-0.0008777007143015993	-0.20266256142750633	0.20266256142751174
Nuclei_Texture_InverseDifferenceMoment_ER_3_01_256	0.0007139625954766249	-0.0001410706308367898	-0.015764519538678128	0.01576451953867855
Nuclei_Texture_InverseDifferenceMoment_Mitochondria_3_00_256	0.06932973104016937	-0.0011617013755731535	0.08831521306570733	-0.08831521306570968
Nuclei_Texture_InverseDifferenceMoment_PM_3_01_256	0.06732485337913596	-6.247644884927807e-05	0.25040033754743474	-0.25040033754744145
Nuclei_Texture_InverseDifferenceMoment_PM_3_03_256	0.06701215612854705	-8.809222422581506e-05	0.24786096833297555	-0.24786096833298218
Nuclei_Texture_SumVariance_Hoechst_3_03_256	0.02776488140499811	9.5059340906307e-05	-0.1705241835533391	0.17052418355334367
Nuclei_Texture_SumVariance_Mitochondria_3_01_256	0.004488635071721592	0.00030929194071653966	-0.03181883396467166	0.031818833964672506
Nuclei_Texture_SumVariance_PM_3_01_256	0.00877985054735897	-7.182368509406125e-05	-0.10267473290243481	0.10267473290243755
